ScanDateTimeGlasses,Gap,ScanDateTimeFurnace,LineSpeed,ZN01_TOP_Temp,ZN01_BOTTOM_TEMP,ZN01_TOP_OUTPUT,ZN01_BOTTOM_OUTPUT,ZN02_TOP_Temp,ZN02_BOTTOM_TEMP,ZN02_TOP_OUTPUT,ZN02_BOTTOM_OUTPUT,ZN03_TOP_Temp,ZN03_BOTTOM_TEMP,ZN03_TOP_OUTPUT,ZN03_BOTTOM_OUTPUT,ZN04_TOP_Temp,ZN04_BOTTOM_TEMP,ZN04_TOP_OUTPUT,ZN04_BOTTOM_OUTPUT,ZN05_TOP_Temp,ZN05_BOTTOM_TEMP,ZN05_TOP_OUTPUT,ZN05_BOTTOM_OUTPUT,ZN06_TOP_Temp,ZN06_BOTTOM_TEMP,ZN06_TOP_OUTPUT,ZN06_BOTTOM_OUTPUT,ZN07_TOP_Temp,ZN07_BOTTOM_TEMP,ZN07_TOP_OUTPUT,ZN07_BOTTOM_OUTPUT,ZN08_TOP_Temp,ZN08_BOTTOM_TEMP,ZN08_TOP_OUTPUT,ZN08_BOTTOM_OUTPUT,ZN09_E01_TEMP,ZN09_E02_TEMP,ZN09_E03_TEMP,ZN09_E04_TEMP,ZN09_E05_TEMP,ZN09_E06_TEMP,ZN09_E07_TEMP,ZN09_E08_TEMP,ZN09_E09_TEMP,ZN09_E10_TEMP,ZN09_E11_TEMP,ZN09_E12_TEMP,ZN09_BOTTOM_TEMP,ZN09_BOTTOM_OUTPUT,ZN10_E01_TEMP,ZN10_E02_TEMP,ZN10_E03_TEMP,ZN10_E04_TEMP,ZN10_E05_TEMP,ZN10_E06_TEMP,ZN10_E07_TEMP,ZN10_E08_TEMP,ZN10_E09_TEMP,ZN10_E10_TEMP,ZN10_E11_TEMP,ZN10_E12_TEMP,ZN10_BOTTOM_TEMP,ZN10_BOTTOM_OUTPUT,ZN11_E01_TEMP,ZN11_E02_TEMP,ZN11_E03_TEMP,ZN11_E04_TEMP,ZN11_E05_TEMP,ZN11_E06_TEMP,ZN11_E07_TEMP,ZN11_E08_TEMP,ZN11_E09_TEMP,ZN11_E10_TEMP,ZN11_E11_TEMP,ZN11_E12_TEMP,ZN11_BOTTOM_TEMP,ZN11_BOTTOM_OUTPUT,ScanDateTimePress,PressPos_IG,PressPos_OG,ScanDateTimeAirFloat,Temp_Stage1_Element1,Temp_Stage1_Element2,Temp_Stage1_Element3,Temp_Stage1_Element4,Temp_Stage1_Output,Temp_Stage2_Element1,Temp_Stage2_Element2,Temp_Stage2_Element3,Temp_Stage2_Element4,Temp_Stage2_Output,AirPressure_In,AirPressure_Out,ScanDateTimeResistance,GlasTemperature,Resistance1,Resistance2,ScanDateTimeRaytek,Max1Press,Min1Press,Max2Press,Min2Press,Max3Press,Min3Press,Max4Press,Min4Press,Max5Press,Min5Press,Max6Press,Min6Press,Max7Press,Min7Press,Max8Press,Min8Press,Max9Press,Min9Press,MaxRefPress,MinRefPress,Max1Shuttle,Min1Shuttle,Max2Shuttle,Min2Shuttle,Max3Shuttle,Min3Shuttle,Max4Shuttle,Min4Shuttle,Max5Shuttle,Min5Shuttle,Max6Shuttle,Min6Shuttle,Max7Shuttle,Min7Shuttle,Max8Shuttle,Min8Shuttle,Max9Shuttle,Min9Shuttle,MaxRefShuttle,MinRefShuttle,GlassID1 2,TimeID,HUD Value,Classification,
05.11.2021 06:46,14,05.11.2021 06:49,166,524.7,499.1,34.1,77.5,536.5,510.1,43.7,15.8,547.3,514.9,43.9,9.1,567,535,27.3,9.2,594.8,556.6,28.9,0,630.1,600.3,28.8,4.3,635.1,633.1,13,23.7,634.8,634.2,12.7,21,660,664.9,650,637.9,635,632,631.9,636.9,651.9,671.8,680.9,682.9,631.9,12.1,659.9,665.1,650,637.9,635,631.9,632,636.9,652,672,681,682.9,632,4.1,660,665,650,638,635,632.1,632,636.9,652.1,672,681.2,683.2,632,0,05.11.2021 06:49,577.8,577.8,05.11.2021 06:49,472.5,472.5,604.2,604,487.2,773.8,773.4,801.9,801.5,715.7,82,79,05.11.2021 06:52,35.04,9.66,0.72,05.11.2021 06:50,620.7,615.4,619.3,612.4,615,610.3,620.5,617.8,616.3,611.9,615,612.9,624.9,620.8,618.9,614.3,618.5,615,558.1,537.7,620.7,615.4,619.3,612.4,615,610.3,620.5,617.8,616.3,611.9,615,612.9,624.9,620.8,618.9,614.3,618.5,615,558.1,537.7,248150922,5.11.2021 07:46,0.15,1,
05.11.2021 08:55,14,05.11.2021 08:58,166,524.9,499.3,32.6,75.8,536.9,510.3,42.7,14.7,547.4,514.9,46.3,9.7,566.5,534.9,34.4,12.2,595.5,556.3,24.4,0,630,600.5,31,2.4,635.2,633,11.3,25,635,634.2,10.4,22,660,665,650,638,635,632,632,637.1,652,672,681,683.1,632,12.6,660,665.1,650.2,638.1,635.1,632.3,632.2,637,652.1,672.1,681.1,683,631.9,4.9,660,665,650,638,635,631.9,632,637,652,672,680.9,682.9,631.9,0,05.11.2021 08:58,578,578,05.11.2021 08:58,477.7,477.8,603.3,603.1,488.6,766.5,766.1,801.1,800.8,712.4,82,79,05.11.2021 09:01,34.4,9.72,0.74,05.11.2021 08:58,624.1,619.7,623.4,616.1,618.2,613.7,623.1,619.1,619.3,616,619.6,617,627.6,621.9,620,617,621.8,618.1,558.9,536.6,624.1,619.7,623.4,616.1,618.2,613.7,623.1,619.1,619.3,616,619.6,617,627.6,621.9,620,617,621.8,618.1,558.9,536.6,248159643,5.11.2021 09:54,0.17,1,
05.11.2021 08:56,14,05.11.2021 08:59,166,524.1,499.6,0,73.2,537.1,510,40.8,17.3,547.2,514.9,48.1,9.6,567.3,535.1,26.7,10.2,594.4,556.2,34.6,0,629.9,600.4,32,3.1,635.2,633,11.3,25.2,635,634.1,10.4,22.9,660,664.9,649.9,637.9,634.9,631.9,631.9,637,652,672,681,682.9,632,12.7,660,665,650.2,638,635,632,631.9,637.1,652,672.1,681.1,683,632,4,660,665,650.1,638.1,635.1,632.1,632,637.1,652.1,672,681.2,683.2,632,0,05.11.2021 08:59,578,578,05.11.2021 08:59,474,474.1,600.4,600.1,487.8,765.5,765.1,800.6,800.3,712.9,81,79,05.11.2021 09:03,34.4,9.71,0.74,05.11.2021 09:00,622,617.2,620.9,614.6,616.1,611,622.4,620.1,618.2,614.8,616.5,612.8,627.2,622.8,620.4,616.4,621,615.2,558.9,538.5,622,617.2,620.9,614.6,616.1,611,622.4,620.1,618.2,614.8,616.5,612.8,627.2,622.8,620.4,616.4,621,615.2,558.9,538.5,248159732,5.11.2021 09:55,0.48,0,
05.11.2021 08:57,15,05.11.2021 09:00,166,524.3,499.2,38.7,77.3,537.1,509.8,40.7,19.4,547.2,514.8,48,10.7,567.1,535,28.5,11.1,594.5,556.1,33.7,0,630,600.4,31.1,3.1,635,633.1,13.2,24.4,634.9,633.9,11.4,24.8,660.1,665.1,650,637.9,635,631.9,632,637.1,652,672,681,682.9,632,12.7,659.9,665,649.6,637.9,635,632.1,632.7,637,651.9,671.8,681,683,636.1,0,659.9,665,650,638,634.9,631.9,632,637,652.1,672,681,683,636.1,0,05.11.2021 09:00,578,578,05.11.2021 09:00,479.1,479.2,605.7,605.5,488.2,768.9,768.5,801.7,801.3,713.7,81,79,05.11.2021 09:03,34.62,9.79,0.75,05.11.2021 09:01,622.4,618,621.8,613.4,616.5,611.3,621.7,618.6,618.1,613.7,616.2,612.6,626.4,622,620.2,615.9,619.4,615.4,562.1,539,622.4,618,621.8,613.4,616.5,611.3,621.7,618.6,618.1,613.7,616.2,612.6,626.4,622,620.2,615.9,619.4,615.4,562.1,539,248159793,5.11.2021 09:56,0.29,0,
05.11.2021 08:59,14,05.11.2021 09:02,166,524.8,499.7,33.7,73.4,537.1,509.9,40.5,18.9,547.2,514.9,48,10.1,566.9,534.9,30.3,12,594.7,556,31.9,0,630.3,600.3,28.3,4,635,633,13.2,25.4,634.9,634.1,11.5,23.1,660,665.1,650,638,635,632,631.9,636.9,652,672,681.1,683.1,631.9,13.9,660.2,665,650,637.9,635,632,631.9,636.8,651.5,671.6,680.8,683,635.9,0,659.9,665,650,638,635.1,632.1,632.1,636.8,652,672,680.9,682.9,635.9,0,05.11.2021 09:02,578,578,05.11.2021 09:02,475.5,475.5,602.1,602,488.3,767.6,767.2,801,800.7,713,81,79,05.11.2021 09:05,34.52,9.4,0.71,05.11.2021 09:03,623,617.5,622.9,615.6,615.3,610.7,620.4,618.5,618,614.3,616.1,613.5,625.9,621.7,620.1,616.1,619.3,616.1,560.9,536.8,623,617.5,622.9,615.6,615.3,610.7,620.4,618.5,618,614.3,616.1,613.5,625.9,621.7,620.1,616.1,619.3,616.1,560.9,536.8,248159915,5.11.2021 09:58,0.39,0,
05.11.2021 08:59,14,05.11.2021 09:02,166,524.3,499.9,38.4,71.5,536.8,509.9,43.4,19,547.2,514.9,47.9,10.1,567,535,29.4,11,595.2,556.2,27.2,0,630.1,600.3,30.2,4,635.4,633.1,9.5,24.5,635,634.2,10.5,22.1,659.9,665,649.9,637.9,634.9,631.9,632,637,652.1,672,681.1,683.2,631.9,14,660,665,649.9,638,634.9,631.8,631.9,636.7,651.8,671.8,680.9,683,635.5,0,660.1,665,650,638,635,632,631.9,636.7,652,672,681,683,635.5,0,05.11.2021 09:02,578,578,05.11.2021 09:03,474.1,474.3,601.2,601,488.3,769.7,769.3,801.7,801.3,714,82,79,05.11.2021 09:05,34.82,9.59,0.73,05.11.2021 09:03,622.7,617.8,621.3,614.6,616.1,611.8,622.6,620.2,618.5,614.4,617.4,613.7,627,622.5,620.5,616,621.1,617.2,561.5,537,622.7,617.8,621.3,614.6,616.1,611.8,622.6,620.2,618.5,614.4,617.4,613.7,627,622.5,620.5,616,621.1,617.2,561.5,537,248159948,5.11.2021 09:59,0.26,0,
05.11.2021 09:00,14,05.11.2021 09:03,166,524.2,499.5,39.3,75.1,537.2,510,39.5,18,547.3,515.1,46.9,8.2,567,535.1,29.4,10,595,556.1,29.1,0,629.9,600.3,32,4,635.2,633.2,11.4,23.6,634.9,634.2,11.5,22,659.9,664.9,650.1,638.1,635,632,632,637,651.9,672,681,683.1,632.1,12.1,659.8,664.8,649.7,637.8,634.9,631.9,632,636.7,651.9,671.8,680.9,682.9,634.8,0,660,665,649.9,638,635,632,631.9,636.7,651.9,671.9,680.9,682.8,634.8,22.9,05.11.2021 09:03,578,578,05.11.2021 09:03,475.7,475.8,603.5,603.3,487.8,766.8,766.5,800.6,800.2,713.5,82,79,05.11.2021 09:06,34.33,9.58,0.73,05.11.2021 09:04,622.6,617.5,621.3,615.6,616.2,611.3,622.2,619.6,617.8,614.9,615.7,612.2,626.4,621.7,619.8,615.9,619.8,614.2,559.3,537.2,622.6,617.5,621.3,615.6,616.2,611.3,622.2,619.6,617.8,614.9,615.7,612.2,626.4,621.7,619.8,615.9,619.8,614.2,559.3,537.2,248160265,5.11.2021 10:00,0.33,0,
05.11.2021 09:01,14,05.11.2021 09:04,166,524.9,499.5,32.7,75.2,536.7,510,44.1,18,547.3,515,46.8,9.1,566.9,535.1,30.2,9.9,595,556.2,29,0,630.2,600.4,29.2,3,635.3,633.2,10.5,23.6,635.1,634.1,9.6,22.9,659.9,664.9,649.9,638,635,631.9,632,637,652,672,681,682.9,632.1,12,659.8,665,649.9,637.8,634.8,631.8,632,636.7,651.8,671.7,681,683,634.9,0,660.1,665,650,637.9,635,632,632,636.7,652.1,671.9,680.9,683,634.9,44.2,05.11.2021 09:04,578,578,05.11.2021 09:04,476,476,603.5,603.3,488,766,765.6,800.3,800,713,82,79,05.11.2021 09:07,34.79,9.71,0.75,05.11.2021 09:04,621.9,617.2,622.6,613.9,615.7,611.6,620.3,617.8,618,613.5,616.6,614.2,626.1,622.1,620.1,614.1,620.4,617.3,557.3,537.8,621.9,617.2,622.6,613.9,615.7,611.6,620.3,617.8,618,613.5,616.6,614.2,626.1,622.1,620.1,614.1,620.4,617.3,557.3,537.8,248160293,5.11.2021 10:00,0.31,0,
05.11.2021 09:01,14,05.11.2021 09:04,166,524.8,499.5,33.6,75.3,537,510,41.2,18,547.3,515.1,46.8,8.1,567.1,535.1,28.3,9.8,595,556.1,29,0,629.8,600.4,33,3,635,633.2,13.3,23.5,634.7,633.9,13.4,24.8,660,665,650,638,635,631.9,631.9,636.9,651.9,672,681,683,632.2,11.1,659.8,664.9,649.7,637.8,634.8,631.7,631.9,636.6,651.6,671.6,680.9,682.9,634.7,0,660.1,665,650.1,638,635.1,632.1,632,636.6,651.9,672,681,683.1,634.7,19.7,05.11.2021 09:04,578,578,05.11.2021 09:04,475,475.1,602.6,602.4,488.4,770.1,769.8,801.7,801.4,714,82,79,05.11.2021 09:07,34.64,9.75,0.75,05.11.2021 09:05,621.8,616.4,620.2,614.3,615.9,610.9,621.6,618.7,617,613.5,615.8,612.6,627.4,622.3,619.9,615.9,619.9,615,558.2,536.9,621.8,616.4,620.2,614.3,615.9,610.9,621.6,618.7,617,613.5,615.8,612.6,627.4,622.3,619.9,615.9,619.9,615,558.2,536.9,248160326,5.11.2021 10:01,0.1,1,
05.11.2021 09:02,15,05.11.2021 09:05,166,524.1,499.2,40.3,78.4,536.9,510.1,42.2,17,547.3,515.2,46.8,7.1,566.8,535,31.1,10.7,594.9,556.1,29.9,0,630.2,600.5,29.2,2,635.1,633.4,12.4,21.6,635.2,634,8.7,24,660.1,665.1,650.1,638,635,632,632,637,651.9,672,681,682.9,632,12.9,659.9,664.9,649.8,637.8,634.9,631.8,631.8,636.7,651.7,671.7,680.9,682.9,634.6,0,660,665,650,638,635,631.9,632,636.7,652,672,681,683.1,634.6,0,05.11.2021 09:05,578,578,05.11.2021 09:05,473.9,474,601.7,601.5,488,769.9,769.5,801.6,801.2,714,82,79,05.11.2021 09:08,34.62,9.7,0.75,05.11.2021 09:05,622.6,617.5,621.1,617.3,616.1,610.7,622,619.6,618.6,615.3,617.6,613.3,627.3,622.9,620.4,617.2,621.9,617.4,560.7,540,622.6,617.5,621.1,617.3,616.1,610.7,622,619.6,618.6,615.3,617.6,613.3,627.3,622.9,620.4,617.2,621.9,617.4,560.7,540,248160354,5.11.2021 10:01,0.34,0,
05.11.2021 09:02,14,05.11.2021 09:05,166,524.9,499.3,32.7,77.6,536.5,510.1,45.8,17,547.3,515.1,46.7,8,567.1,535,28.2,10.7,594.9,556.1,29.8,0,629.9,600.4,32,2.9,635,633.3,13.4,22.4,634.8,634,12.4,24,660.1,665,650,638,635,632,632,637.1,651.9,672,681,682.9,631.9,13.8,659.9,664.9,649.9,637.8,634.9,631.9,631.8,636.7,651.7,671.7,680.9,682.8,634.5,0,660,665,650.1,638,635.1,632.1,632.1,636.7,651.9,672,681.1,683.1,634.5,0,05.11.2021 09:05,578,578,05.11.2021 09:05,472.7,472.8,600.7,600.5,487.9,768.3,767.9,801,800.6,713.8,82,79,05.11.2021 09:08,34.52,9.78,0.76,05.11.2021 09:06,623.8,618.3,622.2,615.8,617.6,613.1,622.9,620,618.5,614.7,619.4,615.8,627.4,622.2,620,616.5,621.5,617,560.4,540.7,623.8,618.3,622.2,615.8,617.6,613.1,622.9,620,618.5,614.7,619.4,615.8,627.4,622.2,620,616.5,621.5,617,560.4,540.7,248160387,5.11.2021 10:02,0.37,0,
05.11.2021 09:03,14,05.11.2021 09:06,166,524.8,499.9,33.6,72,536.4,510.2,46.7,15.9,547.2,515.1,47.5,7.9,566.8,534.9,30.9,11.6,594.8,556.1,30.7,0,630,600.5,31.1,1.8,635,633.2,13.4,23.2,634.9,634.2,11.6,22.2,660.1,665.1,650.1,638.1,635.1,632.1,632,637,652,672,681,683.1,631.9,13.9,660,665,649.9,637.8,634.6,631.6,631.6,636.7,651.7,671.7,680.8,683,634.3,0,659.9,665,650,637.9,635,631.9,632,636.7,652.1,672,681,683,634.3,0,05.11.2021 09:06,578,578,05.11.2021 09:06,475,475.1,603.5,603.3,487.8,768.5,768.1,801,800.7,713.7,82,79,05.11.2021 09:09,34.99,9.64,0.74,05.11.2021 09:07,622.3,617.1,621,613.6,616.2,611.8,622.4,619.4,618.1,613.4,618,614.6,627,621.5,619.3,615.6,620.7,617.3,559.3,538.9,622.3,617.1,621,613.6,616.2,611.8,622.4,619.4,618.1,613.4,618,614.6,627,621.5,619.3,615.6,620.7,617.3,559.3,538.9,248160448,5.11.2021 10:03,0.26,0,
05.11.2021 09:04,14,05.11.2021 09:07,166,524.9,499.9,32.6,71.7,536.4,510.1,46.6,16.6,547.3,515,46.4,8.7,566.8,534.9,30.8,11.6,594.8,556.1,30.7,0,630.2,600.3,29.2,3.7,635.5,633.2,8.6,23.2,635.2,634.3,8.7,21.1,660,665,650,638,634.9,632.1,632.1,637.1,652,672.1,681,683.1,632,13.1,660.1,665,650.1,638,635,631.8,631.9,636.7,651.8,671.7,680.8,683,634,0,660,665,650,638,635,632.1,631.9,636.7,652.1,672,681,683,634,0,05.11.2021 09:07,577.9,577.9,05.11.2021 09:07,473.8,473.8,602,601.8,488.1,769.6,769.2,801.3,801,714.2,82,79,05.11.2021 09:10,34.62,9.52,0.73,05.11.2021 09:08,622.6,618.2,621.5,613.8,616.8,611.5,622.7,620,617.8,615,617.8,613.4,627.3,622.3,619.6,616.2,621.7,617.4,559.2,538.3,622.6,618.2,621.5,613.8,616.8,611.5,622.7,620,617.8,615,617.8,613.4,627.3,622.3,619.6,616.2,621.7,617.4,559.2,538.3,248160505,5.11.2021 10:03,0.18,1,
05.11.2021 09:05,14,05.11.2021 09:08,166,524.9,499.5,32.7,75.4,536.5,510.2,45.5,15.5,547.1,514.9,48.2,9.6,566.9,535,29.9,10.7,594.9,556.2,29.8,0,630.1,600.3,30.1,3.7,635.3,633.2,10.4,23.2,635.3,634.2,7.8,21.9,659.9,665,650.1,638,635.1,632,632,637,651.9,672,681.1,683.1,632.2,11.1,660.1,665,650.1,638.1,635.1,632,632,636.8,651.9,671.9,680.8,683,633.7,0,660.1,665,650,638,635.1,632,632,636.8,651.9,671.9,680.9,683,633.7,19.4,05.11.2021 09:08,577.9,577.9,05.11.2021 09:08,471.7,471.8,600.7,600.5,488,766.8,766.5,800.3,800,713.6,82,79,05.11.2021 09:11,34.82,9.78,0.75,05.11.2021 09:09,621.9,616.3,620.9,613.9,615.7,611.4,622,618.5,618.4,613.6,618.3,614.1,627,621.8,619.7,615.5,620.7,617.4,560,537.4,621.9,616.3,620.9,613.9,615.7,611.4,622,618.5,618.4,613.6,618.3,614.1,627,621.8,619.7,615.5,620.7,617.4,560,537.4,248160566,5.11.2021 10:04,0.14,1,
05.11.2021 09:06,14,05.11.2021 09:09,166,524.3,499.3,38.4,77.7,536.6,510,44.6,17.3,547.1,514.8,48.1,10.7,566.8,534.9,30.7,11.6,594.9,556.1,29.8,0,630.3,600.4,28.2,2.8,635.2,633.3,11.3,22.1,635.1,634,9.7,23.8,660,664.9,650,638,635,632.1,632.1,636.9,651.9,672,681,683,632.1,11.8,659.9,664.9,649.9,638,635,631.9,632,636.9,651.9,671.9,681,683,633.5,0,660.1,665,650,638,635.1,632.1,632,636.9,652,672,681,683,633.5,0,05.11.2021 09:09,577.9,577.9,05.11.2021 09:09,476.6,476.7,604.8,604.6,487.7,770.3,769.9,801.5,801.1,714.3,82,79,05.11.2021 09:12,34.82,9.81,0.75,05.11.2021 09:10,622,617.9,621.7,615.7,616.1,611.8,622.8,620,618.3,615.3,617.6,614.4,626.5,622.5,620.2,616.1,620.9,617,560.8,538.3,622,617.9,621.7,615.7,616.1,611.8,622.8,620,618.3,615.3,617.6,614.4,626.5,622.5,620.2,616.1,620.9,617,560.8,538.3,248160627,5.11.2021 10:05,0.37,0,
05.11.2021 09:13,15,05.11.2021 09:16,166,523.1,500,48.6,62.8,535.6,513.7,48.1,0,547.8,524.4,33.7,0,566.6,541.7,28.8,0,595.5,563.3,20.9,0,626.7,605.4,58.8,0,634,632.5,22.9,27.4,634.1,632.8,18.5,32.4,660,665,650.1,638,634.9,632,632,636.9,652,671.9,680.9,682.9,632.2,8.6,659.8,664.9,649.9,638,634.9,631.9,631.9,636.9,651.9,671.9,680.9,682.9,632.4,0,660,665.1,650.1,638.1,635.1,632.1,632,636.9,652.1,672,681.2,683.3,632.4,41.2,05.11.2021 09:17,578.1,578.1,05.11.2021 09:17,472.7,472.9,603.5,603.3,488.1,764.8,764.4,800.3,800,713,82,79,05.11.2021 09:20,34.72,9.77,0.75,05.11.2021 09:17,622.2,617.5,623.3,613.5,617.4,612.8,621.1,619,618.7,613.5,617.4,614.8,627,622.7,621.2,615.7,621.1,617.4,559.3,535.4,622.2,617.5,623.3,613.5,617.4,612.8,621.1,619,618.7,613.5,617.4,614.8,627,622.7,621.2,615.7,621.1,617.4,559.3,535.4,248161111,5.11.2021 10:13,0.05,1,
05.11.2021 09:18,15,05.11.2021 09:21,166,524.5,500.2,36.2,62.5,537.1,509,36.1,25.3,546.9,515.5,44.7,3.8,566.2,534.3,34,17,597,558,8.2,0,630,600.4,28.8,2.3,635.1,633.1,12.5,23.5,634.8,633.8,12.2,24.5,660,664.8,650,638,635,632,631.9,636.9,651.8,671.8,680.9,682.8,631.9,12.4,660,665,650,638.1,635.1,632.1,632,636.9,652.1,672.1,681.1,683.1,632.2,1.3,660,665,650.1,638,635.1,632,631.9,636.9,652,672,681.1,683.1,632.2,0,05.11.2021 09:21,577.9,577.9,05.11.2021 09:21,469.3,469.4,601,600.8,487.4,767.4,767,800.3,800,713.4,82,79,05.11.2021 09:24,35.06,8.99,0.7,05.11.2021 09:21,621.8,616.9,619.9,613.2,615,610.5,622,619.3,617.4,613.6,615.8,612.6,627,621.7,619.9,616,619.6,615,560.8,537.7,621.8,616.9,619.9,613.2,615,610.5,622,619.3,617.4,613.6,615.8,612.6,627,621.7,619.9,616,619.6,615,560.8,537.7,248161383,5.11.2021 10:17,0.24,0,
05.11.2021 09:19,14,05.11.2021 09:22,166,524.4,498.9,37.3,74.9,536.8,508.7,39.3,29.5,546.8,514.7,46.2,11.3,566.5,534.4,31.5,16.8,596.8,557.6,10.1,0,629.4,600,34.7,6.3,634.9,633,14.5,24.6,634.8,634,12.3,22.9,660.1,665,650,638,635,632,631.9,637,651.9,671.9,680.9,682.9,631.8,13.5,659.9,664.9,649.9,638,635,632.1,632,636.9,652.1,672.1,681.1,683,632.1,2.1,660.1,665,650,638,635.1,632,632.1,636.9,652,672,681,683,632.1,0,05.11.2021 09:22,577.9,577.9,05.11.2021 09:22,473.6,473.8,605.9,605.7,487.8,771.3,770.9,801.6,801.2,714.3,82,79,05.11.2021 09:25,34.52,9.46,0.74,05.11.2021 09:22,621.9,617.5,620.9,616.4,615.8,610.8,622.3,619.4,617.9,615.2,616.8,613.5,627,622.5,620.5,616.9,621.1,616.3,561.3,540.7,621.9,617.5,620.9,616.4,615.8,610.8,622.3,619.4,617.9,615.2,616.8,613.5,627,622.5,620.5,616.9,621.1,616.3,561.3,540.7,248161444,5.11.2021 10:18,0.25,0,
05.11.2021 09:21,14,05.11.2021 09:24,166,524.7,499,34.4,76.3,536.9,509.5,38.9,24.5,546.8,514.7,46.9,12,567.2,535.3,25,8.6,596,557.2,17.6,0,629.7,600.5,32.2,1.7,635.2,633.2,11.7,22.8,635,634,10.3,23.1,660.1,665.2,650,638,635.1,632.1,632,637,652,672,681.1,683.2,632,11.8,659.8,664.9,650,637.9,634.9,631.9,632,637,651.9,671.9,681,682.9,632,3,659.9,664.9,649.9,638,635,632,631.9,637,652.1,671.9,681,682.9,632,0,05.11.2021 09:24,577.9,577.9,05.11.2021 09:24,471.5,471.6,602.9,602.7,487.6,771.9,771.5,801.7,801.4,714.8,82,79,05.11.2021 09:27,34.64,9.61,0.75,05.11.2021 09:24,621.4,616.5,620,614.1,615.7,610.5,621.7,619.1,617.6,613.5,615.2,612.3,627,622,619.7,614.9,619.3,615,559.2,536.4,621.4,616.5,620,614.1,615.7,610.5,621.7,619.1,617.6,613.5,615.2,612.3,627,622,619.7,614.9,619.3,615,559.2,536.4,248161566,5.11.2021 10:20,0.35,0,
05.11.2021 09:22,14,05.11.2021 09:25,166,524.3,499.5,38,72.1,536.7,510.6,41.1,13.9,547.2,515.3,43.5,6.3,566.1,535.4,35.3,6.8,594.5,557,32.1,0,629.6,600.4,33.2,2.4,635.3,633.2,10.7,22.7,635.1,634,9.4,23.2,660,665,650,638,634.9,631.9,632,637,652,672.1,681,683,631.8,13.9,660.2,665.1,650.3,638,634.9,631.9,631.9,636.9,651.9,672,681,683,631.9,4.1,660,665,650.1,638,634.9,631.9,632.1,636.9,652,671.9,680.9,682.9,631.9,0,05.11.2021 09:25,577.9,577.9,05.11.2021 09:25,469.6,469.6,602.1,601.8,487.6,768.3,768,800.4,800,713.8,82,80,05.11.2021 09:28,34.82,9.75,0.75,05.11.2021 09:26,622,616.3,620.2,612.6,615.2,610.8,622,618.8,617.2,612.4,616.3,613.1,625.9,621.5,619.6,614.4,618.7,615.7,558.1,535.6,622,616.3,620.2,612.6,615.2,610.8,622,618.8,617.2,612.4,616.3,613.1,625.9,621.5,619.6,614.4,618.7,615.7,558.1,535.6,248161655,5.11.2021 10:21,0.39,0,
05.11.2021 09:35,14,05.11.2021 09:38,166,524.4,499.1,37.1,77.3,536.4,509.9,43.5,19.8,546.9,515.1,46.2,8.5,567.1,535.4,26.1,7.3,595.4,557.1,23.1,0,629.6,600.4,32.6,3.3,635.1,633,12.9,25.9,635.3,634.1,7.9,19.9,660,665,650,638,635,632,631.9,637,652,671.9,681,683.2,631.8,13.9,660.1,665,650.2,638,635,632,631.9,637,652,672,681,683,632,3.4,660,665,650.1,638.1,635,632.1,632,637,652,672,681,682.9,632,0,05.11.2021 09:38,577.9,577.9,05.11.2021 09:38,470.4,470.5,604.2,604,487.1,768.6,768.2,800.3,800,714,81,79,05.11.2021 09:41,36.4,9.61,0.74,05.11.2021 09:39,620.5,615,619.7,615.4,615.4,610.4,620.5,617.2,616.3,613.5,617.6,613.1,625.7,620.2,618.4,615.8,620.5,616.2,560.8,537.4,620.5,615,619.7,615.4,615.4,610.4,620.5,617.2,616.3,613.5,617.6,613.1,625.7,620.2,618.4,615.8,620.5,616.2,560.8,537.4,248162459,5.11.2021 10:34,0.35,0,
05.11.2021 09:35,15,05.11.2021 09:38,166,524.4,499.3,37.3,75.6,536.8,510.1,39.9,17.9,546.7,515.1,48.3,8.4,566.3,535.3,33.5,7.9,594.5,557,31.9,0,630.4,600.4,25.1,3.2,635.4,632.9,10,27,634.6,634.1,14.5,19.9,660,665.1,650,637.9,634.9,631.9,632,637,651.9,672,681,683,631.8,14,660,665.1,650.2,638.1,635.1,632,631.9,637,652,672.1,681,683,632,3.4,660.1,665,649.9,637.9,634.9,631.9,632.1,637,652.1,672.1,680.9,682.9,632,0,05.11.2021 09:38,577.9,577.9,05.11.2021 09:38,472.6,472.8,605.8,605.5,487.6,771.1,770.7,801.1,800.8,714.2,81,79,05.11.2021 09:41,36.11,9.49,0.74,05.11.2021 09:39,621.9,616.8,620.8,613.2,616,610.4,621.2,616.7,616.4,612.2,614.8,612.3,626.4,619.3,617.2,613.2,619.4,614.9,560.3,537.8,621.9,616.8,620.8,613.2,616,610.4,621.2,616.7,616.4,612.2,614.8,612.3,626.4,619.3,617.2,613.2,619.4,614.9,560.3,537.8,248162488,5.11.2021 10:34,0.27,0,
05.11.2021 09:35,14,05.11.2021 09:38,166,524.7,499.4,34.3,74.8,536.6,510.2,41.9,16.9,546.8,515.2,47.5,7.3,567.2,535.3,25.3,7.8,595.1,556.8,26,0,629.8,600.3,30.8,4.2,635.2,632.8,11.9,28.1,635.3,634.3,7.9,18,659.9,664.9,650,638,635,632,632,636.9,651.9,671.9,681.1,683,631.9,13.1,660.1,665,650.2,638.2,635.1,632.2,632.2,637,652.1,672,680.9,683.1,632,3.4,660,665.1,650.1,638,635.1,632.1,632,637,651.9,672,681,683,632,0,05.11.2021 09:39,577.9,577.9,05.11.2021 09:39,472.5,472.5,605.1,605,487.5,773,772.6,801.7,801.3,715,81,79,05.11.2021 09:42,35.84,9.78,0.75,05.11.2021 09:40,620.7,615.2,619.6,613.8,614.2,609.9,621.1,617.7,616.2,612.6,615.7,611.7,626.3,621.7,619.6,615.2,621.1,615.4,558.4,534.6,620.7,615.2,619.6,613.8,614.2,609.9,621.1,617.7,616.2,612.6,615.7,611.7,626.3,621.7,619.6,615.2,621.1,615.4,558.4,534.6,248162520,5.11.2021 10:35,0.35,0,
05.11.2021 09:36,14,05.11.2021 09:39,166,525,499.1,31.5,78.2,536.6,510.4,42.1,14.7,546.8,515.2,47.9,7.1,567.1,535,26.3,10.4,595.1,556.7,26.1,0,629.9,600.1,30,6.2,635.1,633,12.8,26.5,635.1,634.2,9.9,18.8,659.9,664.9,649.9,637.8,634.9,631.8,632,636.9,651.9,671.9,681,682.9,631.9,13.3,660,665.1,650.1,638.1,635.2,632.2,632.2,637.1,652,672.1,681,683.1,631.9,4.4,660.1,665,650.1,638.1,635,632.1,632.1,637.1,652,672,681,683.1,631.9,0,05.11.2021 09:40,577.9,577.9,05.11.2021 09:40,470.2,470.3,602.9,602.6,487.1,770,769.5,800.6,800.3,714.4,82,79,05.11.2021 09:43,35.87,9.24,0.71,05.11.2021 09:41,620.3,614.7,619.4,613.5,614.6,609.3,621.1,618.2,615.8,611.9,615.2,612.1,625.4,620.9,618.7,614.9,620.9,614.6,558.5,535.8,620.3,614.7,619.4,613.5,614.6,609.3,621.1,618.2,615.8,611.9,615.2,612.1,625.4,620.9,618.7,614.9,620.9,614.6,558.5,535.8,248162581,5.11.2021 10:36,0.67,0,
05.11.2021 09:37,14,05.11.2021 09:40,166,524.4,498.7,37.1,82.3,536.5,510.4,43.2,14.5,546.8,515,48.1,8.9,566.5,534.8,32,12.4,594.7,556.7,30.2,0,629.9,600.1,30,6.3,635.1,633,12.7,26.5,634.9,634.2,11.8,18.8,660,665,649.9,637.9,634.9,631.9,632,636.8,651.9,671.8,681.1,683,632,12.4,659.9,664.9,650.1,638,635,632.1,632,636.9,652.1,672,681,683,631.9,4.4,660,665,650,637.9,635.1,632.1,632,636.9,652.1,672.1,681.1,683,631.9,0,05.11.2021 09:40,577.9,577.9,05.11.2021 09:40,469,469.1,601.9,601.7,487.1,769,768.6,800.4,800,714.5,82,79,05.11.2021 09:43,34.94,9.15,0.71,05.11.2021 09:41,621.3,614.3,620,613,615.5,609.7,621.6,618.4,615.8,612.4,616.5,612.8,627.1,620.4,618.6,614.7,620.7,616.9,558.5,533.7,621.3,614.3,620,613,615.5,609.7,621.6,618.4,615.8,612.4,616.5,612.8,627.1,620.4,618.6,614.7,620.7,616.9,558.5,533.7,248162609,5.11.2021 10:36,0.54,0,
05.11.2021 09:37,14,05.11.2021 09:40,166,524.4,498.9,37.2,81,536.9,510.3,39.5,15.2,547.1,515,45.4,8.9,567,534.8,27.3,12.5,595.1,556.6,26.2,0,629.8,600.1,30.9,6.4,635.2,633.2,11.8,24.7,634.9,634.1,11.8,19.7,660,665,649.9,637.9,635,632,631.9,636.9,652,671.9,681,682.9,632,12.4,660,665,650.1,638,634.9,631.9,632,636.9,652.1,672.1,681.1,683,632,3.6,660,665.1,650.1,638,635,632,632,636.9,652.1,672,681.1,683.2,632,0,05.11.2021 09:40,577.9,577.9,05.11.2021 09:41,467.7,467.8,600.7,600.5,486.7,772.7,772.3,801.7,801.3,715.2,81,79,05.11.2021 09:45,35.94,9.69,0.75,05.11.2021 09:43,620.4,616.1,619.1,613.2,614.6,610,621.4,618.3,617.2,611.7,615.8,612.6,626.7,621.6,619.3,615.2,619,615.6,560.3,534.9,620.4,616.1,619.1,613.2,614.6,610,621.4,618.3,617.2,611.7,615.8,612.6,626.7,621.6,619.3,615.2,619,615.6,560.3,534.9,248162642,5.11.2021 10:37,0.68,0,
05.11.2021 09:42,14,05.11.2021 09:45,166,521.9,500.6,58.8,52.4,534.8,513.2,55.8,0,544.7,524.9,60.1,0,564.4,541.9,49.2,0,594.6,564.5,29.4,0,628.5,606.5,41.3,0,634.8,633.4,15.6,17.8,634.7,634.2,13.9,16.1,660,665,650,637.9,635,632.1,632.1,637.1,652.1,672.1,681,683.2,632.4,6.3,660,665.1,650.3,638,635.2,632.1,632,637,652,672,680.9,683,632.7,0,660,665,650,637.9,634.9,632,631.9,637,652,672,681,683,632.7,0,05.11.2021 09:45,577.9,577.9,05.11.2021 09:45,467.4,467.6,601.5,601.3,486.5,768.7,768.3,801.6,801.3,714,82,79,05.11.2021 09:48,35.84,9.47,0.74,05.11.2021 09:46,624.1,618.7,623.5,617.2,618.3,613.4,623.3,620.5,619.4,615.9,618.2,615.2,628.4,624.1,622.2,618.4,621.3,617.9,557.6,538.5,624.1,618.7,623.5,617.2,618.3,613.4,623.3,620.5,619.4,615.9,618.2,615.2,628.4,624.1,622.2,618.4,621.3,617.9,557.6,538.5,248162931,5.11.2021 10:41,0.5,0,
05.11.2021 09:43,14,05.11.2021 09:46,166,524.8,495.4,31.9,100,536.5,511.8,40.4,0,546.3,520.4,46.9,0,567.4,538.4,21.3,0,595,561.4,25.5,0,628.3,603.1,43.4,0,634.3,631.9,20.1,33.3,634,633,20.4,28.7,659.9,664.9,649.8,637.8,634.8,631.8,631.9,637,651.9,671.9,681,682.9,631.7,13,660,664.9,650,638,634.9,632,632,636.9,652.1,672.1,680.9,683,632.3,0.6,660.1,665,650.1,638,635,632,631.9,636.9,651.9,672,680.9,682.8,632.3,5.3,05.11.2021 09:46,577.9,577.9,05.11.2021 09:47,472.8,473,606.8,606.6,486.5,768.8,768.3,801.1,800.8,713.3,82,79,05.11.2021 09:50,36.33,9.65,0.75,05.11.2021 09:48,620.8,616.5,621.7,617.5,616.4,612.2,622.6,619.7,618.3,615.6,619.9,615.3,625.9,621.7,620.1,617.3,620.5,618.2,556.9,538.3,620.8,616.5,621.7,617.5,616.4,612.2,622.6,619.7,618.3,615.6,619.9,615.3,625.9,621.7,620.1,617.3,620.5,618.2,556.9,538.3,248163024,5.11.2021 10:43,0.25,0,
05.11.2021 09:45,15,05.11.2021 09:48,166,524.2,498.4,37.9,79.3,536.7,510.2,39.2,13.3,546.6,517.5,45.3,0,565.8,535.7,37.1,3.8,594.7,559.5,29,0,629.4,601.1,33.3,0,635.1,632.7,12.5,26.9,635.5,634.4,6.3,16.1,660,664.9,650,637.9,635,631.8,631.9,637,651.8,671.8,680.9,682.8,631.7,13.5,659.9,664.9,650,637.9,634.9,632,632.1,636.9,652,672,681,683,631.9,4.2,660,665,650,638,635.1,632.2,632.1,636.9,652,672,681,683.1,631.9,0,05.11.2021 09:48,577.9,577.9,05.11.2021 09:48,470.2,470.3,603.5,603.3,486.8,767.7,767.3,800.5,800.2,713.5,81,79,05.11.2021 09:51,36.11,9.63,0.75,05.11.2021 09:49,620.2,616.4,621.3,614.2,615.8,610.9,621.5,619.4,618,613.7,616.3,613.9,626.5,621.7,620.5,615,619.8,617.3,558.6,534.5,620.2,616.4,621.3,614.2,615.8,610.9,621.5,619.4,618,613.7,616.3,613.9,626.5,621.7,620.5,615,619.8,617.3,558.6,534.5,248163114,5.11.2021 10:44,0.16,1,
05.11.2021 09:45,14,05.11.2021 09:48,166,524.6,500,34.1,64.4,536.2,509.8,44,17,546.5,516.9,46.6,0,567.3,535.3,23,7.2,594.7,558.9,28.6,0,630.5,600.8,23.3,0,635.2,632.9,11.7,25.2,634.6,634.4,14.8,15.9,660.1,665.1,650,638,635,631.9,632,636.8,651.8,671.8,680.9,682.9,631.8,12.7,659.9,664.8,649.8,638.1,634.9,631.9,632,636.9,651.9,672,681,682.9,631.9,4.3,659.9,665,650.1,638.1,635,632,632,636.9,652.2,672.1,681.2,683.1,631.9,0,05.11.2021 09:48,577.9,577.9,05.11.2021 09:48,468.8,468.9,602.2,602.1,486.5,767.5,767.1,800.5,800,713.5,82,79,05.11.2021 09:51,36.43,9.64,0.74,05.11.2021 09:49,622.1,615.7,620.2,612.1,615.5,610.1,621.5,619,617,612.3,617.2,614.1,626.8,622.2,619.7,614.6,621.1,616.7,557.9,539,622.1,615.7,620.2,612.1,615.5,610.1,621.5,619,617,612.3,617.2,614.1,626.8,622.2,619.7,614.6,621.1,616.7,557.9,539,248163146,5.11.2021 10:45,0.4,0,
05.11.2021 09:46,14,05.11.2021 09:49,166,524.1,500.3,39,60.8,536.4,508.9,42.5,26.3,546.3,515.7,49.3,2.1,567.4,534.5,22.4,15,594.3,558.2,32.6,0,630.5,600.1,23.4,6.3,635,632.9,13.6,25.5,634.7,634,13.9,19.5,660,665.1,650,638,635,632,631.9,636.9,651.9,671.8,680.9,682.9,631.7,13.9,659.9,665,650,637.9,635.1,632.2,632.1,636.9,651.9,671.8,681,682.9,632,3.4,660,665,650.1,638.1,635.1,631.9,632.1,636.9,652.1,672,681,683.1,632,0,05.11.2021 09:49,577.9,577.9,05.11.2021 09:49,466.6,466.7,600.6,600.5,486.5,771.3,771,801.6,801.3,714.6,82,79,05.11.2021 09:52,36.33,9.69,0.78,05.11.2021 09:50,622,616.7,621.1,614.2,616.7,612.5,622.7,619.8,617.8,614,619.1,615.2,625.9,621.8,619.8,615.5,621,617.5,558.6,534.4,622,616.7,621.1,614.2,616.7,612.5,622.7,619.8,617.8,614,619.1,615.2,625.9,621.8,619.8,615.5,621,617.5,558.6,534.4,248163207,5.11.2021 10:46,0.27,0,
05.11.2021 09:47,15,05.11.2021 09:50,166,524.3,499.4,37.3,69.1,536.4,508.6,42.7,29.8,546.8,515.3,44.9,5.6,565.9,534.3,36.8,17.2,595.3,558.1,23.6,0,629.7,600,31.1,7.4,635.3,633,10.7,24.7,635.1,633.9,10.1,20.5,660,665.1,649.9,637.9,634.9,632,632,636.9,651.9,672,680.9,683.1,631.8,13.1,660.1,665.1,650.2,638.1,635,632.1,632,636.9,651.9,671.9,680.9,683,632,3.4,660,665,650.1,638.1,635.1,632.1,632,636.9,652,672,681,683,632,0,05.11.2021 09:50,577.9,577.9,05.11.2021 09:50,471.8,471.8,606,605.9,487,769.8,769.3,801,800.6,714.1,81,79,05.11.2021 09:53,36.52,9.65,0.75,05.11.2021 09:51,621.3,615.2,619.6,614.7,613.9,609.3,621.9,619.6,617,612.8,615,612.1,625.6,621.1,619.6,616,619.2,615,559.8,537.8,621.3,615.2,619.6,614.7,613.9,609.3,621.9,619.6,617,612.8,615,612.1,625.6,621.1,619.6,616,619.2,615,559.8,537.8,248163236,5.11.2021 10:46,0.46,0,
05.11.2021 09:48,14,05.11.2021 09:51,166,524.8,497.8,32.8,85.5,536.6,508.8,41.1,29.4,546.8,514.7,45.5,11.4,566.2,534.5,34.2,15.9,595.4,557.7,22.8,0,630.1,600.1,27.4,6.9,635.4,632.9,9.8,25.9,634.9,633.9,11.9,20.7,660,665,650,638.1,635.1,632.2,632,637,651.9,672,681,683.2,632,11.5,660.1,665,650.2,638.2,635.1,632.1,632.3,637,652,672,681,683.1,632,3.3,659.9,665,649.9,638,635,632,632,637,652,672,681,682.9,632,0,05.11.2021 09:51,577.9,577.9,05.11.2021 09:51,472.3,472.4,605.3,605.1,486.8,770.3,770,801.2,800.8,714,82,79,05.11.2021 09:54,36.04,9.47,0.73,05.11.2021 09:52,621.5,614.5,619.5,613.1,615.2,609.6,620.7,618.1,616.5,612.1,617.8,613.4,625.9,621.8,619.4,614.6,620,616.8,557.9,539.7,621.5,614.5,619.5,613.1,615.2,609.6,620.7,618.1,616.5,612.1,617.8,613.4,625.9,621.8,619.4,614.6,620,616.8,557.9,539.7,248163297,5.11.2021 10:47,0.11,1,
05.11.2021 09:50,14,05.11.2021 09:53,166,521.5,503.6,63.6,28.3,533.4,511.4,71.8,5.1,545,519.2,62,0,564.1,538.5,54.1,0,592.6,560.1,49.4,0,631.2,603.3,16.8,0,634.1,634.1,22,12.8,633.9,634.4,21.7,14.8,660.1,665,650.1,638.1,635,632,632,636.9,651.9,671.8,681,683,632.3,8.6,659.9,665,650.2,638.2,635.2,632.1,632.1,637,652,672,681.1,683,631.9,4.3,660,665.1,650.1,638.1,635,632,632.2,637,652,672.1,681,683.1,631.9,0,05.11.2021 09:53,577.9,577.9,05.11.2021 09:53,468.6,468.7,602.9,602.7,486.6,766.8,766.4,800.3,799.9,713.9,81,79,05.11.2021 09:56,35.94,9.84,0.77,05.11.2021 09:54,623.2,618.3,621.4,615.4,618.2,612.2,622.7,619.6,618.7,615.1,617.6,613.9,627.2,620.7,619.8,617.2,620.2,616.3,560,538.3,623.2,618.3,621.4,615.4,618.2,612.2,622.7,619.6,618.7,615.1,617.6,613.9,627.2,620.7,619.8,617.2,620.2,616.3,560,538.3,248163429,5.11.2021 10:49,0.19,1,
05.11.2021 09:51,15,05.11.2021 09:54,166,525,496.8,31.3,91.3,536.9,511.5,38.8,1.5,546.2,517,52.1,0,567.8,536.7,19.6,0,596.1,558.8,16,0,628.8,601.1,39.7,0,634.9,631.9,14.5,34.1,634.5,633.3,16,25.9,660,665,650,638,635,632,631.9,637,652,671.9,681.1,683.1,631.9,12.2,660,665,650,638.2,635,632.1,632,637,652,671.9,681,683,632,3.6,660,665,649.9,637.9,635,632,631.9,637,652.1,671.9,680.9,682.9,632,0,05.11.2021 09:54,577.9,577.9,05.11.2021 09:54,469,469.1,602.4,602.2,486.7,770,769.6,801.2,800.8,714.6,81,79,05.11.2021 09:57,35.94,9.72,0.75,05.11.2021 09:55,619.9,613.5,618.3,611.7,614.2,609.3,620.4,617.2,615.4,611.8,616.9,612.9,626.1,620.7,617.8,615,621.1,616.9,557.6,535.5,619.9,613.5,618.3,611.7,614.2,609.3,620.4,617.2,615.4,611.8,616.9,612.9,626.1,620.7,617.8,615,621.1,616.9,557.6,535.5,248163522,5.11.2021 10:51,0.12,1,
05.11.2021 09:52,15,05.11.2021 09:55,166,525.4,495.9,27.5,100,536.4,510.9,43.8,5.8,546.3,515.9,51.6,0.4,568.2,535.5,16,6.1,595.1,558,25.5,0,630.3,600.5,25.7,2.9,635,632.3,13.6,31.5,634.3,633.9,18,20.8,659.9,664.8,650,638,635,632,631.9,637,651.8,671.8,680.9,683,631.7,14.2,660.1,665,650,637.9,635,632,632.1,636.9,651.9,671.9,681,683,632,3.6,660.1,665,650,638.1,635.1,632,632.1,636.9,652,671.9,680.8,682.9,632,0,05.11.2021 09:55,577.9,577.9,05.11.2021 09:55,466.6,466.7,600.3,600.1,486.6,768.3,767.8,800.5,800.1,713.5,81,79,05.11.2021 09:58,36.52,9.61,0.75,05.11.2021 09:56,620.3,615.6,620.2,614.9,614.3,610.5,621.2,618.9,617.5,613.4,617.2,614.4,625.5,620.9,619.2,615.8,619.8,616,559.2,536.5,620.3,615.6,620.2,614.9,614.3,610.5,621.2,618.9,617.5,613.4,617.2,614.4,625.5,620.9,619.2,615.8,619.8,616,559.2,536.5,248163584,5.11.2021 10:52,0.22,0,
05.11.2021 09:53,14,05.11.2021 09:56,166,524.4,497.1,37,92.3,537,510.4,38.4,10.2,547.4,515.4,41.5,4.8,565.3,534.7,43.2,13.6,595.1,557.9,26.4,0,629,599.9,37.7,8.6,635.3,632.7,10.7,28.1,635.8,634.4,3.9,6.6,659.9,665,650,638,635,631.9,631.9,636.9,651.9,671.9,681,683.1,631.7,14.4,660.1,665.1,650.2,638,634.9,631.9,631.8,636.9,652,671.9,681,683.1,632,3.6,659.5,664.6,649.6,637.8,634.7,631.9,631.8,636.9,651.4,671.5,680.2,682.2,632,0,05.11.2021 09:56,577.9,577.9,05.11.2021 09:56,471.1,471.3,605.4,605.1,487.1,772.3,771.8,801.8,801.5,715,82,79,05.11.2021 09:59,35.72,9.54,0.75,05.11.2021 09:57,618.2,612.7,616.2,610.2,612.6,607.9,619.1,615.8,614.7,610,614.1,611,623.7,618.7,617,613.7,617.2,613.6,560.3,535.7,618.2,612.7,616.2,610.2,612.6,607.9,619.1,615.8,614.7,610,614.1,611,623.7,618.7,617,613.7,617.2,613.6,560.3,535.7,248163612,5.11.2021 10:52,0.34,0,
05.11.2021 11:51,14,05.11.2021 11:54,168,509.2,495.7,35,78.5,515.3,508.1,38.7,32.8,534.3,513.3,50.9,33.1,552.7,534.4,34.2,24.7,574.9,554.9,19.3,18,609.7,600.3,22.4,20.8,632.5,632.2,12.6,30.4,632.3,633.1,13.5,19.8,659.1,663.9,648.7,636.7,632.6,630.6,630.5,635.7,650.4,670.6,679.8,682.1,631.5,12.5,660.1,664.9,650.1,638.1,635,632.1,632.1,636.9,651.9,672,681,683,632.1,2.7,659,663.9,649,636.9,632.9,630.9,631.1,636.9,650.9,671.1,680,682,632.1,0,05.11.2021 11:54,578.1,578.1,05.11.2021 11:54,476.5,476.6,601,600.9,486.1,759.2,758.8,801.3,801,708.8,82,79,05.11.2021 11:57,35.65,9.78,0.77,05.11.2021 11:54,626.7,622.1,623.3,616.5,618.8,613.7,625.7,623.5,622.4,616.4,620.4,617.4,628.7,622.7,622.3,618,620.7,616.1,561.6,541.6,626.7,622.1,623.3,616.5,618.8,613.7,625.7,623.5,622.4,616.4,620.4,617.4,628.7,622.7,622.3,618,620.7,616.1,561.6,541.6,248171681,5.11.2021 12:50,0.21,0,
05.11.2021 11:52,14,05.11.2021 11:55,168,511.9,496,38.4,82,517.7,508.7,43.5,29.7,536.8,515.5,54.5,12.9,555.6,535.5,33,13.9,576.5,555.7,31.9,10.1,612.4,600.6,25.2,17.8,632.8,632.4,10.9,29.8,632.4,632.5,13.3,25.7,659,663.9,648.6,636.6,632.6,630.7,630.6,635.7,650.4,670.5,679.8,682.1,631.3,15.4,660,665,650.1,638,635.1,632.3,631.9,636.9,652,671.9,681,683.1,632,3.7,659,663.9,648.9,636.9,632.9,630.9,630.9,636.9,650.9,671,680,681.9,632,0,05.11.2021 11:55,578.1,578.1,05.11.2021 11:55,482.4,482.5,606.3,606.1,486.8,761.5,761.1,801.7,801.4,709.5,82,79,05.11.2021 11:58,35.84,9.48,0.76,05.11.2021 11:56,624.8,620.3,621.7,615.7,618.6,614.6,624.1,622.4,620.2,615.9,620.4,616.2,627,622.2,620.7,617,620.5,615.9,560,541,624.8,620.3,621.7,615.7,618.6,614.6,624.1,622.4,620.2,615.9,620.4,616.2,627,622.2,620.7,617,620.5,615.9,560,541,248171770,5.11.2021 12:51,0.09,1,
05.11.2021 11:53,14,05.11.2021 11:56,168,513.6,495.7,41.7,89.1,519.6,509.2,43.4,26.1,538.7,515.7,54.7,10.4,557.5,535.3,32.7,15.2,578.3,555.6,33.2,10.4,614.4,600.7,25,16.5,632.6,632.4,13.4,30.7,632.6,632.9,11.9,22.5,659,663.9,648.8,636.7,632.6,630.7,630.6,635.9,650.5,670.6,679.8,682,631.4,15.2,660.1,664.9,650.2,638.1,635.1,632.2,632.2,637,652.1,672.1,681.1,683.1,631.9,4.7,659.2,664,649.1,636.9,633,630.9,631,637,650.9,671,679.9,681.9,631.9,0,05.11.2021 11:56,578.1,578.1,05.11.2021 11:56,480.5,480.6,603.9,603.7,486.6,760,759.6,801,800.7,709.6,82,79,05.11.2021 11:59,35.79,9.34,0.76,05.11.2021 11:57,622.6,617.6,620.2,613.7,616.7,611.5,621.9,619,617.6,613.8,618.2,614.9,627.5,621.5,620.2,616.3,621.1,618,559.5,541.7,622.6,617.6,620.2,613.7,616.7,611.5,621.9,619,617.6,613.8,618.2,614.9,627.5,621.5,620.2,616.3,621.1,618,559.5,541.7,248171831,5.11.2021 12:52,0.12,1,
05.11.2021 11:53,14,05.11.2021 11:56,168,514.9,496,38.8,88.4,520.6,509.5,43.1,23.6,539.6,515.6,55.1,11,558.1,535.1,35.9,17,580.4,555.6,23,10.2,614.7,600.6,31.5,17.2,632.8,632.4,11.8,31.1,632.6,633.1,12,20.6,659,663.9,648.7,636.6,632.6,630.7,630.6,635.8,650.5,670.5,679.8,682,631.4,15.6,660,665,650.3,638.1,635.2,632.1,632.3,637.1,652,672.1,681,683,631.9,4.7,659,664,649,636.9,632.9,630.9,630.9,637.1,651,670.9,679.9,682,631.9,0,05.11.2021 11:57,578.1,578.1,05.11.2021 11:57,479.3,479.4,602.6,602.5,487,758.3,758,800.3,800,709.1,81,79,05.11.2021 12:00,36.11,9.43,0.76,05.11.2021 11:57,623.2,618.9,623.5,616.4,618.2,613.7,621.5,619.7,619.3,615.9,619.7,616.7,626.9,622.9,620.4,616.9,619.5,615.7,561.5,540.6,623.2,618.9,623.5,616.4,618.2,613.7,621.5,619.7,619.3,615.9,619.7,616.7,626.9,622.9,620.4,616.9,619.5,615.7,561.5,540.6,248171863,5.11.2021 12:53,0.23,0,
05.11.2021 11:54,14,05.11.2021 11:57,168,516.7,496.9,40.8,83.4,522.3,509.5,44.9,24.2,541.5,515.3,55.4,13.4,560,535.1,35.4,16.9,582.2,555.8,24.2,7.7,616.8,600.9,30,13.9,632.6,632.5,14.1,30.9,632.6,633.2,12.3,19.6,658.9,664,648.7,636.6,632.7,630.7,630.5,635.6,650.5,670.6,679.8,681.9,631.5,15.2,659.8,665,650,637.9,634.9,632,631.9,636.9,652.1,671.9,681,683,631.9,4.8,659,664,649.1,637,632.9,631,630.9,636.9,651,671,680.1,682,631.9,0,05.11.2021 11:57,578.1,578.1,05.11.2021 11:58,476.7,476.9,600.4,600.3,486.8,763.1,762.8,801.8,801.5,710.1,82,79,05.11.2021 12:01,36.11,9.87,0.76,05.11.2021 11:58,623.9,619.6,622.4,615,619.3,613,623.5,621.7,620.5,614.8,618.2,614.3,627,622.9,622,616.8,622.8,617.3,561.8,540.2,623.9,619.6,622.4,615,619.3,613,623.5,621.7,620.5,614.8,618.2,614.3,627,622.9,622,616.8,622.8,617.3,561.8,540.2,248171924,5.11.2021 12:54,0.27,0,
05.11.2021 11:55,14,05.11.2021 11:58,168,517.6,497.1,41.8,83.1,523.3,509.6,44.5,23.5,542.3,515.1,56.9,15.2,560.9,535.2,35.8,15.9,582.1,555.7,34.3,8.4,617.9,601,29.1,12.6,632.7,632.6,13.4,30.2,632.8,633.1,10.6,20.5,659.1,664,648.8,636.7,632.7,630.7,630.6,635.9,650.5,670.6,679.8,681.9,631.6,14.5,660,665,650.1,638.1,635,631.9,632,636.9,652,672,681,682.9,632,3.9,659,664,649.1,637,633,631,631,636.9,651.1,671.1,680.2,682.2,632,0,05.11.2021 11:58,578.1,578.1,05.11.2021 11:58,481,481.1,605.4,605.3,487.3,762,761.7,801.3,801,710.3,82,79,05.11.2021 12:01,36.11,9.83,0.76,05.11.2021 11:59,623.3,618.2,621.7,616.3,617.9,613.4,622.8,621.2,619.4,615.5,620.2,615.8,626.9,621.3,620.4,616.8,620.2,616.5,560.7,540,623.3,618.2,621.7,616.3,617.9,613.4,622.8,621.2,619.4,615.5,620.2,615.8,626.9,621.3,620.4,616.8,620.2,616.5,560.7,540,248171952,5.11.2021 12:54,0.27,0,
05.11.2021 11:56,14,05.11.2021 11:59,168,519.4,497.4,43.7,83,525.3,509.6,43.7,23.9,544,515.1,58.8,15,562.6,535.4,37.3,13.6,584.3,556,32.1,4.8,619.6,601.1,31.4,10.8,632.7,632.7,13.8,29.8,632.8,632.9,10.9,22.5,659.1,664,648.8,636.7,632.8,630.8,630.8,635.9,650.7,670.7,679.8,681.9,631.6,15,660,664.9,650.2,638.1,635,632,632,637,652,672,681,682.9,631.9,4.9,659,664,649.1,637,633.1,631.1,631,637,651,671,680.1,682.1,631.9,0,05.11.2021 11:59,578.1,578.1,05.11.2021 11:59,482.8,483,605.9,605.8,487.5,759.8,759.3,800.3,800,709.7,81,79,05.11.2021 12:02,36.52,8.99,0.74,05.11.2021 11:59,621.1,616.9,622.6,617.7,616,611.3,620.9,618.9,618.7,616.3,618.5,613.8,625.8,621.5,620.5,618,619,615.5,558.5,541.9,621.1,616.9,622.6,617.7,616,611.3,620.9,618.9,618.7,616.3,618.5,613.8,625.8,621.5,620.5,618,619,615.5,558.5,541.9,248172013,5.11.2021 12:55,0.18,1,
05.11.2021 11:57,14,05.11.2021 12:00,168,522.3,498.1,43.8,79.6,527.6,509.6,48.9,24.6,546.9,516,53.6,5.8,565.6,536,35.7,6.8,587.1,556.4,33.3,0,622.6,601.6,30.8,4.4,633.3,633,8.5,27.5,633,633.2,9.3,20.1,659,664,648.9,636.9,632.8,630.9,630.8,635.9,650.7,670.8,679.9,682.1,631.7,14.6,660,665.1,650.4,638.3,635.2,632.1,632.1,637,652.1,672.1,681.1,683.1,632,4.1,659,664.1,649,637,633,631,630.9,637,650.9,670.8,680,682,632,0,05.11.2021 12:00,578.1,578.1,05.11.2021 12:00,479.5,479.5,602.6,602.3,487.1,762.5,762.1,801.1,800.8,710.8,81,79,05.11.2021 12:03,36.11,9.44,0.7,05.11.2021 12:01,624.7,619,622.4,616.6,617.4,612.6,622.9,619.3,618.7,615.4,619.3,614.8,627.6,623.9,620.9,617.2,622.5,618.2,560.6,539.3,624.7,619,622.4,616.6,617.4,612.6,622.9,619.3,618.7,615.4,619.3,614.8,627.6,623.9,620.9,617.2,622.5,618.2,560.6,539.3,248172106,5.11.2021 12:57,0.15,1,
05.11.2021 11:58,14,05.11.2021 12:01,168,523.4,498.5,42.4,76.6,529.1,509.7,43.6,23.9,546.9,516,53.8,5.3,566.3,536.2,37.5,4.2,588.3,556.6,30.9,0,623.2,601.6,34.3,3.7,632.7,632.9,14.3,28.5,632.7,633.2,12.1,20,659,663.9,648.8,636.7,632.7,630.7,630.8,635.8,650.7,670.8,679.9,682.2,631.7,14.7,660,665,650,638.1,635.1,632.1,632.2,637.1,652,672,681.1,683.1,632.7,0,659,664.1,648.9,637,633,631,631,637.1,651,670.9,679.9,681.8,632.7,0,05.11.2021 12:01,578.1,578.1,05.11.2021 12:01,478.1,478.3,601.5,601.3,486.8,760.5,760.1,800.3,800.1,710.6,82,79,05.11.2021 12:04,36.26,9.7,0.76,05.11.2021 12:01,623.3,618.7,621.7,614.7,617.6,612.9,623,621.1,618.3,614.3,617.9,614.8,626.2,621.8,619.7,616.5,622,617.3,559.9,539,623.3,618.7,621.7,614.7,617.6,612.9,623,621.1,618.3,614.3,617.9,614.8,626.2,621.8,619.7,616.5,622,617.3,559.9,539,248172135,5.11.2021 12:57,0.24,0,
05.11.2021 11:59,15,05.11.2021 12:02,168,523.4,498.9,43.4,73.8,530.9,509.9,44.7,22.2,546.7,515.7,56.1,7.3,566.7,535.9,34.1,5.7,590.2,556.7,31.5,0,625.2,601.5,33.9,3.2,633.3,632.9,8.8,28.8,632.7,633.2,12.3,19.7,658.9,663.9,648.8,636.8,632.8,630.8,630.8,635.9,650.8,670.9,679.9,682,631.7,15,660,665,649.8,638.1,635,632,632.1,637.2,652.2,672.2,681.1,683.1,632.9,0,659,664,648.9,636.9,633,631,631,637.2,651,671,680,681.9,632.9,0,05.11.2021 12:02,578.1,578.1,05.11.2021 12:02,480.8,481,605.3,605.1,487.5,764.7,764.3,801.7,801.5,711.7,82,79,05.11.2021 12:06,35.62,9.43,0.71,05.11.2021 12:02,621.7,617.4,623.1,615.4,615.6,610.3,621.3,619.1,618.3,614.1,616.7,613.2,626.6,622.3,620.7,616.2,619.8,616.5,560.8,539,621.7,617.4,623.1,615.4,615.6,610.3,621.3,619.1,618.3,614.1,616.7,613.2,626.6,622.3,620.7,616.2,619.8,616.5,560.8,539,248172196,5.11.2021 12:58,0.48,0,
05.11.2021 12:01,14,05.11.2021 12:04,168,525.6,499.8,24,59.8,536.8,512.3,35.7,0,547.2,521,47.9,0,567.3,539.3,27.3,0,596.8,561.8,7.4,0,627.2,604.9,50.7,0,633.8,632.6,4.3,29.3,632.8,632.3,11.6,26.8,658.9,664,648.9,636.8,632.8,630.8,630.9,635.9,650.9,670.9,680,682,632.3,9,659.8,664.9,649.9,637.9,635,631.9,632,636.9,652,672,680.9,683,632.3,0.9,659.1,664,649,637,633,631,631,636.9,651,671,679.9,681.9,632.3,0,05.11.2021 12:04,578,578,05.11.2021 12:04,477.2,477.3,601.1,601,487.7,762.5,762,801.3,801.1,711.3,81,79,05.11.2021 12:07,35.77,9.44,0.7,05.11.2021 12:05,621.9,617.4,621.7,613.4,616.1,612.1,622.5,620.9,618.3,613.2,619.5,615,625.5,620.5,619.3,615,620.5,615.9,560.9,541.5,621.9,617.4,621.7,613.4,616.1,612.1,622.5,620.9,618.3,613.2,619.5,615,625.5,620.5,619.3,615,620.5,615.9,560.9,541.5,248172619,5.11.2021 13:01,0.3,0,
05.11.2021 12:02,14,05.11.2021 12:05,168,524.6,494,34.4,100,536.5,511.6,44.1,3.5,547,518.8,50,0,566.7,537.1,33.2,0,597.4,560.5,2.4,0,626.8,603.6,56,0,632.9,631.8,13,38.1,632.1,632,18.3,30.8,658.9,663.8,648.8,636.8,632.9,630.8,630.7,635.8,650.9,670.8,680,681.9,631.8,13.6,659.9,664.9,650,637.9,634.9,632,632.1,636.9,651.9,671.9,680.9,682.8,631.9,4.6,659,664,649,637,633,630.9,631,636.9,651.1,670.9,679.9,681.9,631.9,0,05.11.2021 12:05,578,578,05.11.2021 12:05,480.2,480.3,604.7,604.5,488,760.3,759.9,800.3,800,710.6,81,79,05.11.2021 12:08,36.01,9.19,0.69,05.11.2021 12:06,623.3,618,621.7,616.5,618.3,613.6,623.1,620.6,618.7,615.2,619.8,616.1,626.3,621.7,620.1,617.1,621.1,616.3,558.4,540.5,623.3,618,621.7,616.5,618.3,613.6,623.1,620.6,618.7,615.2,619.8,616.1,626.3,621.7,620.1,617.1,621.1,616.3,558.4,540.5,248172680,5.11.2021 13:02,0.49,0,
05.11.2021 12:03,15,05.11.2021 12:06,168,524.4,494.8,36.8,100,536.3,510.7,46.6,10.8,546.9,517,51.3,0,566.7,535.6,33.4,7.3,596.8,559.3,8.6,0,629.2,602.7,34.4,0,633.1,632.7,11.2,30.6,632.3,633,16.6,21.9,659,664,648.8,636.8,632.8,630.8,630.8,635.8,650.8,670.7,679.9,681.7,631.5,16.9,660.2,665.2,650.3,638,634.9,631.9,631.9,636.9,652,671.9,681,683.1,631.8,5.7,658.9,664,649,637,633,631,631.1,636.9,651.1,671.1,680.1,682.1,631.8,0,05.11.2021 12:06,578,578,05.11.2021 12:06,480.1,480.2,603.8,603.6,488,764.5,764.1,801.5,801.2,711.6,81,79,05.11.2021 12:09,36.01,9.2,0.69,05.11.2021 12:07,622.8,617,620.6,614.3,616.8,612.2,622.2,618.9,618,614.9,616.2,613.6,627.1,622.6,620,616.4,620.4,615.8,559.6,540.7,622.8,617,620.6,614.3,616.8,612.2,622.2,618.9,618,614.9,616.2,613.6,627.1,622.6,620,616.4,620.4,615.8,559.6,540.7,248172741,5.11.2021 13:03,0.3,0,
05.11.2021 12:04,14,05.11.2021 12:07,168,524.6,496.5,35.1,94,536.2,510.3,47.9,14.3,547,516.4,50.5,0.2,566.3,535,36.8,12.7,592.4,558.6,50.9,0,628.7,602,39.1,0,633,632.9,12.1,28.9,633.3,633.4,7.2,18.1,659.1,664,648.9,636.8,632.9,630.9,630.8,635.8,650.8,670.7,679.9,681.8,631.5,17.1,660.1,665.1,650.3,638,635.2,632.2,632,637,652,672,680.9,683.1,631.9,4.9,659.1,664,649,637,632.9,631,631.1,637,650.9,671,680,682,631.9,0,05.11.2021 12:07,578,578,05.11.2021 12:07,478.9,479.1,602.8,602.6,488,763,762.6,800.8,800.6,711.2,81,79,05.11.2021 12:10,35.94,9.31,0.69,05.11.2021 12:07,621.5,616.8,621,614.6,616.2,610.7,621.3,618.9,617.5,615,616.8,613.2,626.4,620.7,620.1,617.1,621.1,617,558.9,538.7,621.5,616.8,621,614.6,616.2,610.7,621.3,618.9,617.5,615,616.8,613.2,626.4,620.7,620.1,617.1,621.1,617,558.9,538.7,248172769,5.11.2021 13:03,0.3,0,
05.11.2021 12:04,14,05.11.2021 12:07,168,524.5,498.2,36,79.3,536.2,509.9,48.1,18,546.6,515.7,54.3,6.3,567.2,534.6,28.9,16.6,595.7,558.4,19.4,0,630.5,601.9,22.7,0,633.2,633.1,10.3,27.1,632.5,633.4,14.9,17.9,659.1,664.1,649,636.9,632.9,630.9,630.8,636,650.8,670.8,679.9,681.9,631.6,16.4,660,665,650.2,638.2,635,632.2,632,636.9,652.2,672.1,681,683,631.8,5.9,658.9,664,649,637,633,631,631,636.9,651.1,671,680.2,682.1,631.8,0,05.11.2021 12:07,578,578,05.11.2021 12:07,477.6,477.8,601.7,601.5,488.1,761.3,760.9,800.1,799.8,711,82,79,05.11.2021 12:10,35.87,9.4,0.7,05.11.2021 12:08,622,617.2,621.9,614.3,615.8,610.7,621.9,619.6,618.2,614.2,616.3,613.4,627,621.7,620.5,615.4,619.4,614.6,558.4,539.2,622,617.2,621.9,614.3,615.8,610.7,621.9,619.6,618.2,614.2,616.3,613.4,627,621.7,620.5,615.4,619.4,614.6,558.4,539.2,248172801,5.11.2021 13:04,0.33,0,
05.11.2021 12:05,14,05.11.2021 12:08,168,524,499.4,40.9,68.4,536.5,509.6,45.6,20.9,547,515.3,50.8,9.9,566.1,534.4,38.8,18.6,593.5,558.2,41.1,0,628.8,601.3,39,3.1,632.9,633.1,13.1,27.1,633.1,633.2,9.2,19.6,659.1,664,648.9,636.8,632.9,630.9,630.9,636,650.8,670.8,679.8,681.8,631.8,14.7,660.1,665,650,638.1,635,632,632.2,637,652,672.1,681,683.1,632,4.1,658.9,664,649,637,633,631,630.9,637,651,671,680.1,682.1,632,0,05.11.2021 12:08,578,578,05.11.2021 12:08,476.4,476.5,600.6,600.5,487.9,764.5,764.1,801.2,800.9,711.9,81,79,05.11.2021 12:11,35.94,9.35,0.7,05.11.2021 12:08,621.7,617,621.1,614.7,615.4,609.7,620.7,618.4,617.4,613.6,614.7,611,626,621,619.6,615.8,618.7,613.7,558.7,539.9,621.7,617,621.1,614.7,615.4,609.7,620.7,618.4,617.4,613.6,614.7,611,626,621,619.6,615.8,618.7,613.7,558.7,539.9,248172830,5.11.2021 13:04,0.33,0,
05.11.2021 12:05,14,05.11.2021 12:08,168,524.5,499.7,36.4,65.6,536.3,509.2,47.6,25,546.7,515,53.7,12.6,567.5,534.5,26.1,18,594.9,557.9,27.5,0,629.9,601.2,28.9,3.6,633.3,633.2,9.4,26.2,632.8,633,12.1,21.6,659,663.9,649,637,632.9,630.9,630.8,635.9,650.8,670.9,679.9,682,631.9,13.8,660,665,650,638.1,635.1,631.9,632,637,652,672.1,681,683.1,632.1,3.1,658.9,663.9,649,636.9,632.9,630.9,631,637,651,671,679.8,681.9,632.1,0,05.11.2021 12:08,578,578,05.11.2021 12:08,478.3,478.3,603.6,603.5,487.6,766.6,766.3,801.9,801.5,712.2,81,79,05.11.2021 12:11,35.87,9.36,0.7,05.11.2021 12:09,621.8,616.8,620.9,613.5,615.4,611,622,619.4,618.7,613.5,617.2,613.8,626.5,621.5,620.6,614.8,619.3,615.7,559,537.8,621.8,616.8,620.9,613.5,615.4,611,622,619.4,618.7,613.5,617.2,613.8,626.5,621.5,620.6,614.8,619.3,615.7,559,537.8,248172858,5.11.2021 13:04,0.51,0,
05.11.2021 12:06,14,05.11.2021 12:09,168,524.2,498.3,39.6,79.9,536.8,508.9,43.5,29.6,547.2,514.9,49.4,13.7,565.9,535,40.8,13.6,595,557.6,27.8,0,629.8,601.1,30.5,3.2,633.2,632.9,10.4,29.2,633,633,10.2,21.8,658.9,663.8,648.9,636.9,632.9,630.9,630.8,636,650.9,670.8,680,682.1,631.8,14.9,659.9,664.9,650,638,634.9,631.9,632,636.9,651.9,671.9,681,683,632.1,3,659.1,664,649.1,637,633,631,630.9,636.9,650.9,670.9,679.8,681.9,632.1,0,05.11.2021 12:10,577.9,577.9,05.11.2021 12:10,480.3,480.5,604.6,604.3,487.8,762.6,762.2,800.2,799.9,711.5,81,79,05.11.2021 12:14,33.03,9.26,0.71,05.11.2021 12:10,621.1,615.8,619.6,613.4,614.6,609.5,620.9,618.2,616.8,612.6,615.2,611.5,626.7,622,619.3,615.2,619.5,614.8,560.8,539.4,621.1,615.8,619.6,613.4,614.6,609.5,620.9,618.2,616.8,612.6,615.2,611.5,626.7,622,619.3,615.2,619.5,614.8,560.8,539.4,248172951,5.11.2021 13:06,0.28,0,
05.11.2021 12:09,15,05.11.2021 12:12,168,524.8,499.9,34.2,59.1,537.7,513,32.5,0,547,522.1,47.1,0,567.7,540.4,21.1,0,597.4,562.8,4.2,0,627.9,605,47.9,0,633.3,632.6,9.4,29.6,632.6,631.8,13.8,31.5,658.9,664,649,636.9,632.9,630.9,631,636,651,671,680.1,682,632.8,4.3,659.9,665,649.9,638,635.1,632.1,632.1,637,651.9,672,681,683,632.1,2.6,658.9,663.9,649,637,633,630.9,630.9,637,651,671,680.1,682,632.1,33.5,05.11.2021 12:12,577.9,577.9,05.11.2021 12:13,480.8,481,605.7,605.5,488.5,765.5,765,801.8,801.5,712.5,82,79,05.11.2021 12:16,32.64,9.11,0.69,05.11.2021 12:13,621.1,616,619.3,612.1,616.1,611.4,620.4,617.8,616.3,612.1,617.1,613.9,625.5,620.9,619.1,614.3,620.4,617.2,558.9,540.8,621.1,616,619.3,612.1,616.1,611.4,620.4,617.8,616.3,612.1,617.1,613.9,625.5,620.9,619.1,614.3,620.4,617.2,558.9,540.8,248173139,5.11.2021 13:09,0.27,0,
05.11.2021 12:10,15,05.11.2021 12:13,168,523.8,496.3,44,94,535.8,512.8,51.1,0,546.7,520.8,50,0,565.6,538.9,40.8,0,592.3,561.5,52.9,0,631,604.5,18.8,0,633.3,632.1,9.7,34.9,633.5,631.7,5.6,33.3,658.9,664,648.9,637,633,631,630.9,635.9,650.9,671,680.1,682.1,632.4,7.8,660.1,665.1,650.1,638,634.9,632,631.9,636.9,652,672.1,681,683,631.9,4.4,659,664,649,637,633,630.9,631,636.9,650.9,670.9,679.9,681.8,631.9,100,05.11.2021 12:13,577.9,577.9,05.11.2021 12:13,479.5,479.7,604.6,604.3,488.5,764.3,764,801.3,801,711.7,82,79,05.11.2021 12:16,32.74,9.22,0.69,05.11.2021 12:14,622,617.2,623.5,618.9,616.2,610.2,619.6,618.1,618.2,615.9,615.9,612.1,624.7,620.9,619.5,617.2,619.4,615,559.5,543.1,622,617.2,623.5,618.9,616.2,610.2,619.6,618.1,618.2,615.9,615.9,612.1,624.7,620.9,619.5,617.2,619.4,615,559.5,543.1,248173168,5.11.2021 13:09,0.44,0,
05.11.2021 12:11,14,05.11.2021 12:14,168,524.4,493.7,38.8,100,536.7,512,42.9,0.3,547.1,518.6,46.8,0,565.5,536.9,42,0,593.4,560.3,42.8,0,629.4,603,34.3,0,633.6,632.8,6.8,29.3,633.7,632.3,3.6,29.1,659,664,648.8,636.9,632.9,631,631,635.8,650.9,671,680,682,631.7,14.3,659.9,665,650,638,635,632.1,632,637,652,672,681,683,631.8,5.4,659.2,664.1,649.1,637,633,631,631,637,651.1,671,680,682,631.8,0,05.11.2021 12:14,577.9,577.9,05.11.2021 12:14,476.5,476.7,602.2,602,488.6,762.5,762.1,800.4,800.1,711.7,82,79,05.11.2021 12:17,32.06,9.29,0.71,05.11.2021 12:14,621.4,616.7,620.4,614,617.8,612.8,621.6,618.5,617.2,613.2,616.2,613.6,626.3,622.4,619.8,615.4,619.2,616.4,557,538.6,621.4,616.7,620.4,614,617.8,612.8,621.6,618.5,617.2,613.2,616.2,613.6,626.3,622.4,619.8,615.4,619.2,616.4,557,538.6,248173229,5.11.2021 13:10,0.24,0,
05.11.2021 12:12,14,05.11.2021 12:15,168,525.4,497.2,29.1,87.7,536.7,511,43.1,7.9,547.4,517,44.3,0,565.1,535.3,46,9.9,594.3,559.3,34.5,0,629.2,602.3,36.7,0,633.4,633.6,8.8,21.6,633.7,633,3.6,23,659,663.9,648.9,636.9,632.8,630.9,630.9,635.9,650.9,670.9,679.9,681.9,631.5,16.7,659,664.2,649.1,637.4,634.3,631.3,631.2,636.3,651.1,671.3,680.5,682.5,631.9,4.7,659.1,664.1,649,637.1,633.1,631,631,636.3,651.1,670.9,680,681.9,631.9,0,05.11.2021 12:15,577.9,577.9,05.11.2021 12:15,474.4,474.5,600.9,600.7,488,766.8,766.5,801.6,801.3,712.6,82,79,05.11.2021 12:18,32.23,9.29,0.7,05.11.2021 12:15,621.5,616.9,622.3,616.9,616.2,611.7,621.3,619.1,618.7,615.3,618.8,614.1,626.7,622.4,621.1,616.9,620.5,615,558.6,541.4,621.5,616.9,622.3,616.9,616.2,611.7,621.3,619.1,618.7,615.3,618.8,614.1,626.7,622.4,621.1,616.9,620.5,615,558.6,541.4,248173289,5.11.2021 13:11,0.39,0,
05.11.2021 12:12,14,05.11.2021 12:15,168,524.2,499.3,40.4,68.8,536.8,510.5,42.1,12.2,546.4,516.3,53.9,0.4,568.1,535,18,12.6,595.2,559,25.5,0,630,602,29.4,0,632.8,633.6,14.5,21.3,632.5,632.9,14.9,24.1,659,663.9,648.9,636.9,632.8,630.8,630.9,635.9,650.9,670.8,679.9,682,631.8,14.1,659.1,664.1,649.3,637.1,633.3,631.1,631,636.1,651.2,671.3,680.3,682.3,631.8,5.7,659.1,664.1,649.1,637,633,631,631,636.1,651,671.1,680,682,631.8,0,05.11.2021 12:15,577.9,577.9,05.11.2021 12:15,478.7,478.8,605.6,605.5,488,765.3,764.9,801,800.7,712.1,82,79,05.11.2021 12:18,32.33,9.22,0.7,05.11.2021 12:16,621.4,616.2,620.7,613.2,616.2,609.9,621.5,618.3,617,612.8,615.4,611.4,626.8,622.3,620.1,615.6,620.2,616.1,560.1,540.4,621.4,616.2,620.7,613.2,616.2,609.9,621.5,618.3,617,612.8,615.4,611.4,626.8,622.3,620.1,615.6,620.2,616.1,560.1,540.4,248173322,5.11.2021 13:12,0.28,0,
05.11.2021 12:13,14,05.11.2021 12:16,168,524.7,500.6,35.6,56.3,536.5,510,45.1,16.8,547.4,515.9,44.5,3.7,565.4,534.5,43.5,17.4,594.4,558.7,33.7,0,629.7,601.6,32.4,0,633.2,633.4,10.7,23,633.5,632.9,5.4,24.2,659,663.9,648.9,636.9,632.9,630.8,630.8,635.9,650.9,670.8,679.9,681.9,632.1,11.3,659,664,648.7,637.6,633.9,632.2,633.6,637.5,650.8,670.8,679.9,681.9,637.8,0,659,664,649,637,633,630.9,631,637.5,651.1,671,680.1,682.1,637.8,0,05.11.2021 12:16,577.9,577.9,05.11.2021 12:16,479.3,479.5,605.8,605.5,488.6,763.5,763.1,800.3,800,711.8,82,79,05.11.2021 12:19,32.15,9.28,0.7,05.11.2021 12:16,622.3,617.2,620.9,616.7,616.1,611.7,621.1,618.3,618.2,615.3,617.2,614.1,626.6,622.4,620.5,617.4,620.7,617.4,558.6,540,622.3,617.2,620.9,616.7,616.1,611.7,621.1,618.3,618.2,615.3,617.2,614.1,626.6,622.4,620.5,617.4,620.7,617.4,558.6,540,248173350,5.11.2021 13:12,0.26,0,
05.11.2021 12:13,14,05.11.2021 12:16,168,524.3,501.1,39.3,50.8,536.7,509.6,43.3,20.6,546.6,515.3,52.2,9,567.9,534.7,20,15.7,595.1,558.5,26.5,0,629.6,601.3,33.5,0.2,632.8,633.3,14.5,23.8,632.6,632.8,13.9,25.3,659.1,664,648.9,636.9,632.8,630.9,630.9,635.9,650.8,670.9,679.9,681.8,632.2,10.2,659,663.9,648.9,637.1,633.1,631.3,632.4,636.6,650.8,670.9,679.9,682,637.4,0,659,664,649.1,637,633,631,631,636.6,651.2,671.1,680.1,682.1,637.4,0,05.11.2021 12:16,577.9,577.9,05.11.2021 12:16,478.5,478.6,604.8,604.6,488,766,765.6,801.1,800.8,712.5,82,79,05.11.2021 12:19,32.33,9.24,0.7,05.11.2021 12:17,621.9,616.7,620,614.1,615.2,610.3,621.3,618.2,617.6,614.4,616.7,612.6,627.2,622.9,619.8,616.3,619.3,615,560.3,539.7,621.9,616.7,620,614.1,615.2,610.3,621.3,618.2,617.6,614.4,616.7,612.6,627.2,622.9,619.8,616.3,619.3,615,560.3,539.7,248173383,5.11.2021 13:13,0.25,0,
05.11.2021 12:14,14,05.11.2021 12:17,168,524.6,500.4,36.5,56.7,536.3,509.1,47.2,25.7,547.1,515,47.6,11.8,565.5,534.4,42.7,18.8,594.6,558.3,31.9,0,630.1,601.2,28.9,0.6,633.4,633.3,8.8,23.7,633.2,632.8,8.2,25.5,659.1,664.1,649,637,632.9,630.9,630.8,635.9,650.8,670.8,679.9,681.9,632.3,9.1,659,663.9,648.7,636.9,633.1,631.1,631.7,636.1,650.6,670.7,679.8,681.9,637,0,658.9,664,649,637,633,631,631,636.1,651,671,680,682,637,13.2,05.11.2021 12:17,577.9,577.9,05.11.2021 12:17,477.3,477.5,603.7,603.6,488.3,768,767.6,801.7,801.3,712.7,82,79,05.11.2021 12:20,32.74,9.29,0.71,05.11.2021 12:17,621.8,617.4,621.7,615.2,615.2,610.9,622.1,619.6,617.8,614.6,616.5,613.6,626.1,620.7,619.4,615.8,619.4,616.2,557.8,539.6,621.8,617.4,621.7,615.2,615.2,610.9,622.1,619.6,617.8,614.6,616.5,613.6,626.1,620.7,619.4,615.8,619.4,616.2,557.8,539.6,248173411,5.11.2021 13:13,0.16,1,
05.11.2021 12:17,15,05.11.2021 12:19,168,524.7,499,35.7,73.2,536.6,509.6,44.8,24.3,547.3,515.3,46,9.1,566.3,535.5,35.3,7.9,596,557.9,18.9,0,629.7,600.8,33.3,2.1,633,633.1,12.5,25.5,633,633,10,24,659,664.1,649,636.9,633,631,631,635.9,650.9,671,680,682,632,12,659,663.9,648.8,636.7,632.7,630.8,631,635.7,650.7,670.7,679.8,682,635,0,659.1,664,649,637.1,633.1,631,630.9,635.7,650.9,671,680,681.9,635,0,05.11.2021 12:20,577.9,577.9,05.11.2021 12:20,479.5,479.5,606.1,605.9,488.6,767,766.6,801,800.6,712.8,82,79,05.11.2021 12:23,33.25,9.53,0.72,05.11.2021 12:20,621.1,616.3,620.5,614.8,614.8,609.8,620,617.2,616.9,613.4,614.8,611.2,625.2,619.4,617.2,614.3,619.3,614.3,559,539.4,621.1,616.3,620.5,614.8,614.8,609.8,620,617.2,616.9,613.4,614.8,611.2,625.2,619.4,617.2,614.3,619.3,614.3,559,539.4,248173594,5.11.2021 13:16,0.24,0,
05.11.2021 12:17,14,05.11.2021 12:20,168,524.9,499.4,33.7,69.8,536.4,510.1,46.8,19.7,547.2,515.4,47,7.8,566.4,535.3,34.5,9.2,596,557.7,18.9,0,629.7,600.7,33.5,2.6,632.8,633,14.5,26.5,633.2,633.1,8.1,23.3,658.9,663.9,648.9,636.9,632.9,630.8,630.9,635.8,650.8,670.8,679.9,682,632,12,658.9,664,648.9,636.8,632.8,630.8,631,635.7,650.7,670.8,679.9,682,634.6,0,659,664,649,637,633,630.9,631,635.7,651,671,680,682,634.6,2.3,05.11.2021 12:20,577.9,577.9,05.11.2021 12:21,477.3,477.5,604,603.8,488.4,767.7,767.4,801.1,800.8,713,82,79,05.11.2021 12:24,33.47,9.17,0.69,05.11.2021 12:21,621.9,615.9,620.2,615.8,615.4,610.1,621.6,618.6,616.6,614,617.8,613.6,625.9,620.4,618.6,615.7,619.8,616.7,557.6,541.1,621.9,615.9,620.2,615.8,615.4,610.1,621.6,618.6,616.6,614,617.8,613.6,625.9,620.4,618.6,615.7,619.8,616.7,557.6,541.1,248173654,5.11.2021 13:17,0.41,0,
05.11.2021 12:18,14,05.11.2021 12:21,168,524.8,498.9,0,75.2,536.6,510.6,44.9,14.6,547.1,515.3,48.1,8.5,566.6,535.1,32.6,10.8,595.9,557.5,19.9,0,629.8,600.7,32.7,2.2,633.1,633.1,11.7,25.7,633.1,633.3,9.1,21.3,659,664,649,637,632.9,630.8,630.9,636,650.8,670.9,679.9,682,632,12,658.9,663.9,648.8,636.8,632.9,630.9,631,635.7,650.7,670.7,679.8,681.9,634.1,0,659,664.1,649,637,633.1,631,631,635.7,651.1,671.1,680.2,682.2,634.1,0,05.11.2021 12:21,577.9,577.9,05.11.2021 12:22,474.6,474.8,601.8,601.6,488.4,768.1,767.8,801.3,800.9,713.5,82,79,05.11.2021 12:25,33.5,9.14,0.69,05.11.2021 12:22,622,616.5,619.6,613.3,615.2,611.1,621.6,618.3,617.3,613.4,618.3,614,626.5,621.1,618.5,615,620.2,616.7,559.4,538.6,622,616.5,619.6,613.3,615.2,611.1,621.6,618.3,617.3,613.4,618.3,614,626.5,621.1,618.5,615,620.2,616.7,559.4,538.6,248173715,5.11.2021 13:18,0.42,0,
05.11.2021 12:20,15,05.11.2021 12:23,168,524.6,498.9,0,76.7,536.9,510.6,42.2,13.4,547.2,515.1,47.2,10,566.7,535,31.4,11.6,594.2,557.2,35.9,0,629.9,600.6,31.8,2.6,632.9,633,13.6,26.8,632.9,633.2,11,21.9,659,664,648.9,637,632.9,630.9,630.9,636.1,651,670.9,679.9,682,631.9,12.9,659,663.9,649,636.9,632.7,630.8,630.9,635.8,650.6,670.7,679.8,681.9,633.5,0,658.9,664,649,637,633,631.1,631,635.8,650.9,670.9,680,682,633.5,0,05.11.2021 12:23,577.9,577.9,05.11.2021 12:23,477.1,477.3,604.5,604.3,488.1,769.8,769.5,801.6,801.3,713.6,82,79,05.11.2021 12:26,33.5,9.05,0.69,05.11.2021 12:23,620.7,615.8,619.6,615.2,614.8,609.3,621.4,618.5,616.9,613.3,617.4,612.4,625.5,620.4,618.4,615.3,619.6,613.7,559.4,537,620.7,615.8,619.6,615.2,614.8,609.3,621.4,618.5,616.9,613.3,617.4,612.4,625.5,620.4,618.4,615.3,619.6,613.7,559.4,537,248173805,5.11.2021 13:19,0.46,0,
05.11.2021 12:20,14,05.11.2021 12:23,168,524.5,498.8,37.8,78.1,536.6,510.6,45,13.1,547.1,515.1,48.1,9.9,566.9,535,29.9,11.6,595.4,557.2,24.8,0,630.1,600.6,29.9,2.5,633.1,633.1,11.7,26,632.9,633.1,11,22.8,659,664,648.9,636.9,632.9,631.1,631.1,636.2,651,671,680,682.1,631.9,13,659.2,664,649.2,636.8,632.8,630.8,630.9,635.7,650.7,670.8,679.9,682,633.5,0,658.9,664,649.1,637,633.1,630.9,630.9,635.7,651,671,680.1,682,633.5,0,05.11.2021 12:23,577.9,577.9,05.11.2021 12:23,476.9,477,604,603.7,488.3,769.5,769,801.5,801.1,714,82,79,05.11.2021 12:26,33.57,9.08,0.7,05.11.2021 12:24,619.8,614,618.9,615.3,614,608.6,619.6,616.9,616.3,613.5,614.5,610.7,624.1,619.6,618.3,615.8,617.8,613.6,559.6,539.2,619.8,614,618.9,615.3,614,608.6,619.6,616.9,616.3,613.5,614.5,610.7,624.1,619.6,618.3,615.8,617.8,613.6,559.6,539.2,248173837,5.11.2021 13:20,0.15,1,
05.11.2021 12:21,15,05.11.2021 12:24,168,524.8,498.7,34.8,80,536.6,510.2,45.2,16.4,547.1,515,48.2,10.8,566.9,535,29.9,11.5,595.6,557.2,22.9,0,629.8,600.5,32.8,3.2,632.9,633.1,13.6,26,632.8,633,11.9,23.8,659,663.9,648.9,636.9,633,630.9,631,635.9,651,671,680,682.1,631.7,15.1,659,663.9,649.2,636.9,633,631,631,635.7,650.9,670.9,679.9,682.1,633.2,0,658.9,664,649,637,633,631.1,630.9,635.7,650.9,670.9,680,682,633.2,0,05.11.2021 12:24,577.9,577.9,05.11.2021 12:24,474.8,474.9,602,601.8,487.9,765.9,765.6,800.2,799.8,713,82,79,05.11.2021 12:27,33.5,9.14,0.7,05.11.2021 12:25,619.4,615,620.5,613.5,614.4,609.9,619.5,616.1,615.2,612.1,615,611.9,625.5,617.8,616.1,612.6,617.9,614.4,558.1,537.2,619.4,615,620.5,613.5,614.4,609.9,619.5,616.1,615.2,612.1,615,611.9,625.5,617.8,616.1,612.6,617.9,614.4,558.1,537.2,248173898,5.11.2021 13:21,-0.06,1,
05.11.2021 12:22,14,05.11.2021 12:25,168,524.5,498.6,37.8,81.5,536.9,510,42.4,18.2,547.1,514.9,48.3,11.8,566.8,535.1,30.7,10.5,594.3,557,35.2,0,630.3,600.5,28.2,3.1,633.3,633.1,9.9,26,633.1,633.1,9.2,22.9,659,663.9,648.9,636.9,633,630.9,630.9,636,651,671,680,682,631.9,13.3,659.2,664.1,649.1,637,633,631.1,631.1,635.8,650.9,670.9,679.9,682.1,633.1,0,659.1,664,649,636.9,632.9,631,631,635.8,650.9,671,679.8,681.9,633.1,0,05.11.2021 12:25,577.9,577.9,05.11.2021 12:25,473.5,473.7,601,600.8,487.9,769.1,768.8,801.3,801,713.5,82,79,05.11.2021 12:28,33.5,9.18,0.7,05.11.2021 12:25,620,614,618.6,610.6,614.4,609.6,619.8,616.2,615.6,610.8,615,612.4,624,618.8,618.3,613.1,619.1,614.5,558.8,536.2,620,614,618.6,610.6,614.4,609.6,619.8,616.2,615.6,610.8,615,612.4,624,618.8,618.3,613.1,619.1,614.5,558.8,536.2,248173926,5.11.2021 13:21,0.21,0,
05.11.2021 12:22,14,05.11.2021 12:25,168,524.9,498.9,33.8,79.2,536.6,509.8,45.3,20.1,547.2,514.9,47.3,11.8,566.7,535,31.8,11.4,595.5,557,23.9,0,629.8,600.4,32.9,4,633.2,633.1,10.9,26.1,632.9,633.1,11,22.9,659,663.9,649,637,633,630.8,631,636,650.8,671,680,682.1,631.9,13.4,659,664,649.1,636.8,632.8,630.9,631.1,635.7,650.8,670.8,679.9,682,632.9,0,659,664,649.1,637,633,631.1,631,635.7,650.9,671,679.9,681.8,632.9,8.8,05.11.2021 12:25,577.9,577.9,05.11.2021 12:25,472.8,472.9,600.7,600.5,487.9,770.9,770.5,801.8,801.5,714.4,82,79,05.11.2021 12:28,33.57,9.18,0.7,05.11.2021 12:26,619.6,614.7,618.7,611.7,613.9,609.2,619.5,616.6,615.5,611.7,614.8,611.9,625.5,619.8,618.3,613.9,620,614.8,559.4,537.3,619.6,614.7,618.7,611.7,613.9,609.2,619.5,616.6,615.5,611.7,614.8,611.9,625.5,619.8,618.3,613.9,620,614.8,559.4,537.3,248173958,5.11.2021 13:22,0.43,0,
05.11.2021 12:23,15,05.11.2021 12:26,168,525,499.4,32.8,74.8,536.9,509.7,42.4,21.2,547.2,515,47.3,10.9,567.1,535.1,27.9,10.4,594.3,556.9,35.3,0,630,600.4,31,3.9,632.9,633.1,13.6,26.1,633,633.1,10.1,22.9,658.9,663.8,648.9,637,632.9,630.9,630.9,635.8,650.9,670.9,680,682,632.1,11.5,659,663.9,648.9,636.9,632.8,631,630.9,635.9,650.9,671,679.9,682,632.8,0,659.1,664,649,637,633,631,631.1,635.9,651,671,680,681.9,632.8,12.1,05.11.2021 12:26,577.9,577.9,05.11.2021 12:26,478,478.1,606.2,606,488.3,769.6,769.2,801.3,801,714.2,82,79,05.11.2021 12:29,33.74,9.21,0.7,05.11.2021 12:26,620.1,614.8,618.2,614.9,614.8,609.7,619.2,616.9,616,613.5,618,611.9,624.8,618.7,618.2,615.5,620.7,615.8,560.6,539,620.1,614.8,618.2,614.9,614.8,609.7,619.2,616.9,616,613.5,618,611.9,624.8,618.7,618.2,615.5,620.7,615.8,560.6,539,248173987,5.11.2021 13:22,0.47,0,
05.11.2021 12:24,14,05.11.2021 12:27,168,524.3,499.7,39.3,72.2,536.9,509.7,42.6,21.6,547.4,515.1,45.5,9.9,566.8,535.2,30.8,9.2,595.5,557,23.9,0,629.9,600.4,32,3.7,632.7,633,15.5,27.2,632.8,633.1,12,22.6,659.1,664,649,636.9,633,631,630.9,635.9,650.9,670.9,679.9,681.9,631.9,13.4,658.9,664,649.1,637,632.9,631,631,635.8,650.9,670.9,679.9,681.9,632.5,0,659,663.9,649,637,632.9,631,630.9,635.8,650.9,671,680,682,632.5,0,05.11.2021 12:27,577.9,577.9,05.11.2021 12:27,477.1,477.3,604.4,604.2,488.4,770.5,770.1,801.6,801.2,714.2,82,79,05.11.2021 12:30,33.47,9.16,0.69,05.11.2021 12:28,620.9,615.9,620,611.9,615,609.9,620.5,617.9,617,612.1,615.2,612.4,625.4,620.7,618.5,613.1,618.5,613.9,557,536.1,620.9,615.9,620,611.9,615,609.9,620.5,617.9,617,612.1,615.2,612.4,625.4,620.7,618.5,613.1,618.5,613.9,557,536.1,248174080,5.11.2021 13:24,0.56,0,
05.11.2021 12:25,15,05.11.2021 12:28,168,524.5,499.4,37.4,75.1,536.8,509.9,43.5,19.9,547.2,515.1,47.4,9.8,566.8,535.1,30.9,9.9,595.4,557.1,24.9,0,629.9,600.5,32,2.5,633.1,633.1,11.8,26.4,632.9,633.1,11.1,22.6,659,664,648.9,637,633,631,631,636.1,651,671.1,680,682,632,12.5,659.1,664,649.2,637,632.9,630.9,631,635.8,650.8,670.9,679.9,682,632.3,0.8,659,664,649.1,637,633,631,631,635.8,651,671,680,682.1,632.3,0,05.11.2021 12:28,577.9,577.9,05.11.2021 12:28,474.5,474.6,602.3,602.1,488.7,768.8,768.4,800.9,800.5,714.3,82,80,05.11.2021 12:31,33.74,9.19,0.69,05.11.2021 12:29,620.5,615.1,619.7,615.9,614.5,609.1,620,617.4,616.9,614,616.1,612,625.3,620.4,618.3,616.3,621.1,615.8,557.4,537.2,620.5,615.1,619.7,615.9,614.5,609.1,620,617.4,616.9,614,616.1,612,625.3,620.4,618.3,616.3,621.1,615.8,557.4,537.2,248174137,5.11.2021 13:24,0.12,1,
05.11.2021 12:29,14,05.11.2021 12:32,168,524.5,500,37.1,70.8,536.9,510.3,42.5,15.8,547.3,515.2,46.3,8.3,567.1,535,28,10.3,595.2,556.8,26.7,0,629.7,600.3,33.8,3.6,632.6,633,16.5,27.2,632.6,633,13.9,23.6,658.9,663.9,648.9,636.9,632.8,630.8,630.9,635.8,650.9,670.9,679.9,681.9,631.8,14.4,659.1,664.1,649.4,637.1,633.1,631.1,631,635.9,650.9,670.9,679.9,682,631.9,4.1,659.1,664,649,636.9,633,631,631,635.9,651,671,680,682.1,631.9,0,05.11.2021 12:32,577.9,577.9,05.11.2021 12:32,476,476,605,604.7,488.6,770.6,770.2,801.3,801,714.5,82,79,05.11.2021 12:35,34.01,8.9,0.69,05.11.2021 12:32,619.4,614.7,618.2,613.9,613.6,608.6,619.8,617.2,615.9,612.6,614.6,610.5,625.3,620.2,618.3,614.9,617.5,613,558.6,539,619.4,614.7,618.2,613.9,613.6,608.6,619.8,617.2,615.9,612.6,614.6,610.5,625.3,620.2,618.3,614.9,617.5,613,558.6,539,248174380,5.11.2021 13:28,0.38,0,
05.11.2021 12:31,14,05.11.2021 12:34,168,524.5,499.1,37.1,79.8,536.9,510.1,42.5,17.4,547.2,515.1,47.2,9,567,535,29,10.3,595,556.8,28.5,0,629.9,600.4,32,2.8,633.1,633.2,11.8,25.4,632.9,633.2,11.1,21.6,659.1,664.1,649,637,633.1,631,631,636.1,650.9,671,680,681.9,632,12.6,658.9,663.9,649,636.9,633,631,630.9,635.9,651,671,680,681.9,632,3.3,658.9,663.9,649,637,633,631,630.9,635.9,651,671,680.1,682.1,632,0,05.11.2021 12:34,577.9,577.9,05.11.2021 12:34,471.5,471.6,600.9,600.7,488,771.6,771.2,801.6,801.2,715,82,79,05.11.2021 12:37,33.5,9.23,0.7,05.11.2021 12:34,620.3,614.6,618.5,611.8,614.1,609.2,619.8,616.7,615.8,611.7,616.4,612,625.2,619.9,617.4,613.1,619.6,615.2,557.4,537.2,620.3,614.6,618.5,611.8,614.1,609.2,619.8,616.7,615.8,611.7,616.4,612,625.2,619.9,617.4,613.1,619.6,615.2,557.4,537.2,248174501,5.11.2021 13:30,0.16,1,
05.11.2021 12:32,14,05.11.2021 12:35,168,524.6,499.5,36,76.5,537,510,41.5,18.2,547,515,49,9.8,567,535,28.9,10.3,594.7,556.7,31.4,0,630.1,600.3,30.1,3.7,632.9,633.1,13.7,26.4,633,633.2,10.2,21.5,659,664,649,637,632.9,631,631,636,651.1,671,680,682.1,631.8,14.6,658.9,664,649,636.9,633,631.1,630.9,635.8,651,671,679.9,681.9,632,3.3,659,663.9,649,637,633,630.9,631,635.8,651,671,680,682,632,0,05.11.2021 12:35,577.9,577.9,05.11.2021 12:35,476,476.1,606.3,606,488,768,767.7,800.3,799.9,714.4,82,79,05.11.2021 12:38,33.81,9.33,0.71,05.11.2021 12:35,619.9,614.5,617.7,611.6,613.1,608.7,619.8,616.5,615.5,611.1,613.9,610.8,624.6,617.9,617.6,613.7,618.3,613.4,559.4,538.2,619.9,614.5,617.7,611.6,613.1,608.7,619.8,616.5,615.5,611.1,613.9,610.8,624.6,617.9,617.6,613.7,618.3,613.4,559.4,538.2,248174562,5.11.2021 13:31,-0.04,1,
05.11.2021 12:32,15,05.11.2021 12:35,168,524.6,499.6,36,75.6,536.9,509.9,42.4,19.2,547.1,515,48.1,9.8,566.6,535,32.7,10.2,595.2,556.8,27,0,630,600.3,31,3.7,633.4,633.1,9,26.5,632.9,633.2,11.1,21.4,659,664,649,637,633,631,631,636,651,671,680,682,631.9,13.7,659,664,649.1,637.2,633.1,631.1,631.1,636.1,651.2,671.3,680.1,682,632.8,0,659.1,664,649,637,633,631,631.1,636.1,651,670.9,679.9,681.9,632.8,0,05.11.2021 12:35,577.9,577.9,05.11.2021 12:35,476.9,477,606.4,606.2,488.3,770.6,770.3,801.2,800.9,714.5,82,79,05.11.2021 12:38,33.67,9.28,0.71,05.11.2021 12:36,620.6,614.5,618.3,611.5,613.9,609,619.3,616.3,615.2,610.7,615.2,611.2,625.8,618.5,616.5,613.2,618.7,614.4,558.6,538.7,620.6,614.5,618.3,611.5,613.9,609,619.3,616.3,615.2,610.7,615.2,611.2,625.8,618.5,616.5,613.2,618.7,614.4,558.6,538.7,248174595,5.11.2021 13:32,0.05,1,
05.11.2021 12:33,14,05.11.2021 12:36,168,524.3,499.6,38.7,75.5,537.2,510,39.6,18.3,547.2,515,47.2,9.8,566.6,535,32.7,10.2,595.5,556.8,24.1,0,629.9,600.3,31.9,3.8,633.1,633.2,11.8,25.5,632.8,633.1,12,22.2,658.9,663.9,649,636.9,632.9,631,630.9,636.1,651,671,680,682,631.9,13.8,659,664,649,637,633,631,631,636,651.1,671,680.1,682,632.7,0,659.1,664,648.9,637,633,631,631,636,650.9,671,679.8,681.9,632.7,0,05.11.2021 12:36,577.9,577.9,05.11.2021 12:36,475.1,475.2,604.4,604.2,488.3,770.9,770.5,801.2,800.8,714.9,82,79,05.11.2021 12:39,33.74,9.17,0.7,05.11.2021 12:37,619.9,614.6,618.4,613.6,614.1,608.9,620.5,617.4,616.3,612.3,616.4,612,625.1,619.4,617.4,614.6,619.3,615.4,559.8,538.7,619.9,614.6,618.4,613.6,614.1,608.9,620.5,617.4,616.3,612.3,616.4,612,625.1,619.4,617.4,614.6,619.3,615.4,559.8,538.7,248174651,5.11.2021 13:32,0.22,0,
05.11.2021 12:34,14,05.11.2021 12:36,168,524.8,499.6,33.9,75.5,536.6,510,45.2,18.3,547.3,515,46.2,9.8,567.2,535,27,10.1,594.4,556.6,34.2,0,630,600.3,31,3.8,633,633.2,12.9,25.5,633.2,633.1,8.3,22.2,658.9,664,649,637,633,631,630.9,636,651.1,671,680,682,631.9,13.9,659,664,649.1,637.1,633,630.9,630.9,635.9,651,670.9,679.9,682,632.2,1.3,659.1,664.1,649,637,633,631.1,631.1,635.9,651,671,680,681.9,632.2,0,05.11.2021 12:37,577.9,577.9,05.11.2021 12:37,473.9,474,603.3,603.1,487.8,769.1,768.6,800.5,800.1,714.6,82,79,05.11.2021 12:40,33.81,9.44,0.72,05.11.2021 12:37,619.6,614.7,618.6,614.1,613.7,608.9,620.6,618.2,616.6,612.8,615,611.8,624.7,620.3,618.2,614.2,618.1,614.5,559.1,538.2,619.6,614.7,618.6,614.1,613.7,608.9,620.6,618.2,616.6,612.8,615,611.8,624.7,620.3,618.2,614.2,618.1,614.5,559.1,538.2,248174684,5.11.2021 13:33,0.14,1,
05.11.2021 12:34,14,05.11.2021 12:37,168,524.7,499.6,34.8,75.5,537.2,510,39.5,18.3,547.2,515,47.1,9.8,566.5,535,33.6,10.1,595.6,556.8,23.1,0,629.9,600.3,32,3.8,633.2,633.2,10.9,25.5,632.6,633,13.9,23.2,659,664,649,637,633,631,630.9,636,651,671,680.1,682,631.9,13.9,658.9,663.9,648.9,637,633.1,631,631,635.9,650.9,670.9,679.9,681.9,632.1,2.1,659,664.1,649.1,637,633,631,631,635.9,651.1,671,680.1,682,632.1,0,05.11.2021 12:37,577.9,577.9,05.11.2021 12:37,472.6,472.8,602.3,602,487.6,768.8,768.4,800.4,800.1,714.1,82,79,05.11.2021 12:40,33.72,9.31,0.71,05.11.2021 12:38,619.8,614.6,619.3,614.5,614.8,610,619.4,616.3,615.9,613.4,617.6,613.2,625,619.3,617.2,614.6,618.8,615.4,558.2,537.3,619.8,614.6,619.3,614.5,614.8,610,619.4,616.3,615.9,613.4,617.6,613.2,625,619.3,617.2,614.6,618.8,615.4,558.2,537.3,248174712,5.11.2021 13:33,0.05,1,
05.11.2021 12:35,15,05.11.2021 12:37,168,524.2,499.5,39.5,76.5,536.6,510,45.2,18.3,547.2,515,47.1,9.8,567.1,535.1,28,9.1,594.3,556.7,35.2,0,630,600.4,31,2.8,633.2,633.2,10.9,25.5,633.3,633.1,7.3,22.3,659,663.9,649,637,633,631,630.9,636,651,670.9,680,681.9,631.9,14,658.8,663.9,649,636.9,633,630.9,630.9,635.9,651,670.9,680,681.9,632.2,1.1,659,664.1,649,637,633.1,631.1,630.9,635.9,650.9,671,680,682.1,632.2,0,05.11.2021 12:38,577.9,577.9,05.11.2021 12:38,471.3,471.5,601.1,600.9,487.5,773,772.6,801.8,801.5,715.1,82,79,05.11.2021 12:41,33.72,9.29,0.71,05.11.2021 12:38,619.9,614.3,618.5,611.9,614.1,609.1,620,617.6,615.6,612.1,616.8,612.1,625.4,620.4,617.6,613.9,618.9,614.1,557.8,535.2,619.9,614.3,618.5,611.9,614.1,609.1,620,617.6,615.6,612.1,616.8,612.1,625.4,620.4,617.6,613.9,618.9,614.1,557.8,535.2,248174745,5.11.2021 13:34,0.1,1,
05.11.2021 12:35,14,05.11.2021 12:38,168,524.7,499.8,35,73.7,536.8,510,43.2,18.4,547.1,515,48.1,9.7,566.6,535,32.7,10,595.4,556.8,24.9,0,630,600.4,31,2.8,632.9,633.1,13.6,26.4,632.6,633.1,13.9,22.2,659.1,664.1,649.1,637,633,631,631,636,651,670.9,680.1,682,632,13.1,658.9,664,648.9,636.9,633,631,630.9,635.9,650.9,670.9,679.9,681.9,632.1,1.9,659,664.1,649.1,637,633,631.1,631,635.9,651.1,671,680.1,682.1,632.1,1.7,05.11.2021 12:38,577.9,577.9,05.11.2021 12:38,470.3,470.4,600.5,600.4,487.5,772.5,772.1,801.7,801.3,715.4,82,79,05.11.2021 12:41,33.81,9.33,0.71,05.11.2021 12:39,618.8,614.3,620.4,613.7,613.7,608.4,617,615.2,615.2,612.2,613.2,610.4,622.6,618.5,617.2,614.2,618,612.9,558.6,537.8,618.8,614.3,620.4,613.7,613.7,608.4,617,615.2,615.2,612.2,613.2,610.4,622.6,618.5,617.2,614.2,618,612.9,558.6,537.8,248174773,5.11.2021 13:34,0,1,
05.11.2021 12:35,14,05.11.2021 12:38,168,524.3,499.7,38.6,74.6,536.8,509.9,43.3,19.4,547.2,515,47.1,9.7,566.9,535,29.8,9.9,594.3,556.6,35.2,0,629.9,600.3,32,3.7,633.2,633.1,10.8,26.4,633.1,633.1,9.2,22.2,659.1,664.1,649,637,633,631,630.9,636,651,670.9,679.9,681.9,632.1,12.2,659,664.1,649.1,637,632.9,630.9,630.9,635.9,651,670.9,679.9,682,632.1,1.9,659,664,649,637,633,631.1,631,635.9,651,671,680,682,632.1,19.1,05.11.2021 12:38,577.9,577.9,05.11.2021 12:39,474.7,474.8,605.3,605.1,488.1,770.8,770.5,801,800.7,715.1,82,79,05.11.2021 12:42,33.91,9.04,0.68,05.11.2021 12:39,618.5,612.7,617.6,609.2,612.9,608.1,618.7,615.2,613.7,609.6,613.8,609.6,624.9,617.8,617.4,612.2,618.1,613.4,559.4,535.4,618.5,612.7,617.6,609.2,612.9,608.1,618.7,615.2,613.7,609.6,613.8,609.6,624.9,617.8,617.4,612.2,618.1,613.4,559.4,535.4,248174806,5.11.2021 13:35,-0.02,1,
05.11.2021 12:36,14,05.11.2021 12:39,168,524.9,499.7,33,74.6,536.9,510,42.3,18.4,547,515,49,9.7,566.6,534.9,32.8,10.9,595.4,556.7,25,0,630.1,600.4,30.1,2.8,633,633.2,12.8,25.5,632.8,633,12.1,23.2,659.1,664.1,649,637,633,631,631,636,651.1,671.1,680,682,632.1,12.1,659.1,664.1,649.2,637,633.1,631.1,630.9,635.9,651,670.9,679.9,681.9,632,2.8,659,664,649,636.9,632.9,631,631,635.9,651.1,671.1,680.1,682,632,22.7,05.11.2021 12:39,577.9,577.9,05.11.2021 12:39,475.6,475.7,605.6,605.5,487.8,769,768.6,800.3,800,714.1,82,80,05.11.2021 12:42,33.72,9.14,0.69,05.11.2021 12:40,620,614.6,619,614.6,614.1,608.7,620.2,617.6,616.1,613.4,615,611.6,626,620.8,618.7,615.4,618.3,613.7,558.6,539.1,620,614.6,619,614.6,614.1,608.7,620.2,617.6,616.1,613.4,615,611.6,626,620.8,618.7,615.4,618.3,613.7,558.6,539.1,248174834,5.11.2021 13:35,0,1,
05.11.2021 12:36,14,05.11.2021 12:39,168,524.6,499.5,35.7,76.5,536.6,510.1,45.2,17.4,547.2,515,47.2,9.7,567,535,28.8,9.9,594.5,556.6,33.3,0,630,600.4,31,2.7,633.1,633.2,11.8,25.5,633,633,10.1,23.2,659,663.9,649,636.9,632.9,631,631,636.1,651.1,671.1,680,682.1,632.2,11.1,659,664.2,649.3,637.1,632.9,631,630.9,635.9,650.9,670.9,679.9,682,631.9,3.8,658.9,664,649,637,633,631.1,631,635.9,651.1,670.9,680.1,682.1,631.9,0,05.11.2021 12:39,577.9,577.9,05.11.2021 12:40,475,475.1,604.8,604.6,487.8,770.7,770.3,800.9,800.6,714.1,82,80,05.11.2021 12:43,33.57,9.2,0.7,05.11.2021 12:40,619.7,614.8,618.7,612.7,614.2,608.7,620.1,617.2,616.1,611.9,615.8,611.9,625.2,620.2,617.6,613.9,619.1,615.6,560.1,536.4,619.7,614.8,618.7,612.7,614.2,608.7,620.1,617.2,616.1,611.9,615.8,611.9,625.2,620.2,617.6,613.9,619.1,615.6,560.1,536.4,248174866,5.11.2021 13:36,0.1,1,
05.11.2021 12:37,14,05.11.2021 12:40,168,524.7,499.5,34.9,76.7,537.1,510.2,40.4,16.4,547,514.9,49,10.7,566.9,535,29.9,9.9,595.3,556.7,25.9,0,630.1,600.4,30,2.7,633.1,633.2,11.8,25.4,633.1,633.2,9.2,21.4,659.1,664.1,649.1,637.1,633,631,631,636,651.1,671.1,680.1,682.1,632.1,12,659.1,664.1,649.2,637.1,633,631.2,631,636,651,671,680,682,631.9,3.8,658.9,663.9,649,636.9,632.9,630.9,631,636,651,671,680,681.9,631.9,0,05.11.2021 12:40,577.9,577.9,05.11.2021 12:40,473.8,474,603.6,603.4,488.2,772.8,772.4,801.7,801.3,715,82,80,05.11.2021 12:43,33.81,9.15,0.7,05.11.2021 12:41,621.2,615.6,619.1,613.2,615.4,610.1,620.7,618.6,616.5,612.7,617,613.4,625.4,619.8,617.8,614.1,618.5,615,558.9,536.8,621.2,615.6,619.1,613.2,615.4,610.1,620.7,618.6,616.5,612.7,617,613.4,625.4,619.8,617.8,614.1,618.5,615,558.9,536.8,248174895,5.11.2021 13:36,0.13,1,
05.11.2021 12:38,15,05.11.2021 12:41,168,524.9,500.2,32.9,70,536.9,510.3,42.2,15.1,547.2,515.1,47,8.7,566.8,535,30.8,9.9,595.4,556.8,24.9,0,630.1,600.3,29.9,3.5,633.3,633.1,10,26.3,633.2,633.4,8.3,19.2,659,664.1,649,637.1,633,631.1,631,636.1,651,671,680.1,682.1,632,12.9,658.9,664,649.2,637,633.1,631.2,631.2,636.1,651.1,671.1,680.1,682,631.8,4.9,659,664,648.9,636.9,632.9,631,631.1,636.1,651,671,679.9,681.9,631.8,0,05.11.2021 12:41,577.9,577.9,05.11.2021 12:41,471.3,471.5,601.5,601.4,488.1,769.8,769.3,800.6,800.1,714.7,82,80,05.11.2021 12:44,33.81,9.28,0.71,05.11.2021 12:41,618.5,614.3,619.9,615,612.8,607.4,616.9,615.1,615.2,611.9,613,609.5,622.4,618.1,617,614.1,617.4,612,560.5,536.9,618.5,614.3,619.9,615,612.8,607.4,616.9,615.1,615.2,611.9,613,609.5,622.4,618.1,617,614.1,617.4,612,560.5,536.9,248174956,5.11.2021 13:37,0.13,1,
05.11.2021 12:38,14,05.11.2021 12:41,168,524.3,500.1,38.6,70.7,536.9,510.3,42.2,14.9,547,515.1,48.9,8.6,566.8,535,30.7,9.9,594.4,556.5,34.3,0,630.3,600.3,28.1,3.6,632.9,633.2,13.7,25.4,632.8,633.2,12,21,658.9,663.8,649,636.9,633,631,630.9,636,650.9,670.9,680,682.1,632,12.9,659,664,649,637.1,633,631,631,635.9,651,671.1,680,682,631.9,4.1,659,664,649,637.1,633.1,631.1,631.1,635.9,651.1,671,680,682,631.9,0,05.11.2021 12:41,577.9,577.9,05.11.2021 12:41,470,470.1,600.4,600.1,487.6,769,768.7,800.3,800,714.5,82,80,05.11.2021 12:44,33.74,9.33,0.71,05.11.2021 12:42,619.1,614.1,618,613.4,614.1,608.5,619.4,616.2,615.6,612.7,613.4,610.2,624.5,617.5,616.6,614.9,617.2,612,560.3,537.2,619.1,614.1,618,613.4,614.1,608.5,619.4,616.2,615.6,612.7,613.4,610.2,624.5,617.5,616.6,614.9,617.2,612,560.3,537.2,248174988,5.11.2021 13:38,-0.01,1,
05.11.2021 12:40,15,05.11.2021 12:43,168,524.7,499.5,34.9,76,536.9,510.1,42.1,16.4,547.1,515.1,47.9,8.4,566.9,535,29.8,9.8,595.6,556.6,23,0,629.8,600.3,32.8,3.6,633.3,633.2,9.9,25.3,633.2,633,8.3,23,659,663.9,649,637.1,633,631,631,636,650.9,670.9,680,681.9,631.9,13.9,658.9,663.9,648.9,637,632.9,631,631,636,651,671,680,681.9,632.1,2.2,659,664,649.2,637.1,633.1,631,631,636,651,671,680.1,682,632.1,0,05.11.2021 12:43,577.9,577.9,05.11.2021 12:43,476,476.1,606,605.8,488.3,771.4,771.1,801.1,800.7,715.2,82,80,05.11.2021 12:46,33.4,9.29,0.71,05.11.2021 12:43,619.8,614.8,618.4,610.9,614.5,609.2,620.5,617.9,615.7,611.9,616.3,612.3,624.8,619.3,617.5,614,618.4,613.8,558.9,534.4,619.8,614.8,618.4,610.9,614.5,609.2,620.5,617.9,615.7,611.9,616.3,612.3,624.8,619.3,617.5,614,618.4,613.8,558.9,534.4,248175078,5.11.2021 13:39,0.11,1,
05.11.2021 12:42,14,05.11.2021 12:45,168,524.5,499.8,36.8,73.7,536.7,509.8,43.8,19.5,547,514.9,48.8,10.3,566.8,534.8,30.8,11.7,595.2,556.6,26.6,0,630,600.3,31,3.7,632.7,633.1,15.6,26.2,633,633.1,10.1,22.2,659.1,664,649.1,637,633.1,631.1,631,636,651,670.9,680,681.9,632,13.1,659.2,664,649.1,637,632.9,631,631,635.9,651,670.9,680,682,631.9,4,658.9,664,648.9,636.9,632.9,630.9,631,635.9,651.1,671.1,680.1,682,631.9,0,05.11.2021 12:45,577.9,577.9,05.11.2021 12:45,471.5,471.5,601.8,601.5,488.1,771.5,771.1,801,800.6,715.1,82,79,05.11.2021 12:48,33.81,8.83,0.68,05.11.2021 12:45,618.7,614,617.9,612.4,613,608.2,618.9,615.8,615.2,612.2,615.4,611.1,624.8,618.1,616.7,614.1,618.2,614.8,558.3,537.5,618.7,614,617.9,612.4,613,608.2,618.9,615.8,615.2,612.2,615.4,611.1,624.8,618.1,616.7,614.1,618.2,614.8,558.3,537.5,248175199,5.11.2021 13:41,-0.09,1,
05.11.2021 12:43,14,05.11.2021 12:45,168,524.4,499.8,37.6,73.6,536.8,509.8,42.9,19.8,547.1,514.9,48,10.3,566.9,534.9,29.9,10.9,595,556.5,28.6,0,630.1,600.3,30,3.7,632.9,633.1,13.8,26.3,633,633.1,10.1,22.2,659,664,648.9,636.9,633,631,631,636.1,651,671,680,682,632,13.1,659.1,664,649.1,637.1,633.1,631.1,631.2,635.9,651,671.1,680,682,631.9,4.2,659,664,649,637,633,631,631,635.9,651,670.9,680,682,631.9,0,05.11.2021 12:46,577.9,577.9,05.11.2021 12:46,471.5,471.6,603,602.8,487.6,771.5,771.1,801,800.6,715.1,82,80,05.11.2021 12:49,33.57,9.38,0.71,05.11.2021 12:46,618.8,613.1,619,614,613,607.2,618.7,615.8,615.6,612.5,613.4,609.6,623.6,618.7,617.9,614.7,617.2,612,559.6,537.2,618.8,613.1,619,614,613,607.2,618.7,615.8,615.6,612.5,613.4,609.6,623.6,618.7,617.9,614.7,617.2,612,559.6,537.2,248175260,5.11.2021 13:42,0.05,1,
05.11.2021 12:43,14,05.11.2021 12:46,168,525.3,500.1,29,70.6,536.6,509.9,44.8,18.9,547.1,514.9,48,10.3,566.8,534.8,30.7,11.9,594.9,556.4,29.6,0,630,600.3,30.9,3.7,633.2,633.2,11,25.4,633,633,10.1,23.1,658.9,664,649,637,633,631.1,631,636,651,670.9,680,682.1,631.9,14.1,658.9,664.1,649.4,637.2,633.2,631.2,631,636,651.1,671.1,680,682,631.9,4.2,658.9,664,649,637,633,631,631,636,650.9,670.9,680,681.9,631.9,1.1,05.11.2021 12:46,577.9,577.9,05.11.2021 12:46,473.9,474,605.1,604.9,487.6,773,772.6,801.5,801.2,715.2,82,80,05.11.2021 12:49,33.5,9.28,0.7,05.11.2021 12:47,618.5,613.5,617.6,613.2,613.9,609.2,619,616.3,615.6,611.8,616.5,613.3,624.2,620.2,618.1,614.1,618.4,613.9,560.8,535.7,618.5,613.5,617.6,613.2,613.9,609.2,619,616.3,615.6,611.8,616.5,613.3,624.2,620.2,618.1,614.1,618.4,613.9,560.8,535.7,248175288,5.11.2021 13:42,0.12,1,
05.11.2021 12:44,14,05.11.2021 12:46,168,524.4,499.7,37.6,74.3,537.1,509.9,40.2,18.9,547.3,515.1,46.1,8.4,567,534.9,28.9,11,594.9,556.4,29.5,0,630.2,600.3,29.1,3.7,633.2,633.2,11,25.4,633,633.1,10.1,22.2,659,664,649,637,633,631,631,636,651,670.9,680,682.1,632.1,12.2,658.8,664,649,637,633,631.1,631.1,636,651.1,671,680,682,631.9,4.3,659,664,648.9,637,633,631.1,631,636,651,670.9,679.9,681.9,631.9,25.7,05.11.2021 12:47,577.9,577.9,05.11.2021 12:47,473.6,473.8,604.5,604.3,487.8,771.8,771.3,801,800.7,715.1,82,80,05.11.2021 12:50,33.52,9.38,0.71,05.11.2021 12:47,619.3,613.4,618.3,613,613.9,607.5,619.4,616.3,615,612,614.8,610.1,624.8,619.6,617.5,614.7,619.6,613.5,560.5,536,619.3,613.4,618.3,613,613.9,607.5,619.4,616.3,615,612,614.8,610.1,624.8,619.6,617.5,614.7,619.6,613.5,560.5,536,248175321,5.11.2021 13:43,0.03,1,
05.11.2021 12:45,14,05.11.2021 12:48,168,524.6,499.4,35.6,77.1,537,510.1,41,16.9,547.2,515,47,9.2,566.7,535.1,31.7,9,594.8,556.5,30.5,0,630,600.3,30.9,3.7,633.2,633.3,11.1,24.1,633,633,10,23.3,658.9,663.9,649,637,633,631,630.9,636,650.9,671,680,682,632.1,11.9,658.9,663.9,649,637,633,631,630.9,635.9,650.9,670.9,680,681.9,631.9,4.3,659.1,664,649,637,633.1,631,631,635.9,651,670.9,680,682,631.9,7.6,05.11.2021 12:48,577.9,577.9,05.11.2021 12:49,469.1,469.1,600.4,600.2,487.4,772.2,771.8,801.2,800.7,715.3,82,79,05.11.2021 12:52,33.5,9.08,0.7,05.11.2021 12:49,620.5,615,618.6,612.2,614.3,609.4,620.2,617.3,616.1,612.6,615.7,611.8,626.1,619.3,617.7,615.8,621.1,615.9,557.2,536.7,620.5,615,618.6,612.2,614.3,609.4,620.2,617.3,616.1,612.6,615.7,611.8,626.1,619.3,617.7,615.8,621.1,615.9,557.2,536.7,248175443,5.11.2021 13:45,0.11,1,
05.11.2021 12:46,14,05.11.2021 12:49,168,524.4,499.5,37.5,76.3,536.7,510.1,43.8,16.8,547.4,515.1,45.1,8.2,567.1,535.2,27.8,7.9,595,556.6,28.5,0,629.9,600.4,31.9,2.7,632.9,633.2,13.9,25,632.9,632.9,10.9,24.3,659.1,664.1,649.1,637,632.9,631,631,635.9,650.9,670.9,680,682,632.1,11.8,658.9,664,649.2,636.9,633,631,631,636,650.9,670.9,680,682,631.9,4.4,659,664.1,649.1,637.1,633.1,631.1,631.2,636,651.1,670.9,680,682.1,631.9,14.5,05.11.2021 12:49,577.9,577.9,05.11.2021 12:49,472.8,472.9,605,604.9,487.5,770.4,770,800.5,800.1,715.1,82,79,05.11.2021 12:52,33.5,9.2,0.7,05.11.2021 12:50,619.1,614.2,618.5,613.3,613.8,608.4,619.7,617,615.9,612.6,614.1,610.9,624.6,619.9,618.1,614,618.7,613.4,560.1,535.2,619.1,614.2,618.5,613.3,613.8,608.4,619.7,617,615.9,612.6,614.1,610.9,624.6,619.9,618.1,614,618.7,613.4,560.1,535.2,248175471,5.11.2021 13:45,0.04,1,
05.11.2021 12:46,15,05.11.2021 12:49,168,524.7,499.8,34.7,73.4,536.9,510.1,41.9,16.8,547.2,515.1,46.9,8.1,566.6,535.1,32.6,8.8,595,556.6,28.6,0,630,600.4,30.9,2.6,633.3,633.3,10.1,24,632.8,633,11.9,23.4,659.1,664.1,649.1,637,633,631.1,631,636.1,651,670.9,679.9,681.9,632,12.7,659,664,649.1,637,633,630.9,631,635.9,651,671,680,682,631.9,4.4,659,664,649.1,637,633,631,631.1,635.9,651.1,671.1,680.1,682.1,631.9,3.7,05.11.2021 12:49,577.9,577.9,05.11.2021 12:50,475.6,475.7,606.9,606.6,487.5,770.5,770.1,800.5,800.2,714.7,82,80,05.11.2021 12:52,33.74,9.26,0.7,05.11.2021 12:50,619,614.2,618.5,614.4,613.1,608.3,619,616.1,615.4,612.4,614.3,610.9,624.8,618.7,616.6,614.2,618.8,614.9,559.3,536.8,619,614.2,618.5,614.4,613.1,608.3,619,616.1,615.4,612.4,614.3,610.9,624.8,618.7,616.6,614.2,618.8,614.9,559.3,536.8,248175504,5.11.2021 13:46,-0.13,1,
05.11.2021 12:47,14,05.11.2021 12:50,168,524.8,500,33.6,71.4,536.5,510.2,45.6,15.8,547.1,515,47.9,9.1,567,535,28.8,9.6,594.7,556.5,31.2,0,630,600.4,30.9,2.6,633.1,633.3,11.9,23.9,633,633.1,10,22.5,659,664,649,637,633,631,631,636.1,651,671,680,682,632,12.7,659.1,664,649.2,637.1,633,631,630.9,635.9,651,670.9,680,682,631.8,5.4,658.9,664,648.9,637,633,631,631.1,635.9,651.1,670.9,680,682.1,631.8,6.9,05.11.2021 12:50,577.9,577.9,05.11.2021 12:50,475.5,475.6,606.3,606.1,487.8,774.3,774,801.9,801.5,715.8,82,79,05.11.2021 12:53,33.03,9.29,0.71,05.11.2021 12:50,619.3,614.5,618.1,611.4,613.5,608.4,620,617.3,615.9,611,616.1,611.8,624.9,619.4,617.7,613.1,618.3,614.2,559.7,536,619.3,614.5,618.1,611.4,613.5,608.4,620,617.3,615.9,611,616.1,611.8,624.9,619.4,617.7,613.1,618.3,614.2,559.7,536,248175532,5.11.2021 13:46,0.12,1,
05.11.2021 12:47,14,05.11.2021 12:50,168,524.5,499.9,36.5,72.2,537.3,510.2,38.2,15.6,547.3,515,45.9,9,566.6,534.9,32.5,10.6,595.1,556.6,27.6,0,630.1,600.5,30,1.5,633.2,633.2,10.9,24.8,632.9,633,11,23.4,659,664.1,649,636.9,633.1,631.1,631,636,651,670.9,680,681.9,631.9,13.7,659.1,664,649.4,637,632.9,631.1,631.1,636,651,671,679.9,682,632,3.6,658.9,663.9,648.9,636.9,632.9,631,631,636,651,671.1,680.1,682,632,10.3,05.11.2021 12:50,577.9,577.9,05.11.2021 12:50,474.6,474.6,605.1,604.9,488,773.8,773.5,801.7,801.3,716.5,82,79,05.11.2021 12:54,33.23,9.38,0.71,05.11.2021 12:51,618.7,614.3,618.7,612,613.2,607.9,619.6,616.8,615.5,611.3,615,611,625.4,619.6,617.4,613.7,618.4,614.7,558.6,532.5,618.7,614.3,618.7,612,613.2,607.9,619.6,616.8,615.5,611.3,615,611,625.4,619.6,617.4,613.7,618.4,614.7,558.6,532.5,248175565,5.11.2021 13:47,0.11,1,
05.11.2021 12:51,14,05.11.2021 12:54,168,524,495.8,41.4,100,537.6,510.5,34.9,9.1,547.6,516.9,42.4,0,565.7,535.7,40.8,2.8,594.1,558.2,37.7,0,630.4,601,26,0,633.3,632.4,10.1,31.3,633.5,632.8,5.8,25,659,664,649,637,632.9,631,631,636.1,651,671.1,680,682.1,632.1,11.2,658.9,664,649.1,637.1,633,631,631,636,651.1,671.1,680,682,631.9,4.8,659,664,649,637.1,633.1,631.1,631,636,651,671,680,681.9,631.9,0,05.11.2021 12:54,577.9,577.9,05.11.2021 12:54,471.8,472,602.5,602.3,487.4,769.1,768.8,800.3,800,714.4,82,79,05.11.2021 12:57,33.33,9.08,0.7,05.11.2021 12:55,620,614.6,618.7,614.1,613.7,608.7,620.2,617.4,616.3,613,615.6,611.4,625.3,620,618,614.8,619.6,614.9,558,538.4,620,614.6,618.7,614.1,613.7,608.7,620.2,617.4,616.3,613,615.6,611.4,625.3,620,618,614.8,619.6,614.9,558,538.4,248175790,5.11.2021 13:50,0.1,1,
05.11.2021 12:52,14,05.11.2021 12:55,168,524.3,497.9,38.4,88,537.6,509.9,34.8,14.5,547.6,515.8,42.5,1.3,565.6,534.7,41.7,11.9,595,557.7,29.1,0,629.4,600.2,35.5,4,633.3,633,10.1,26.1,633.6,633.4,4.8,19.4,659,663.9,648.9,637,633,631,631.1,636,651,671,680.1,682.1,631.8,14.1,659,664,649.1,636.9,633,631.2,631,636.1,650.9,670.9,680,681.9,632,3.9,659.1,664.1,649,637,633,631.1,631,636.1,651.1,671,680,682,632,0,05.11.2021 12:55,577.9,577.9,05.11.2021 12:55,469.3,469.5,600.5,600.2,487.3,773,772.6,801.5,801.2,715.7,82,80,05.11.2021 12:58,33.4,9.33,0.71,05.11.2021 12:55,620.2,614.6,618.3,611.5,613.7,608.8,619.7,616.7,615,611,614.6,611.4,625,619.3,618,613.6,618.3,613.7,559,537.3,620.2,614.6,618.3,611.5,613.7,608.8,619.7,616.7,615,611,614.6,611.4,625,619.3,618,613.6,618.3,613.7,559,537.3,248175851,5.11.2021 13:51,0.03,1,
05.11.2021 12:52,14,05.11.2021 12:55,168,525.2,499.6,29.6,72.5,536,509.7,49.7,16.5,546.7,515.2,50.9,6.7,568.2,534.5,17.3,14,594.7,557.2,31.2,0,630.5,600.2,25.4,4.1,633,633.1,12.9,25.2,632.3,633.1,17,22.2,658.9,664,648.9,636.9,632.9,630.9,630.9,635.9,650.9,671,680,681.9,631.8,14.2,659,664,649.1,637,633,631,631,636,651.1,671.1,680.1,682,632.1,2.9,659,664,649.1,637,633,631,631,636,651,671,679.9,681.9,632.1,0,05.11.2021 12:55,577.9,577.9,05.11.2021 12:55,471.3,471.3,602.8,602.6,487.7,771.3,770.9,800.9,800.6,715.3,82,80,05.11.2021 12:58,33.5,9.32,0.71,05.11.2021 12:56,618.4,613.6,618.5,611.7,613.5,608.7,616.9,614.9,615.7,611.1,614.3,610.7,622.5,618.1,617.3,613.2,618.7,613.5,558.8,537.9,618.4,613.6,618.5,611.7,613.5,608.7,616.9,614.9,615.7,611.1,614.3,610.7,622.5,618.1,617.3,613.2,618.7,613.5,558.8,537.9,248175883,5.11.2021 13:52,0.13,1,
05.11.2021 12:53,14,05.11.2021 12:56,168,524.3,501,38.2,58.4,536.3,509.2,47,21.9,546.8,514.5,50,13.4,568,534.4,19.1,15.6,594.4,556.9,34,0,629.9,600,31.1,6.3,632.6,633.1,16.6,25.1,632.3,633.1,17,22.1,659,664,648.9,637,633,631,631,635.9,650.9,670.8,680,682,632.2,10.4,659.1,664.2,649.3,637,633,631,631,636,650.9,671,680,682,631.9,4.8,659.1,664.1,649.1,637.1,633.1,631.2,631.2,636,651.1,671.1,680.1,682.1,631.9,0,05.11.2021 12:56,577.9,577.9,05.11.2021 12:56,470.6,470.7,601.6,601.5,487,771.8,771.5,801.1,800.8,715,82,79,05.11.2021 12:59,33.4,8.71,0.67,05.11.2021 12:57,619.4,613.2,617.8,613.6,614.1,609.4,619.1,616.1,615.2,611.7,616.4,612.4,625,618.9,616.9,614.8,619.8,616.1,560.2,539.8,619.4,613.2,617.8,613.6,614.1,609.4,619.1,616.1,615.2,611.7,616.4,612.4,625,618.9,616.9,614.8,619.8,616.1,560.2,539.8,248175944,5.11.2021 13:53,0.07,1,
05.11.2021 12:54,14,05.11.2021 12:57,168,524.5,500.7,36.4,60.5,537,509.1,40.4,23.3,547.2,514.4,46.3,14.6,565.8,534.4,40,16,595.5,557.1,24.2,0,630.2,600.2,28.3,4.5,633.7,633.3,6.2,23.2,633.4,633.2,6.5,21.1,659,663.9,648.9,637,633,631,630.9,635.9,650.9,671,679.9,681.9,632.2,10.3,659,664,649.2,637,633.1,631.1,631,635.9,651,671,679.9,682,631.8,5.8,659,664,649,637,633,630.9,631,635.9,651.2,671.1,680.1,682.2,631.8,0,05.11.2021 12:57,577.9,577.9,05.11.2021 12:57,469.4,469.5,600.6,600.5,487.1,773.8,773.4,801.7,801.4,715.8,82,79,05.11.2021 13:00,33.5,8.9,0.68,05.11.2021 12:57,619.8,614.5,619.2,612.6,614.9,608.9,620.7,617.8,615.6,612.1,616.8,611.2,625.5,620.7,617.8,614.4,619.5,614.9,560.2,535.7,619.8,614.5,619.2,612.6,614.9,608.9,620.7,617.8,615.6,612.1,616.8,611.2,625.5,620.7,617.8,614.4,619.5,614.9,560.2,535.7,248175973,5.11.2021 13:53,0.06,1,
05.11.2021 12:54,14,05.11.2021 12:57,168,524.2,499.9,39.2,67.7,536.6,509,44.2,24.7,547.1,514.5,47.3,13.8,567.7,534.8,21.8,12.4,594.5,556.9,33,0,629.7,600.2,33,4.6,632.7,633.1,15.6,25.1,632.7,633,13.3,23,659.1,664.1,649,637,633,631,630.9,635.9,650.8,670.9,680,681.9,632.1,11.2,659.1,664.1,649.4,637.1,633.1,631.3,631.1,636,651.1,671.1,680,682.1,631.9,5,659,664,649,637,633.1,631.1,631,636,650.9,671,680.1,682.2,631.9,0,05.11.2021 12:57,577.9,577.9,05.11.2021 12:57,471.6,471.6,603.7,603.6,487.2,772.5,772.1,801.3,800.9,715.6,82,79,05.11.2021 13:00,33.33,9.08,0.7,05.11.2021 12:58,620.3,614.8,619.1,611.4,615,610.1,620.8,617.1,615.4,611.6,617.1,612.6,625.3,619.6,617.8,613.9,620,615.8,558.7,537.5,620.3,614.8,619.1,611.4,615,610.1,620.8,617.1,615.4,611.6,617.1,612.6,625.3,619.6,617.8,613.9,620,615.8,558.7,537.5,248176005,5.11.2021 13:54,0.29,0,
05.11.2021 12:55,14,05.11.2021 12:58,168,524.4,499.1,37.4,75.3,536.8,508.9,42.3,26.3,547.2,514.6,46.3,13,566.2,535,36.1,10.6,595.4,557.1,24.9,0,630.2,600.4,28.2,2.7,633.3,633.1,9.9,25.1,632.9,632.9,11.2,24,659.1,664.2,649,637,633,631,631,636,650.9,671,679.9,681.9,632,12.1,659.1,664.1,649.2,637.2,633.1,631.2,631.2,636.1,651.1,671.2,680,682.1,631.9,5.1,659,664,649,637,633,630.9,631,636.1,651.1,671,680.1,682,631.9,0,05.11.2021 12:58,577.9,577.9,05.11.2021 12:58,474.1,474.2,605.5,605.3,487.2,770.8,770.4,800.6,800.2,715.2,82,79,05.11.2021 13:01,33.4,9.1,0.7,05.11.2021 12:58,618.1,613.4,617.6,611.7,613.6,607.7,618.5,615.6,614.5,611.2,613,609.1,624.6,618.7,617.3,613.3,616.9,612.4,558.2,537.4,618.1,613.4,617.6,611.7,613.6,607.7,618.5,615.6,614.5,611.2,613,609.1,624.6,618.7,617.3,613.3,616.9,612.4,558.2,537.4,248176033,5.11.2021 13:54,-0.06,1,
05.11.2021 12:55,14,05.11.2021 12:58,168,524.4,498.6,37.5,80.5,536.8,509,42.3,25.9,546.9,514.7,49.2,12.2,567.3,535.2,25.6,8.6,594.4,556.7,33.9,0,630.1,600.4,29.3,2.7,633,633.1,12.8,25.1,633.1,632.9,9.5,24.1,659,664,649.1,637.1,633,631,631,636,651.1,671,680,682,631.9,13,659,664,649.2,637,633.1,631.2,631.3,636,651.2,671.1,680.1,682,631.9,5.1,658.9,664,649,637,633.1,631.1,631,636,651,671,680,682,631.9,0,05.11.2021 12:58,577.9,577.9,05.11.2021 12:58,474,474.1,604.9,604.7,487.5,770,769.6,800.3,800,714.6,82,79,05.11.2021 13:01,33.4,9.11,0.7,05.11.2021 12:59,621.1,615.8,620.2,614.9,614.8,610.3,620.9,618.1,617,613,617,613.5,626,621.1,618.6,615.4,619.9,615.8,562,538.5,621.1,615.8,620.2,614.9,614.8,610.3,620.9,618.1,617,613,617,613.5,626,621.1,618.6,615.4,619.9,615.8,562,538.5,248176066,5.11.2021 13:55,0.18,1,
05.11.2021 12:56,14,05.11.2021 12:59,168,525,498.9,31.8,78.9,536.9,509.5,41.3,22,547,515,48.1,9.4,567.1,535.3,27.4,7.3,594.3,556.8,34.8,0,630.5,600.4,25.5,2.6,633.3,633.1,0,25.2,633.3,633.2,7.5,21.3,659.1,664,649.1,637,633,631,631,636,651,671.1,680.1,682.2,632.1,11.2,658.9,663.9,649,637,633,631.1,631,636,651,671.1,680,681.9,632,4.3,659,664,649,637,633.1,631.1,631.1,636,651.1,671.1,680,682,632,0,05.11.2021 12:59,577.9,577.9,05.11.2021 12:59,471.7,471.8,602.7,602.4,487.6,773.3,773,801.5,801.2,715.8,82,79,05.11.2021 13:02,33.5,9.3,0.71,05.11.2021 13:00,617.9,613,620.2,612.9,613.4,608.8,617.2,615,615.8,612.1,615.6,611.8,622.6,618.9,617.5,614,617.6,613.2,559.9,536.1,617.9,613,620.2,612.9,613.4,608.8,617.2,615,615.8,612.1,615.6,611.8,622.6,618.9,617.5,614,617.6,613.2,559.9,536.1,248176123,5.11.2021 13:55,0.17,1,
05.11.2021 12:57,15,05.11.2021 13:00,168,524.8,499.8,33.5,70.8,536.7,510.1,43.1,16.5,547.2,515.2,46.2,7.4,566.9,535.1,29.2,8.9,594,556.6,37.7,0,630.3,600.2,27.3,4.6,633.2,633,10.9,26.2,633.3,633.3,7.5,20.1,659,664.1,649.1,636.9,633,631.1,631,636.1,651,671,680,682.2,631.9,13.2,658.8,663.8,649,637,633,631,631.1,636,651,671.1,680,681.9,632,4.3,659.1,664,649,637,633,631,631,636,651.1,671,680.1,682,632,18.1,05.11.2021 13:00,577.9,577.9,05.11.2021 13:00,469.2,469.3,600.5,600.3,487,769.8,769.3,800.2,799.8,714.4,82,80,05.11.2021 13:03,33.5,9.24,0.71,05.11.2021 13:01,620.7,614.1,617.8,612.1,613.5,608.5,620.2,617.2,615.8,611.7,615.7,612,625.3,620.3,617.9,614,619.9,615.8,560.6,538.3,620.7,614.1,617.8,612.1,613.5,608.5,620.2,617.2,615.8,611.7,615.7,612,625.3,620.3,617.9,614,619.9,615.8,560.6,538.3,248176184,5.11.2021 13:56,0.1,1,
05.11.2021 12:57,14,05.11.2021 13:00,168,524.3,499.8,38.3,70.7,537.1,510.3,39.3,14.5,547.3,515.3,45.1,6.3,566.9,535.1,29.4,8.8,596,556.9,19,0,629.7,600.3,32.9,3.7,633,633.1,12.7,25.3,632.8,633.1,12.1,21.9,658.9,664,649,637,633.1,631,631,636.1,651,670.9,680.1,681.9,632,12.2,658.9,663.9,649.1,637,633,631,631,636,651,671,680,681.9,632,4.2,659,664,649,637,633,631,631,636,650.9,670.9,679.9,681.9,632,11,05.11.2021 13:01,577.9,577.9,05.11.2021 13:01,472.1,472.1,604,603.8,487.3,772.6,772.1,801.2,800.8,715.1,82,79,05.11.2021 13:04,33.4,9.27,0.71,05.11.2021 13:01,619.1,614,617.8,610.4,614.3,608.7,619.3,615.9,614.8,610.4,616.3,611.7,625.5,619.3,617.2,612.1,618.7,615.4,558.3,535.9,619.1,614,617.8,610.4,614.3,608.7,619.3,615.9,614.8,610.4,616.3,611.7,625.5,619.3,617.2,612.1,618.7,615.4,558.3,535.9,248176216,5.11.2021 13:57,0.11,1,
05.11.2021 12:59,15,05.11.2021 13:02,168,524.8,499.6,33.4,72.4,536.9,510.4,41.1,12.9,547.3,515.1,45.1,7.9,566.7,534.7,31,12.5,594.3,556.6,34.8,0,629.9,600.2,31,4.7,633.1,633.1,11.9,25.3,633.2,632.9,8.3,24.1,659,664.1,649,637,633,631,630.9,636,650.9,671,680,682,632,12.2,659.1,664.1,649.2,637,633.1,631.1,631,635.9,651.1,671.1,680,682.1,632,4.2,659,664,649.1,636.9,633,631.1,630.9,635.9,651,671.1,680.1,682.2,632,0,05.11.2021 13:02,577.9,577.9,05.11.2021 13:02,473,473.1,603.6,603.5,487.8,770.8,770.4,800.5,800.1,714.7,82,80,05.11.2021 13:05,33.42,9.24,0.71,05.11.2021 13:03,619.9,615.3,618.6,610.7,614.8,610.4,620.5,617.4,615.4,610.9,616.7,613,624.4,619.5,617,613,619.3,615.4,558.5,539,619.9,615.3,618.6,610.7,614.8,610.4,620.5,617.4,615.4,610.9,616.7,613,624.4,619.5,617,613,619.3,615.4,558.5,539,248176306,5.11.2021 13:58,-0.01,1,
05.11.2021 12:59,14,05.11.2021 13:02,168,524.4,499.8,37.2,70.5,536.9,510.5,41.1,11.7,547.3,515.1,45.1,7.9,566.9,534.8,29.3,11.7,595.5,556.7,23.5,0,630.1,600.4,29.2,2.8,633,633.1,12.7,25.3,632.9,633.1,11.2,22.3,659,664.1,649,636.9,632.9,630.9,631,636,650.9,670.9,679.9,681.8,632,12.2,659,664,649.2,637,632.9,631,631,636,650.9,671,679.8,682,631.9,5.2,658.9,664,649,636.9,632.9,630.9,631.1,636,651.2,671.1,680,682,631.9,0,05.11.2021 13:02,577.9,577.9,05.11.2021 13:03,471.8,472,602.6,602.5,487.4,770.1,769.8,800.3,800,714.7,82,80,05.11.2021 13:06,33.4,9.22,0.71,05.11.2021 13:03,619.6,613.9,617.6,610.8,613.2,608.4,619.8,617,615.2,610.8,614,610.3,624.2,619,617.8,612.6,617.8,613,559.4,540.1,619.6,613.9,617.6,610.8,613.2,608.4,619.8,617,615.2,610.8,614,610.3,624.2,619,617.8,612.6,617.8,613,559.4,540.1,248176338,5.11.2021 13:59,0.04,1,
05.11.2021 13:00,14,05.11.2021 13:03,168,524.4,499.6,37.1,72.3,536.6,510.4,43.9,12.4,547.1,515,47,8.8,566.7,534.8,31,11.8,594.5,556.6,32.9,0,629.9,600.2,31.1,4.7,633,633,12.7,26.2,633,633.1,10.2,22.2,659,664,649,637,632.9,630.9,631,635.9,650.9,670.9,680,681.9,632,12.1,659.1,664.1,649.3,637.1,633.1,631.1,631.1,636,651.1,671.1,680,682,632.1,3.3,659,664,649,637.1,633.1,631.1,631,636,651,671.1,680.1,682.1,632.1,21.3,05.11.2021 13:03,577.9,577.9,05.11.2021 13:03,470.5,470.6,601.5,601.3,487,774.3,774,801.8,801.5,715.5,82,79,05.11.2021 13:06,33.5,9.12,0.7,05.11.2021 13:04,618.1,613.7,618.2,613.4,613.9,608.3,618.8,615.9,615.2,612.1,613.1,609.7,624.3,618,616.7,614.1,617.8,612.2,559.9,540.1,618.1,613.7,618.2,613.4,613.9,608.3,618.8,615.9,615.2,612.1,613.1,609.7,624.3,618,616.7,614.1,617.8,612.2,559.9,540.1,248176367,5.11.2021 13:59,-0.02,1,
05.11.2021 13:01,15,05.11.2021 13:04,168,524.4,499,37.1,78.6,537,509.9,40.2,16.9,547.1,514.9,47.1,9.9,567,534.9,28.3,11,595.1,556.5,27.2,0,630.2,600.5,28.3,1.9,633.3,633.4,9.9,22.4,633.2,632.9,8.3,24.4,659,664.1,649.1,637.1,633,631,631.1,636.1,651.1,671.1,680,682,631.9,13.1,659.1,664,649.2,637.1,633,631.1,631,636.1,651.1,671.1,680.1,682.1,632.1,3.2,659.1,664.1,649.1,637.2,633.1,631.1,631,636.1,651,671,679.9,681.9,632.1,0,05.11.2021 13:04,577.9,577.9,05.11.2021 13:04,474.8,474.9,606.2,606,487.6,770.4,770.1,800.4,800,715,82,80,05.11.2021 13:07,33.5,9.29,0.7,05.11.2021 13:05,619.1,613.4,617.9,613.7,613.1,608.3,619.3,616.3,615.2,612.1,616.7,611.4,623.3,620.1,617.3,613.9,618.7,614,560.8,537.2,619.1,613.4,617.9,613.7,613.1,608.3,619.3,616.3,615.2,612.1,616.7,611.4,623.3,620.1,617.3,613.9,618.7,614,560.8,537.2,248176716,5.11.2021 14:01,0.12,1,
05.11.2021 13:02,14,05.11.2021 13:05,168,525,499.3,31.3,76,536.9,509.8,41,18,547.4,514.9,44.2,9.9,566.7,535,31,10.1,594.9,556.6,29.1,0,629.9,600.5,31.1,1.9,632.9,633.2,13.7,24.1,632.7,632.9,12.9,24.6,659,664.1,649.1,637,632.9,631.1,631.1,636,651,671,680,682.1,631.9,13.2,658.9,663.9,649.1,637,633,631,631,636,651.1,671.1,680,682,632.1,3.2,659,664,649,637,633,631,631,636,651,671,680,682,632.1,0,05.11.2021 13:05,577.9,577.9,05.11.2021 13:05,474.7,474.8,605.6,605.5,487.8,772.1,771.7,801,800.6,714.8,82,79,05.11.2021 13:08,33.45,9.28,0.7,05.11.2021 13:05,619.1,614.8,618.9,615,613.8,608.8,619.8,617,616.1,613.5,616,612.8,625.2,619.8,617.6,614.8,619.7,615.9,559.2,538.5,619.1,614.8,618.9,615,613.8,608.8,619.8,617,616.1,613.5,616,612.8,625.2,619.8,617.6,614.8,619.7,615.9,559.2,538.5,248176744,5.11.2021 14:01,0.25,0,
05.11.2021 13:05,14,05.11.2021 13:08,168,524.8,499.3,33,75.2,536.8,510.1,41.9,16,547.3,515,45,9,566.7,534.9,30.9,10.8,594.9,556.4,29,0,630,600.2,30.1,4.9,633.2,633.2,10.9,24.5,632.7,633.1,13,22.4,659.1,664,649.1,637.1,633,631,631,636,650.9,670.9,680,681.9,632.2,10.4,659.1,664.1,649.2,637.1,633.1,631.1,631,636,651,671,680,682,632,4.3,659,664,649,637.1,633.1,631.1,631,636,651,671,680.1,682.2,632,21.4,05.11.2021 13:08,577.9,577.9,05.11.2021 13:08,472.2,472.3,604.8,604.7,487.1,774,773.6,801.6,801.2,715.9,82,79,05.11.2021 13:11,33.4,9.21,0.71,05.11.2021 13:08,619.1,613.8,618.7,614.7,613.3,607.6,619,616.2,615.5,612.6,613.7,610.3,625.3,620.4,618.1,615.2,616.8,613.1,560.9,540.5,619.1,613.8,618.7,614.7,613.3,607.6,619,616.2,615.5,612.6,613.7,610.3,625.3,620.4,618.1,615.2,616.8,613.1,560.9,540.5,248176927,5.11.2021 14:04,0.2,1,
05.11.2021 13:05,14,05.11.2021 13:08,168,524.9,499.3,32,75.4,536.7,510.2,42.8,14.9,547.1,514.9,46.9,9.9,566.9,534.9,29,10.8,595.1,556.4,27,0,629.8,600.2,32,4.9,633.3,633.3,9.9,23.6,633.1,633.1,9.1,22.4,659.1,664.2,649,637,632.9,631,631,636,650.9,670.9,680,681.9,632.2,10.3,659,664.1,649.5,637.1,633,631.1,631,636,651,671.1,680.1,682.2,632,4.3,659,664.1,649.1,637.1,633.1,631.1,631.1,636,651.2,671,680.1,682.1,632,21.4,05.11.2021 13:08,577.9,577.9,05.11.2021 13:08,474.8,475,606.6,606.4,487.6,772.3,772,801,800.6,715.3,82,79,05.11.2021 13:11,33.23,9.21,0.71,05.11.2021 13:09,619.4,614.3,618.2,613.4,613.6,608.6,619.6,616.2,615.4,611.7,615.7,611.3,624.8,620,617.6,614.9,618.9,615.4,558.9,538.1,619.4,614.3,618.2,613.4,613.6,608.6,619.6,616.2,615.4,611.7,615.7,611.3,624.8,620,617.6,614.9,618.9,615.4,558.9,538.1,248176955,5.11.2021 14:04,0.32,0,
05.11.2021 13:06,14,05.11.2021 13:08,168,524.5,499.1,35.7,77.6,536.6,510.3,43.8,13.9,547.3,514.9,45,9.9,566.8,534.9,29.9,10.8,594.8,556.3,29.9,0,630.4,600.5,26.3,2.1,633.1,633.3,11.7,23.5,632.9,633,11.1,23.4,659.1,664,649.1,637.1,633,631,631,635.9,651,671,679.9,682,632.1,11.2,659,664,649,637,633.2,631.3,631.2,636.1,651.2,671.1,680.1,682.1,632.1,3.3,659.1,663.9,649,636.9,633,631,631,636.1,651,671.1,680,682,632.1,0.1,05.11.2021 13:09,577.9,577.9,05.11.2021 13:09,474.8,474.9,606.1,605.8,487.8,770.3,769.9,800.3,800,715.1,82,79,05.11.2021 13:12,32.59,9.29,0.72,05.11.2021 13:09,618.5,614.1,620,612.4,612.7,606.6,616.7,614.6,614.6,611.1,612.5,609,622.2,617.8,616.4,612.8,616.9,612.2,557.7,535,618.5,614.1,620,612.4,612.7,606.6,616.7,614.6,614.6,611.1,612.5,609,622.2,617.8,616.4,612.8,616.9,612.2,557.7,535,248176987,5.11.2021 14:05,0.33,0,
05.11.2021 13:06,14,05.11.2021 13:09,168,524.5,499.2,35.7,76.9,536.9,510.3,41,13.7,547,514.9,47.8,10,566.7,534.9,30.9,10.9,594.8,556.4,29.9,0,630.1,600.4,29.2,3.1,633,633.3,12.7,23.4,633.1,633,9.2,23.5,659,664,648.9,637,633,631,631.1,636.1,651,671,680,682,631.9,13.1,659,664.1,649.2,637.1,633.1,631,631.1,636,651.1,671.2,680.1,682.1,632.1,3.3,659,664.1,649.1,637.1,633.1,631.1,631.1,636,651.1,671,680.1,682.1,632.1,0,05.11.2021 13:09,577.9,577.9,05.11.2021 13:09,473.9,474,605.1,604.9,487.9,772.5,772.1,801,800.7,715.2,82,79,05.11.2021 13:13,33.03,9.32,0.72,05.11.2021 13:10,619.3,614.5,618.7,614.6,613.6,607.7,619.5,617.2,615.8,612.9,614.3,610.7,625.3,620.4,618.3,615.2,618.7,613.5,558.9,538.9,619.3,614.5,618.7,614.6,613.6,607.7,619.5,617.2,615.8,612.9,614.3,610.7,625.3,620.4,618.3,615.2,618.7,613.5,558.9,538.9,248177016,5.11.2021 14:05,0.66,0,
05.11.2021 13:08,14,05.11.2021 13:11,168,521.2,505.2,66.7,16.3,535.3,511.6,55.6,0,545,520.4,65.2,0,564.4,539,52.4,0,593.6,560.1,41,0,630.4,603.6,25,0,631.8,634.1,24,13.7,631.6,633.3,23.5,19,658.9,664,649,637,633,631,631.1,636,651.1,671,680,681.9,632.6,6.2,658.9,664,649.1,637.1,632.9,631.1,631,636,651,671,680,682,632,4.2,659,664,649,637.1,633,631,631,636,650.9,670.9,679.9,682,632,21.2,05.11.2021 13:11,577.9,577.9,05.11.2021 13:11,468.1,468.2,600.4,600.2,487.1,768.3,767.9,800.1,799.8,714.5,82,79,05.11.2021 13:14,32.84,9.23,0.72,05.11.2021 13:11,621,615.9,620.7,616.4,615.3,610.5,620.9,618.4,617.3,614.4,616.4,612.8,626.3,620.8,619.4,616.6,619.3,615.4,559.4,537.7,621,615.9,620.7,616.4,615.3,610.5,620.9,618.4,617.3,614.4,616.4,612.8,626.3,620.8,619.4,616.6,619.3,615.4,559.4,537.7,248177128,5.11.2021 14:07,0.28,0,
05.11.2021 13:08,15,05.11.2021 13:11,168,526.6,502.6,16.3,38.3,537,511.6,38.9,0,547.3,519.7,44.4,0,568.5,538.6,13.8,0,595.8,559.7,19.5,0,629.1,602.6,37.2,0,633.7,633.1,6.2,22.9,633.7,632.7,3.7,24.6,659.1,664,649,636.9,632.9,631,631.1,636,651,671.1,680.1,682,632.5,6.8,658.8,663.9,649,636.8,632.9,631,631,635.9,651,671.1,680.1,682,631.9,5.2,659,664,649,637,633,631,631.1,635.9,651,671,680,682,631.9,71,05.11.2021 13:11,577.9,577.9,05.11.2021 13:11,470.1,470.3,603.1,602.9,487.3,772,771.6,801.4,801,714.8,82,79,05.11.2021 13:14,32.91,9.08,0.71,05.11.2021 13:12,618.5,614.2,618,613.4,615.8,610.8,618.9,615.7,614.6,611.4,615.4,611.9,625.2,619.8,616.9,614,619.1,614.6,558.3,539.5,618.5,614.2,618,613.4,615.8,610.8,618.9,615.7,614.6,611.4,615.4,611.9,625.2,619.8,616.9,614,619.1,614.6,558.3,539.5,248177161,5.11.2021 14:08,0.25,0,
05.11.2021 13:09,14,05.11.2021 13:12,168,523.2,498.9,48.4,72.7,537.1,511.3,38.6,2.1,547.2,518.9,45,0,565.5,537.4,42.1,0,594.2,559.2,35.3,0,630.9,602.3,20.3,0,633,632.4,12.9,29.8,632.6,632.3,14.3,28.8,659,663.9,649,637,632.9,631,631,636.1,651.1,671.1,680.1,682.2,632.3,8.5,658.9,663.9,649,637,633,631.1,631,636,651,671,679.9,681.9,631.9,5.2,658.9,664,649,637,633,631,630.9,636,650.9,670.9,679.9,682,631.9,93.2,05.11.2021 13:12,577.9,577.9,05.11.2021 13:12,470.4,470.5,603.1,602.9,487.6,772.8,772.3,801.6,801.3,715.7,82,79,05.11.2021 13:15,33.23,9,0.7,05.11.2021 13:12,621.7,616.3,620.3,614.5,615.7,610.6,620.9,617.8,617.4,614,616.5,612.6,626.3,621.7,619.3,616.1,621.4,616.9,556.1,538.6,621.7,616.3,620.3,614.5,615.7,610.6,620.9,617.8,617.4,614,616.5,612.6,626.3,621.7,619.3,616.1,621.4,616.9,556.1,538.6,248177189,5.11.2021 14:08,0.25,0,
05.11.2021 14:08,14,05.11.2021 14:11,168,524.2,499.4,37.5,70.6,537,510,37.6,14.8,547.3,515,42.4,6.9,567.1,534.9,25.8,9.7,594.7,556.5,28.9,0,630,600.3,28.9,3.6,632.6,633.1,15.7,23.9,633.1,633,9,23.2,659,663.9,649,637,633,631,631,635.9,651,671,680,682.1,631.9,11.9,659.1,664.1,649.3,637,633,631.1,631.1,635.9,651.1,671,680,682,632.3,0.9,659.1,664,649,637,632.9,631,631,635.9,651,671,679.9,681.9,632.3,0,05.11.2021 14:11,577.9,577.9,05.11.2021 14:11,468.2,468.3,604.9,604.7,486.8,772.8,772.3,801.3,800.9,715,82,80,05.11.2021 14:14,32.91,9.21,0.68,05.11.2021 14:12,620.5,614.6,617.3,611.4,613.2,607.3,620.9,617.4,615.2,611.7,616.1,611.4,624.7,619.3,617,613.6,618.2,613.9,556.8,536.1,620.5,614.6,617.3,611.4,613.2,607.3,620.9,617.4,615.2,611.7,616.1,611.4,624.7,619.3,617,613.6,618.2,613.9,556.8,536.1,248181255,5.11.2021 15:08,-0.13,1,
05.11.2021 14:09,14,05.11.2021 14:12,168,525.3,499.5,27.1,69.7,536.6,510,41.4,14.8,547.2,514.9,43.3,7.9,566.6,534.9,30.6,9.7,595.1,556.6,25.3,0,629.7,600.3,31.8,3.6,633.4,633.2,8.1,22.9,632.8,633.2,11.7,21.3,658.9,663.9,649.1,637,633,631,630.9,635.9,651,671,680.1,682,632,11,659.1,664.1,649.4,637.3,633.2,631.2,631.1,636.1,651.1,671.1,680,682,632,3.6,659.1,664,649.1,637,633,631,631,636.1,650.9,670.9,679.9,681.9,632,0,05.11.2021 14:12,577.9,577.9,05.11.2021 14:12,468,468.1,604.4,604.1,487.1,774.5,774.1,802,801.6,715.6,82,79,05.11.2021 14:15,32.06,9.09,0.68,05.11.2021 14:12,619.9,614.6,618.3,613.2,614.1,609,619.8,616.9,615.8,612.6,616.9,611.6,624.2,619.7,617.8,614,619.6,613.9,555.7,536.8,619.9,614.6,618.3,613.2,614.1,609,619.8,616.9,615.8,612.6,616.9,611.6,624.2,619.7,617.8,614,619.6,613.9,555.7,536.8,248181284,5.11.2021 15:08,0.14,1,
05.11.2021 14:24,15,05.11.2021 14:27,168,506.6,495.9,36.5,63.2,520,519.1,72.4,0,542.7,530.7,58.8,0,557.8,544.1,52.7,0,578.6,563.1,53.8,0,611.6,599.7,18.9,9.1,633,632.2,11.7,19.3,631.7,632.3,16.5,24,658.8,663.7,648.6,636.6,632.7,630.7,630.6,635.5,650.6,670.6,679.9,681.9,631.9,4.6,658.9,664,649.1,637,633,631,631.1,636.1,651,671.1,680,682,631.8,5.7,659.1,664,648.9,637,633,631,631,636.1,651,670.9,680,682,631.8,7,05.11.2021 14:27,578.3,578.3,05.11.2021 14:28,466.1,466.3,606.6,606.5,485.8,766.5,766.1,801.5,801.3,712.2,83,80,05.11.2021 14:31,31.23,9.01,0.69,05.11.2021 14:28,627.4,621.9,624.8,620.2,621.1,614.5,626.1,623.5,622.6,619.8,622.7,616.4,629.5,624,622.8,620.5,621.8,617.4,559.1,544,627.4,621.9,624.8,620.2,621.1,614.5,626.1,623.5,622.6,619.8,622.7,616.4,629.5,624,622.8,620.5,621.8,617.4,559.1,544,248182292,5.11.2021 15:24,-0.18,1,
05.11.2021 14:28,15,05.11.2021 14:30,168,513.1,497.9,32.1,54,531.2,514.6,23.8,0,546.4,523.4,49.7,0,565.7,539.2,36.8,0,588.7,559.6,17.7,0,618.7,600.1,7.4,9.9,633.7,632.5,5.4,20.4,633.5,632.8,1.3,21.9,659.1,663.9,648.8,636.7,632.7,630.8,630.7,635.7,650.6,670.7,679.9,681.9,631.6,10.1,659,664.1,649.5,637.2,633.2,631.2,631.1,636.1,651.3,671.2,680,682,632,3.8,659,663.9,649.1,637,633,631,631,636.1,651,671,680.2,682.2,632,0,05.11.2021 14:31,578.23,578.23,05.11.2021 14:31,467.5,467.7,606.8,606.6,485.8,765.3,765,800.2,799.9,712,83,80,05.11.2021 14:35,32.62,9.18,0,05.11.2021 14:31,625.6,620.4,622.2,617.4,619,613.5,624.2,622.4,620.9,616.7,619.9,616.1,627.7,622.4,621.3,617.7,619.6,614.4,559.5,540,625.6,620.4,622.2,617.4,619,613.5,624.2,622.4,620.9,616.7,619.9,616.1,627.7,622.4,621.3,617.7,619.6,614.4,559.5,540,248182493,5.11.2021 15:27,0,1,
05.11.2021 14:30,15,05.11.2021 14:33,168,517.3,495.7,35.8,82.2,533.4,510.5,47.1,8.7,546.8,519.5,47,0,567.4,536.8,23.9,0,589.6,558,52.3,0,622.3,600.4,16.7,8.1,633,632.5,12.5,23.1,632.7,632.7,9.9,24.4,658.9,663.9,648.7,636.7,632.7,630.6,630.6,635.8,650.7,670.7,680,682,631.5,12.1,659,664,649,637,633,631.1,631,636,651,670.9,680,682,631.9,4.7,658.9,664,649,636.9,633,630.9,631.1,636,651,671.1,679.9,681.9,631.9,0,05.11.2021 14:33,578.18,578.18,05.11.2021 14:33,462.1,462.2,600.6,600.5,484.9,769.1,768.9,801.1,800.8,712.5,82,80,05.11.2021 14:36,31.91,9.22,0.7,05.11.2021 14:33,622.4,618.7,622.2,616.2,617.4,613,622.5,620.3,619.7,615.3,619.1,616,626,621,619.7,616.1,619.7,615.8,559.4,542.7,622.4,618.7,622.2,616.2,617.4,613,622.5,620.3,619.7,615.3,619.1,616,626,621,619.7,616.1,619.7,615.8,559.4,542.7,248182643,5.11.2021 15:29,0.19,1,
05.11.2021 14:30,14,05.11.2021 14:33,168,518.3,496,35.5,81.5,535.2,509.7,38.8,16.1,547.1,519,44.2,0,566.3,536.3,34.7,0,595.5,558.7,5.9,0,621.1,600.4,36.9,8.1,633,632.6,12.5,22.5,632.5,632.6,11.7,25.6,659,664,648.8,636.8,632.8,630.9,630.7,635.7,650.7,670.7,680,682.2,631.5,12.4,659,664.1,649.1,637,633,631.1,631,636,650.9,670.9,680,682,631.9,4.8,659,664,649,636.9,633,631,631,636,651,670.9,680,681.9,631.9,0,05.11.2021 14:33,578.18,578.18,05.11.2021 14:34,464.6,464.7,604,603.8,485.1,771.2,770.9,801.8,801.5,713.5,82,80,05.11.2021 14:37,32.13,9.22,0.7,05.11.2021 14:34,623.5,618.9,621.4,615.4,617.8,613,622.7,621.1,619.2,615.6,619.4,615.2,626.2,621.1,619.9,616.5,619.7,614.4,559.3,540.9,623.5,618.9,621.4,615.4,617.8,613,622.7,621.1,619.2,615.6,619.4,615.2,626.2,621.1,619.9,616.5,619.7,614.4,559.3,540.9,248182675,5.11.2021 15:30,0.12,1,
05.11.2021 14:31,15,05.11.2021 14:34,168,519.2,496.8,0,75.8,535.5,509.1,45.1,22.1,546.8,518.5,47.2,0,567.3,536,24.9,0,591.1,558.1,55.8,0,623.4,600.5,23.7,7,633.2,632.7,10.7,21.8,633.1,632.8,6.4,23.9,658.9,663.9,648.8,636.7,632.7,630.7,630.6,635.8,650.7,670.7,679.8,682,631.4,13.6,659.1,664.1,648.9,636.9,633,631,630.9,636,651,671,680,682,632,3.9,659,663.9,648.9,636.9,633,631,631,636,650.9,670.9,679.8,681.8,632,0,05.11.2021 14:34,578.18,578.18,05.11.2021 14:34,467.8,467.8,606.1,606,485.5,770.3,769.9,801.4,801,713.5,82,80,05.11.2021 14:37,31.69,9.18,0.69,05.11.2021 14:34,622.3,618.3,621.5,616,617,612.4,622.4,620.2,618.5,615.1,619.5,615,625.3,621.2,619.3,615.8,620,615.8,558.8,539.5,622.3,618.3,621.5,616,617,612.4,622.4,620.2,618.5,615.1,619.5,615,625.3,621.2,619.3,615.8,620,615.8,558.8,539.5,248182704,5.11.2021 15:30,0.01,1,
05.11.2021 14:31,14,05.11.2021 14:34,168,520.1,497.7,35.8,68.7,536.8,508.7,38.8,26.5,547.2,518.2,43.4,0,566.6,535.6,31.9,2.8,597.3,558.7,6.3,0,623.4,600.7,32.5,5,632.7,632.7,15.3,22,632.4,632.7,13,25.1,659,663.9,648.8,636.8,632.8,630.8,630.7,635.8,650.7,670.7,679.9,682,631.5,13,659.1,664.1,649.1,636.9,633.1,631,631,636,651,670.9,679.9,682,632,3.9,659.1,664,649,637,633,631,631,636,650.9,671,680,682,632,0,05.11.2021 14:34,578.18,578.18,05.11.2021 14:35,467.8,468,605.6,605.3,485.8,768.5,768,800.6,800.3,713.4,82,80,05.11.2021 14:37,31.64,9.23,0.7,05.11.2021 14:35,622.2,618.7,621.2,614.3,616.1,610.7,623,620.5,619.1,614.1,618.9,614,625.9,621.5,619.7,615.4,618.7,614.5,559.7,537,622.2,618.7,621.2,614.3,616.1,610.7,623,620.5,619.1,614.1,618.9,614,625.9,621.5,619.7,615.4,618.7,614.5,559.7,537,248182736,5.11.2021 15:31,0.07,1,
05.11.2021 14:32,14,05.11.2021 14:35,168,521,498.4,36.3,63,536.2,508.4,44.5,30.1,547.1,517.8,44.6,0,566.9,535.3,28.6,5.3,592.3,558.1,53.7,0,624.6,600.7,30.1,4.7,633.3,632.7,9.6,22.3,633.1,632.8,6.6,24.3,659,664,648.9,636.9,632.8,630.8,630.8,635.8,650.7,670.7,679.9,682,631.7,11.3,659.2,664.1,649.2,637.1,633,631.1,631,636,651,671,679.9,682,631.9,4.9,659,664,649.1,636.9,632.9,631,631,636,651,671,680,682,631.9,18.3,05.11.2021 14:35,578.18,578.18,05.11.2021 14:35,466.9,467.1,604.4,604.1,486,767.7,767.3,800.4,800.1,713,83,80,05.11.2021 14:38,31.69,9.38,0.7,05.11.2021 14:35,623.5,618.8,620.2,614.5,617.2,612.1,622.6,621.1,618.7,614.3,619.6,614.8,626.1,621.4,619.5,615.8,619.8,616.3,559.9,539,623.5,618.8,620.2,614.5,617.2,612.1,622.6,621.1,618.7,614.3,619.6,614.8,626.1,621.4,619.5,615.8,619.8,616.3,559.9,539,248182765,5.11.2021 15:31,0.13,1,
05.11.2021 14:33,14,05.11.2021 14:36,168,522.6,499.1,38.6,57.6,536.5,508.6,42,30,547.2,517.1,43.7,0,566.7,534.9,30.5,9,592.5,558.1,51.9,0,626.5,600.9,29.6,2.3,633,632.5,12.5,24.7,633.1,632.9,6.8,23.7,658.9,663.9,648.8,636.8,632.7,630.8,630.8,635.7,650.6,670.7,679.9,681.9,631.9,9.6,659.2,664.1,649.3,637.1,633.2,631.3,631.4,636.1,651.1,671.1,680,682.1,632,4,659,664.1,649,637,632.9,630.9,631,636.1,651,671.2,680.2,682.2,632,39.9,05.11.2021 14:36,578.07,578.07,05.11.2021 14:36,464.5,464.7,602,601.8,485.3,771.3,770.9,801.6,801.2,713.8,82,80,05.11.2021 14:39,31.54,9.18,0.7,05.11.2021 14:36,623.1,619.5,622.8,617,617.6,613.7,623.5,621.8,619.5,616.5,619.6,616.1,626.1,621.9,620.4,617.5,620,616.8,560.7,539.9,623.1,619.5,622.8,617,617.6,613.7,623.5,621.8,619.5,616.5,619.6,616.1,626.1,621.9,620.4,617.5,620,616.8,560.7,539.9,248182826,5.11.2021 15:32,0.07,1,
05.11.2021 14:34,14,05.11.2021 14:37,168,524.9,498.5,31.9,64.1,536.3,509.2,44.1,25.7,547.4,516.7,42,0,566.4,534.7,33.4,11,592.9,557.9,48.2,0,628.5,601.1,28.6,0,633.2,632.8,10.7,22.4,633.1,632.8,7,24.9,659,664.1,648.9,636.8,632.8,630.9,630.9,635.8,650.7,670.7,679.8,681.8,631.8,10.7,659,664.1,649,636.9,633,631.1,631,636.1,651.1,671.1,680,682.1,632.1,3.1,658.9,663.9,649,637,633,631,630.9,636.1,651,671,680.1,682.1,632.1,0,05.11.2021 14:37,578.07,578.07,05.11.2021 14:37,463.5,463.6,601.8,601.6,485.3,767.6,767.3,800.3,799.9,713.3,82,80,05.11.2021 14:40,32.25,9.23,0.7,05.11.2021 14:37,623.3,618.7,621.5,616.8,617.6,612.2,622.7,620.7,618.9,616,619.2,614.1,627.1,622.6,620.7,617,618.8,614.9,558.6,541.2,623.3,618.7,621.5,616.8,617.6,612.2,622.7,620.7,618.9,616,619.2,614.1,627.1,622.6,620.7,617,618.8,614.9,558.6,541.2,248182886,5.11.2021 15:33,0.23,0,
05.11.2021 14:34,14,05.11.2021 14:37,168,523.8,497.9,42.4,70.6,536.9,509.8,38.5,20.3,546.8,516.4,47.6,0,567.4,534.8,24.2,10.2,596.3,558.2,15.9,0,628.7,601.2,35.5,0,632.8,632.8,14.4,22.5,632.5,632.7,12.8,26,659.1,664,648.9,636.9,632.9,630.9,630.8,635.8,650.7,670.8,679.8,682,631.7,11.8,658.9,663.9,649.1,636.9,633.1,631.1,631.1,636,651.1,671.2,680,682,632,4,659,663.9,648.9,637,632.9,630.9,631,636,651.1,671.1,680,682.1,632,0,05.11.2021 14:37,578.07,578.07,05.11.2021 14:37,469.1,469.2,607,606.8,486,770.3,770,801.2,800.8,713.3,83,80,05.11.2021 14:40,31.62,9.26,0.7,05.11.2021 14:38,623,618.1,620.2,616.6,617.1,611,622.7,618.9,617.8,615.5,617.7,613.4,627.4,622.2,619.7,616.9,621.8,616.7,559.9,543.4,623,618.1,620.2,616.6,617.1,611,622.7,618.9,617.8,615.5,617.7,613.4,627.4,622.2,619.7,616.9,621.8,616.7,559.9,543.4,248182919,5.11.2021 15:34,0.23,0,
05.11.2021 14:35,14,05.11.2021 14:38,168,524.6,497.8,35.1,72.6,536.5,510.1,42.3,17.5,547.2,516.3,44,0,566.5,534.8,32.4,10.3,593.9,557.9,38.8,0,629.7,601.1,31.3,0,633.2,632.9,10.6,21.8,632.9,632.7,9,26.2,659,664,648.9,636.8,632.8,630.8,630.8,635.9,650.8,670.9,679.9,681.9,631.6,13,659,664,649.1,637.2,633,630.9,630.9,636,651.1,671,680,682,632,4,659,664,649.1,637.1,633,631,631,636,650.9,670.9,679.9,682,632,0,05.11.2021 14:38,577.97,577.97,05.11.2021 14:38,470.2,470.3,607.1,606.9,485.7,772,771.6,801.8,801.5,714.3,82,80,05.11.2021 14:41,32.01,9.18,0.64,05.11.2021 14:38,623.8,618.5,621.3,615.2,616.5,610.9,622.9,620.4,618.6,614.8,616.7,612.8,626.4,621.7,620,616.2,620,615.3,558.6,540,623.8,618.5,621.3,615.2,616.5,610.9,622.9,620.4,618.6,614.8,616.7,612.8,626.4,621.7,620,616.2,620,615.3,558.6,540,248182947,5.11.2021 15:34,0.01,1,
05.11.2021 14:35,15,05.11.2021 14:38,168,524.8,498.1,33.1,70.7,536.4,510.5,43.3,13.6,546.9,516.1,46.7,0,567.4,534.9,24.1,9.4,595.7,557.9,21.4,0,629.9,601.1,29.7,0,633.1,632.9,11.6,21.9,632.6,632.7,12,26.4,659,664,648.9,636.8,633,631,630.8,635.9,650.9,670.8,679.9,682.1,631.7,12.3,658.9,664,649,637,633,631.1,631.1,636,651.1,671,680,681.9,631.9,4.9,658.9,664,648.9,637,633,631,631,636,651,671,680.1,682,631.9,18.5,05.11.2021 14:38,577.97,577.97,05.11.2021 14:38,469.6,469.8,606.1,606,486,770.8,770.4,801.3,801,714.1,83,80,05.11.2021 14:41,31.4,9.23,0.65,05.11.2021 14:39,621.8,618,621.5,614.9,616.3,611.1,622,619.7,618.9,614.4,618.2,614.7,626,621.2,619.1,615,618.8,614.6,560.3,539.2,621.8,618,621.5,614.9,616.3,611.1,622,619.7,618.9,614.4,618.2,614.7,626,621.2,619.1,615,618.8,614.6,560.3,539.2,248182980,5.11.2021 15:35,0.04,1,
05.11.2021 14:36,14,05.11.2021 14:39,168,524.4,498.4,37,68.7,537.2,510.7,35.9,11.4,547.2,515.9,44,0,566.4,534.8,33.3,10.4,594.6,557.8,32,0,629.6,600.9,32.6,0.4,633.1,633,11.6,21.1,632.9,632.8,9.2,25.6,659,664,648.9,636.9,632.9,630.9,630.9,635.8,650.8,670.9,680,682.1,631.7,12.4,659,664,649.1,636.9,633,631.1,631.1,636,651,671,680,681.9,631.9,4.9,659,664,649,637,633.1,631,631,636,651,671,679.9,681.9,631.9,25.5,05.11.2021 14:39,577.97,577.97,05.11.2021 14:39,468.6,468.8,605,604.8,485.9,769.1,768.6,800.6,800.3,713.5,82,80,05.11.2021 14:43,31.62,9.45,0.66,05.11.2021 14:39,622.5,617.8,621.3,617.2,616.2,610.3,622.6,620.2,618.1,615.6,619.1,613.3,626,620.9,619.1,616,619.7,615,559.1,541.9,622.5,617.8,621.3,617.2,616.2,610.3,622.6,620.2,618.1,615.6,619.1,613.3,626,620.9,619.1,616,619.7,615,559.1,541.9,248183008,5.11.2021 15:35,-0.01,1,
05.11.2021 14:38,14,05.11.2021 14:41,168,526.5,502,17.4,31.4,537.7,512.2,30.8,0,547.3,519.7,42.8,0,568.7,538.3,11.3,0,596.4,560.5,14.2,0,628.7,602.6,40.5,0,633.1,632.7,11.7,22.4,633.4,633,4.8,22,659,663.9,648.8,636.9,632.9,630.9,630.9,636,651,671,680,682.2,632.5,4.1,659.1,664,649.2,637.1,633,631.1,631,636,651,671,680,682,631.9,5.1,658.9,663.9,649,637,633,631,631,636,651,671,680,681.9,631.9,53.1,05.11.2021 14:41,577.97,577.97,05.11.2021 14:41,466.7,466.8,604.3,604.1,485.5,767.1,766.6,800.5,800.1,713.3,82,80,05.11.2021 14:44,32.42,9.5,0.65,05.11.2021 14:41,622.5,617.9,619.7,612,617,611.7,621.7,619.7,617.3,611.9,618.4,615,624.7,619.8,617.6,613.8,618.4,614.8,556.7,541,622.5,617.9,619.7,612,617,611.7,621.7,619.7,617.3,611.9,618.4,615,624.7,619.8,617.6,613.8,618.4,614.8,556.7,541,248183146,5.11.2021 15:37,0.35,0,
05.11.2021 14:38,14,05.11.2021 14:41,168,523,498.2,50.5,66.9,536.4,511.8,43.7,0,547.2,519,43.4,0,565.3,537.2,43.4,0,594,559.9,37.6,0,630.8,602.3,20.8,0,633.3,632.1,10,28.5,632.6,632.5,12.6,27,658.9,663.9,648.9,636.9,632.9,630.8,630.8,635.8,650.9,671,679.9,682,632,8.7,659.1,664,649.2,637,633.1,631.1,631.1,636,650.9,671,680,682,631.9,5.2,658.9,664,649,637.1,633.1,631,631,636,651,670.9,680,682,631.9,60.7,05.11.2021 14:41,577.97,577.97,05.11.2021 14:41,467.5,467.6,604.5,604.3,486,767.7,767.3,800.6,800.3,713.5,82,80,05.11.2021 14:44,31.79,9.34,0.65,05.11.2021 14:42,624.2,618.7,620.9,613.7,617.6,613,623.1,619.6,618.6,613.7,618.7,615.6,627.7,622.8,619.9,616,620.6,616.3,556.2,541.1,624.2,618.7,620.9,613.7,617.6,613,623.1,619.6,618.6,613.7,618.7,615.6,627.7,622.8,619.9,616,620.6,616.3,556.2,541.1,248183178,5.11.2021 15:38,0.02,1,
05.11.2021 14:39,14,05.11.2021 14:42,168,525.2,495.7,29.9,92,536.8,511.4,39.4,3.1,546.8,518.3,47.3,0,568.3,536.9,15.1,0,595.7,559.5,20.9,0,629.1,601.7,37.2,0,632.6,631.8,16.5,32,632.7,632.3,11.5,29.2,659,664,648.9,636.8,632.9,631,630.9,636,650.9,670.9,679.9,682.2,631.6,12.6,659,664.1,649.3,637.1,633,631.1,631.1,636,651.2,671,680,682,632,4.2,659.2,664.1,649,637,633,631,631.1,636,651,671,680,682,632,0,05.11.2021 14:42,577.97,577.97,05.11.2021 14:42,466.8,466.9,603.6,603.3,486,771.6,771.3,802,801.6,714.2,82,80,05.11.2021 14:45,31.71,9.34,0.65,05.11.2021 14:42,623.5,617.7,620.7,614.5,616.7,609.8,621.5,618.6,617.8,614.4,616.1,611.4,627,622.9,620.3,616,620.9,615,557.5,540.2,623.5,617.7,620.7,614.5,616.7,609.8,621.5,618.6,617.8,614.4,616.1,611.4,627,622.9,620.3,616,620.9,615,557.5,540.2,248183207,5.11.2021 15:38,-0.05,1,
05.11.2021 14:39,14,05.11.2021 14:42,168,524.1,494.4,40.4,100,537.2,510.8,36,8.1,547.6,517.8,39.7,0,565.7,536.2,39.5,0,595,559.3,28.3,0,629.8,601.4,30.4,0,633.6,632.1,7.1,29.8,633.3,632.7,6,25.8,658.9,663.9,648.9,636.9,632.9,630.9,630.9,635.9,650.9,670.9,679.9,682,631.3,15.7,659.1,664.1,649.2,637.1,633,631.1,631.2,636.1,651.1,671,680,682.1,632,4.2,659,663.9,649,637,633,631,631,636.1,650.9,671,680,681.9,632,0,05.11.2021 14:42,577.97,577.97,05.11.2021 14:42,465.6,465.8,602.5,602.3,485.7,771.1,770.6,801.7,801.4,714.1,82,80,05.11.2021 14:45,32.3,9.48,0.65,05.11.2021 14:43,623.8,617.8,620.7,613,617.6,612.2,622.6,618.9,617.6,613.6,617.3,613.9,627.8,622.7,619.6,614.6,622.4,617.8,556.9,540.2,623.8,617.8,620.7,613,617.6,612.2,622.6,618.9,617.6,613.6,617.3,613.9,627.8,622.7,619.6,614.6,622.4,617.8,556.9,540.2,248183240,5.11.2021 15:39,-0.08,1,
05.11.2021 14:40,14,05.11.2021 14:43,168,525,495,31.9,100,536.4,510.4,43.3,11.5,547,517.1,45.4,0,568.4,535.8,14,0.9,594.8,558.9,29.2,0,630.1,601.2,28,0,632.6,632.4,16.5,27.5,632.4,632.8,14.4,25,658.9,663.9,648.8,636.8,632.8,630.7,630.9,635.9,650.8,670.9,680,682.1,631.4,15.1,659,664,649.2,637.1,633.1,631.2,631.1,636,651.3,671.2,680.1,682.1,632.1,3.3,659.1,664,649,637,633,631,631,636,651,671,679.9,681.9,632.1,0,05.11.2021 14:43,577.97,577.97,05.11.2021 14:43,464.5,464.6,601.5,601.2,485.3,769.3,768.9,801,800.8,713.8,83,80,05.11.2021 14:46,32.13,9.45,0.65,05.11.2021 14:43,622.1,617.3,620.5,612,616.7,611.5,622.2,619.9,617.5,613.7,615.7,613,625,621.1,618.7,614.3,619.8,615.2,557,539.1,622.1,617.3,620.5,612,616.7,611.5,622.2,619.9,617.5,613.7,615.7,613,625,621.1,618.7,614.3,619.8,615.2,557,539.1,248183268,5.11.2021 15:39,0.22,0,
05.11.2021 14:40,14,05.11.2021 14:43,168,524.6,496.7,35.7,87.1,537.2,510,36,15.2,547.6,516.7,39.7,0,565.4,535.1,42.3,7.3,595.7,558.7,21.5,0,629.3,600.6,35.4,2.5,633.3,632.8,9.9,24,633.5,633.2,4.1,21.2,658.9,663.9,648.9,636.8,632.8,630.8,630.8,635.8,650.8,670.8,679.9,681.9,631.6,13.5,658.9,664,649.1,637.1,633.1,631.1,631.1,636,651.1,671.1,680.1,682,632,4.1,659.1,664.1,649.1,637.1,633.1,631.1,631.1,636,651.1,671,679.9,682,632,0,05.11.2021 14:43,577.97,577.97,05.11.2021 14:43,463.2,463.3,600.3,600.1,485.1,767.3,767,800.3,800,714,82,80,05.11.2021 14:46,32.33,9.37,0.65,05.11.2021 14:44,620.9,617,621,615.2,616.3,610.7,621.8,618.8,618.1,614.5,618.9,613.9,625.5,620.2,618.7,615.4,619.5,614.6,558.1,540.7,620.9,617,621,615.2,616.3,610.7,621.8,618.8,618.1,614.5,618.9,613.9,625.5,620.2,618.7,615.4,619.5,614.6,558.1,540.7,248183301,5.11.2021 15:40,-0.09,1,
05.11.2021 14:41,14,05.11.2021 14:44,168,525,498.6,31.7,70.3,536.3,509.7,44.4,18.1,546.7,516.1,48.3,0,568.2,534.9,15.8,9.2,594,558.2,36.8,0,630.3,600.5,26.2,3.3,632.9,633,13.7,22.3,632.3,633.1,15.4,22.1,659,664,649,636.9,632.8,630.8,630.8,635.9,650.8,670.8,679.9,681.9,631.8,11.8,658.9,664,649.1,637.1,633.1,631,631,636.1,651.1,671.1,680.1,681.9,632,4.1,659,664,649,637,633,631,631,636.1,651,671,680,682,632,0,05.11.2021 14:44,577.97,577.97,05.11.2021 14:44,467.1,467.3,604.8,604.6,485.6,769.1,768.8,801,800.6,713.8,83,80,05.11.2021 14:47,31.91,9.55,0.65,05.11.2021 14:44,621.8,617,619.6,615.2,617.2,611.2,621.1,617.8,617.4,615.2,616.7,612.6,627,622.1,620,617.2,621.3,616.4,559.6,537.3,621.8,617,619.6,615.2,617.2,611.2,621.1,617.8,617.4,615.2,616.7,612.6,627,622.1,620,617.2,621.3,616.4,559.6,537.3,248183329,5.11.2021 15:40,-0.01,1,
05.11.2021 14:42,14,05.11.2021 14:45,168,524,499.7,41.1,60,537.3,509.3,35.1,22.8,547.3,515.1,42.7,5.6,566.2,534.3,34.8,15.6,596.1,558,17.4,0,629.8,600.4,31.1,4.3,632.7,633,15.5,22.4,633.1,633,8,23,659.1,664.1,649,637,632.9,630.9,631,635.9,650.9,670.9,679.9,681.8,632,9.8,659,664,649,637,633,630.9,631,636,651,671,680,681.9,632,4.1,659,664,649,637,633,631,631,636,651.1,671,680,681.9,632,29,05.11.2021 14:45,577.97,577.97,05.11.2021 14:45,467.7,467.8,603.8,603.6,486,768.3,768,800.5,800.1,713.8,82,80,05.11.2021 14:48,31.91,9.42,0.65,05.11.2021 14:45,620.6,615.8,620.8,615.6,615,610.7,621.8,618.7,617.4,614.5,616.9,613,625.4,619.7,617.9,614.8,618.9,614.5,559.5,539.9,620.6,615.8,620.8,615.6,615,610.7,621.8,618.7,617.4,614.5,616.9,613,625.4,619.7,617.9,614.8,618.9,614.5,559.5,539.9,248183418,5.11.2021 15:41,0.05,1,
05.11.2021 14:43,14,05.11.2021 14:45,168,525,499.4,31.4,62.9,535.9,509.3,48.3,23.2,547,514.8,45.6,8.5,567,534.5,27,14,593.9,557.6,37.7,0,630.2,600.5,27.4,3.3,633.4,633,9,22.5,632.7,633,11.9,23.1,659.1,664,649,637,633,631.1,630.9,635.8,650.8,670.8,679.9,682,631.9,10.8,658.9,664,649,637,632.9,630.9,630.9,635.9,651,671.1,680,682,632.1,3.1,658.9,663.9,648.9,636.9,632.9,630.9,631.1,635.9,651.1,671.1,680.1,682,632.1,4.1,05.11.2021 14:46,577.97,577.97,05.11.2021 14:46,466.5,466.5,602.7,602.5,485.5,768,767.6,800.5,800.1,713.3,82,80,05.11.2021 14:49,32.15,9.4,0.65,05.11.2021 14:46,622,617,619.6,615,616.1,610,622.4,619.3,617.4,614,618.6,612.9,626.3,621.3,619,615.2,619.3,614.1,558,537.7,622,617,619.6,615,616.1,610,622.4,619.3,617.4,614,618.6,612.9,626.3,621.3,619,615.2,619.3,614.1,558,537.7,248183451,5.11.2021 15:42,0.12,1,
05.11.2021 14:43,14,05.11.2021 14:46,168,524.1,498.7,40.2,69.8,537.5,509.5,33.3,21.7,547,514.7,45.6,9.5,566.6,534.6,31,13.3,596,557.8,18.2,0,629.8,600.5,31.2,3.2,633.3,632.9,9.8,23.6,633,633.1,9,22.2,659,664,649,637,633,631,631,636,651,670.9,679.9,682.1,631.8,11.8,659.1,664,649.2,636.9,633,631.1,631.1,636,650.9,670.9,680,681.9,632.1,3.1,658.9,664,649,637,633,631,630.9,636,651,671,680.1,681.9,632.1,0,05.11.2021 14:46,577.93,577.93,05.11.2021 14:46,465.3,465.4,601.6,601.4,485.1,772,771.6,801.8,801.5,714.7,83,80,05.11.2021 14:49,32.2,9.55,0.65,05.11.2021 14:46,622.9,616.8,619.6,615.2,616.4,610.3,621.3,617.7,617.4,614.6,616.7,612.4,626.1,622.3,619.3,616.3,621.4,616.5,556.8,537.4,622.9,616.8,619.6,615.2,616.4,610.3,621.3,617.7,617.4,614.6,616.7,612.4,626.1,622.3,619.3,616.3,621.4,616.5,556.8,537.4,248183479,5.11.2021 15:42,0.01,1,
05.11.2021 14:44,14,05.11.2021 14:47,168,524.9,498.5,32.4,73.8,536.7,510,40.8,17.5,547.2,514.8,43.8,8.9,566.9,535.1,27.9,8.6,593.9,557.3,37.5,0,630,600.6,29.4,1.8,632.9,632.9,13.5,24,633,633,9.1,23.3,658.9,663.9,648.9,636.8,632.9,631,630.9,635.8,650.9,671,680,682.2,631.9,11.2,659,664.2,649.3,637.1,633.1,631.3,631.1,636.1,651.2,671.1,680.1,682.2,632,3.9,659,664,649.1,637,633,631,631.1,636.1,651,670.9,679.9,681.9,632,39.3,05.11.2021 14:47,577.9,577.9,05.11.2021 14:48,469.5,469.6,605.9,605.7,486,768.1,767.7,800.3,800,713.5,82,80,05.11.2021 14:51,31.89,8.89,0.63,05.11.2021 14:48,622,616,619.8,615.2,615.8,609.3,621.8,618.9,617,614.4,617,612,625.3,620.8,618.7,615.8,619.9,615.6,557,540.6,622,616,619.8,615.2,615.8,609.3,621.8,618.9,617,614.4,617,612,625.3,620.8,618.7,615.8,619.9,615.6,557,540.6,248183572,5.11.2021 15:44,0.3,0,
05.11.2021 14:45,14,05.11.2021 14:48,168,525.1,498.5,30.3,74.4,536.9,510.3,39,14.6,547,515,45.6,7.1,567,535.1,27.2,8.5,596.3,557.7,15.1,0,629.8,600.6,31.3,1.7,633.3,633,9.7,23.2,633,633,9.1,23.3,659,664,649,636.9,632.9,630.8,630.9,636,650.9,671,680,682,632.1,9.4,659,664.1,649.3,637.2,633.1,631,631.1,636.2,651.2,671.2,680.2,682.1,631.9,4.9,659,663.9,648.9,636.9,633,630.9,630.9,636.2,651.1,671,679.9,681.8,631.9,18.1,05.11.2021 14:48,577.9,577.9,05.11.2021 14:48,469.5,469.6,605.3,605.1,486.3,770.1,769.8,801.1,800.8,714,83,80,05.11.2021 14:51,32.45,9.07,0.63,05.11.2021 14:48,621.7,617.4,620.8,614,615.1,611,622,619.8,617.9,614.4,618.1,613.5,625.8,620.2,618.3,615.4,619.1,615,558.7,540.5,621.7,617.4,620.8,614,615.1,611,622,619.8,617.9,614.4,618.1,613.5,625.8,620.2,618.3,615.4,619.1,615,558.7,540.5,248183601,5.11.2021 15:44,-0.11,1,
05.11.2021 14:46,14,05.11.2021 14:49,168,524.6,499.1,34.9,69.8,536.9,510.7,38.9,10.3,547.1,515.2,44.7,5.1,566.9,535.1,28.1,8.3,596.6,557.6,12.1,0,629.5,600.4,34.2,3.4,632.9,633.1,13.5,22.4,632.8,633,11,23.3,658.9,663.9,648.9,636.8,632.8,630.9,630.8,635.9,650.9,670.9,679.9,681.9,632.1,9.2,659,664.1,649.2,637.1,633.1,631.2,631.2,636.1,651.1,671.1,680.1,682,631.9,5,659.1,664.1,649.1,637.1,633,631.1,631.1,636.1,651,671.1,679.9,682,631.9,3.5,05.11.2021 14:49,577.9,577.9,05.11.2021 14:49,467.5,467.6,603.3,603.1,486,770.6,770.3,801.2,800.8,714.6,82,80,05.11.2021 14:52,32.15,9.33,0.65,05.11.2021 14:49,621.9,616.7,619.4,614.7,615.8,610.2,621.7,618.8,617.6,614.6,618.3,612.2,625.4,620.2,618.3,615.6,618.9,614.3,559.8,539.6,621.9,616.7,619.4,614.7,615.8,610.2,621.7,618.8,617.6,614.6,618.3,612.2,625.4,620.2,618.3,615.6,618.9,614.3,559.8,539.6,248183662,5.11.2021 15:45,0,1,
05.11.2021 14:47,15,05.11.2021 14:50,168,524.5,499.6,35.8,65.4,536.8,510.7,39.8,9.5,547.2,515.3,43.7,3.8,567.2,535,25.1,9,596.4,557.4,13.8,0,629.7,600.5,32.4,2.3,633,633.1,12.6,22.3,632.9,633.1,10.1,22.4,659.1,664,648.9,636.9,632.9,630.9,630.9,636,650.9,670.9,680,681.8,632,10.1,658.9,664,649.2,637,633,631.1,631.1,636,651,670.9,680,682,632,4.1,659,664,649,637,633,631,631,636,651.2,671.1,680.1,682,632,10.2,05.11.2021 14:50,577.9,577.9,05.11.2021 14:50,465.1,465.1,601.1,600.9,485.6,768.4,768.1,800.4,800.1,713.9,82,80,05.11.2021 14:53,32.13,9.28,0.65,05.11.2021 14:50,621.9,616.9,619.3,613.8,615.6,610.7,621.7,619.2,618,612.9,615.3,611.8,625.7,621.3,619.3,614.6,619.6,614.4,561,536.9,621.9,616.9,619.3,613.8,615.6,610.7,621.7,619.2,618,612.9,615.3,611.8,625.7,621.3,619.3,614.6,619.6,614.4,561,536.9,248183723,5.11.2021 15:46,0.03,1,
05.11.2021 14:47,14,05.11.2021 14:50,168,524.5,499.4,35.9,67.3,536.8,510.5,39.8,11.1,547.2,515.3,43.8,3.7,566.5,534.9,31.4,9.9,593.6,557.1,40.3,0,629.9,600.4,30.5,3.1,632.9,633,13.5,23.3,633,633.2,9.1,21.4,659.1,664,649.1,637,632.9,630.9,630.9,635.9,650.8,670.9,679.9,681.9,631.9,11.1,659,663.9,649.1,637.1,633,631.1,631.1,636,651.1,671.1,680,682,632.1,3.1,659.1,664.1,649.1,637.1,633.1,631,631.1,636,650.9,671,680.1,682,632.1,2.8,05.11.2021 14:50,577.9,577.9,05.11.2021 14:50,464.1,464.1,600.5,600.3,485.1,772.6,772.2,801.8,801.5,714.7,83,80,05.11.2021 14:53,32.3,9.3,0.65,05.11.2021 14:51,622.2,617.4,620.6,615.8,615.3,609.8,621.5,619.5,618.3,615,615,611.4,625.5,621.2,619.4,615.4,618,613.8,558.1,538.6,622.2,617.4,620.6,615.8,615.3,609.8,621.5,619.5,618.3,615,615,611.4,625.5,621.2,619.4,615.4,618,613.8,558.1,538.6,248183755,5.11.2021 15:47,-0.16,1,
05.11.2021 14:47,0,05.11.2021 14:50,168,524.5,499.4,35.9,67.3,536.8,510.5,39.8,11.1,547.2,515.3,43.8,3.7,566.5,534.9,31.4,9.9,593.6,557.1,40.3,0,629.9,600.4,30.5,3.1,632.9,633,13.5,23.3,633,633.2,9.1,21.4,659.1,664,649.1,637,632.9,630.9,630.9,635.9,650.8,670.9,679.9,681.9,631.9,11.1,659,663.9,649.1,637.1,633,631.1,631.1,636,651.1,671.1,680,682,632.1,3.1,659.1,664.1,649.1,637.1,633.1,631,631.1,636,650.9,671,680.1,682,632.1,2.8,05.11.2021 14:50,577.9,577.9,05.11.2021 14:50,464.1,464.1,600.5,600.3,485.1,772.6,772.2,801.8,801.5,714.7,83,80,05.11.2021 14:53,32.3,9.3,0.65,05.11.2021 14:51,622.2,617.4,620.6,615.8,615.3,609.8,621.5,619.5,618.3,615,615,611.4,625.5,621.2,619.4,615.4,618,613.8,558.1,538.6,622.2,617.4,620.6,615.8,615.3,609.8,621.5,619.5,618.3,615,615,611.4,625.5,621.2,619.4,615.4,618,613.8,558.1,538.6,248183755,5.11.2021 15:47,-0.06,1,
05.11.2021 14:49,15,05.11.2021 14:52,168,525.1,499.4,29.9,67.7,536.5,510,42.6,15.2,546.9,515,46.6,6.2,567.2,534.9,25,10,595.5,557.1,22.1,0,630.1,600.3,28.7,3.9,633.2,632.9,10.7,24.5,632.9,633.1,10.1,22.2,659,664,649,637,632.9,630.9,630.9,636,651,671,680.1,682,631.9,11.3,658.9,664,648.7,636.9,632.9,630.8,630.9,636,651.1,671,680.1,682,632.3,0,658.9,663.9,649,637,633,630.9,630.9,636,651,671,680,681.8,632.3,23.4,05.11.2021 14:52,577.9,577.9,05.11.2021 14:52,468,468.1,603.8,603.6,485.6,768.6,768.3,800.5,800,714.2,82,80,05.11.2021 14:55,32.72,9.51,0.77,05.11.2021 14:52,622.1,616.5,619.8,611.9,615.8,610.5,621.8,618.3,616.7,612.3,617.5,612.7,626.1,619.9,618.3,613.8,618.3,615,558,536.6,622.1,616.5,619.8,611.9,615.8,610.5,621.8,618.3,616.7,612.3,617.5,612.7,626.1,619.9,618.3,613.8,618.3,615,558,536.6,248183845,5.11.2021 15:48,0.08,1,
05.11.2021 14:52,14,05.11.2021 14:55,168,524.5,499.3,35.5,71,536.9,509.9,38.8,17.6,547,515,45.7,6.6,567.2,535,24.9,9,595.2,556.9,24.8,0,629.9,600.3,30.7,4,633,633,12.5,24.3,633,633.1,9.2,21.9,659,664.1,649,636.9,633,630.9,630.9,635.8,650.9,670.9,679.9,681.9,632,10.5,659.1,664.1,649.1,637,633,631.1,631,635.8,650.8,670.7,679.8,682,632.4,0,659,664,649,637,633,631,631,635.8,651.1,671.1,680.1,682.1,632.4,29.5,05.11.2021 14:56,577.9,577.9,05.11.2021 14:56,465.2,465.4,601.4,601.2,486,772.4,772,801.8,801.3,715.1,82,80,05.11.2021 14:59,32.52,9.47,0.79,05.11.2021 14:56,621,615.8,618.8,613.6,614.5,609.5,621.2,618.2,616.7,613.2,617.5,612.8,624.2,619.6,618.6,614.8,618.5,613.9,558,538.5,621,615.8,618.8,613.6,614.5,609.5,621.2,618.2,616.7,613.2,617.5,612.8,624.2,619.6,618.6,614.8,618.5,613.9,558,538.5,248184089,5.11.2021 15:52,0.4,0,
05.11.2021 14:52,0,05.11.2021 14:55,168,524.5,499.3,35.5,71,536.9,509.9,38.8,17.6,547,515,45.7,6.6,567.2,535,24.9,9,595.2,556.9,24.8,0,629.9,600.3,30.7,4,633,633,12.5,24.3,633,633.1,9.2,21.9,659,664.1,649,636.9,633,630.9,630.9,635.8,650.9,670.9,679.9,681.9,632,10.5,659.1,664.1,649.1,637,633,631.1,631,635.8,650.8,670.7,679.8,682,632.4,0,659,664,649,637,633,631,631,635.8,651.1,671.1,680.1,682.1,632.4,29.5,05.11.2021 14:56,577.9,577.9,05.11.2021 14:56,465.2,465.4,601.4,601.2,486,772.4,772,801.8,801.3,715.1,82,80,05.11.2021 14:59,32.52,9.47,0.79,05.11.2021 14:56,621,615.8,618.8,613.6,614.5,609.5,621.2,618.2,616.7,613.2,617.5,612.8,624.2,619.6,618.6,614.8,618.5,613.9,558,538.5,621,615.8,618.8,613.6,614.5,609.5,621.2,618.2,616.7,613.2,617.5,612.8,624.2,619.6,618.6,614.8,618.5,613.9,558,538.5,248184089,5.11.2021 15:52,0.28,0,
05.11.2021 14:57,14,05.11.2021 15:00,168,524.6,498.9,34.2,75.3,537.1,510.1,36.8,14.4,547.3,514.8,42.8,8.6,566.9,534.9,27.6,9.9,594.4,556.6,32.2,0,630,600.3,29.6,4.1,632.9,633.1,13.2,23.8,633,633.1,9.2,22,658.9,663.9,649,637,633,631,630.8,635.9,650.8,671,680,681.9,631.9,11.9,659,664,649.1,637.1,633,631.1,630.9,635.8,650.9,670.8,679.9,682,631.7,5.8,659,664.1,649.1,637,633,631.1,631,635.8,651,671,680.1,682.1,631.7,0,05.11.2021 15:00,577.9,577.9,05.11.2021 15:00,463.9,464,600.7,600.5,485.7,771,770.6,801.1,800.7,714.9,82,80,05.11.2021 15:03,32.2,9.26,0.79,05.11.2021 15:01,620.2,616.4,619.3,611.8,615.4,611,620.8,618.4,617.3,612.4,617.8,614,624.2,620.1,617.8,613.5,618.9,614.6,558.1,536,620.2,616.4,619.3,611.8,615.4,611,620.8,618.4,617.3,612.4,617.8,614,624.2,620.1,617.8,613.5,618.9,614.6,558.1,536,248184393,5.11.2021 15:57,0.03,1,
05.11.2021 14:59,15,05.11.2021 15:02,168,524.6,499.9,33.9,66.3,536.7,509.9,40.6,16.4,547.1,515,44.6,7,566.6,534.9,30.4,10,594.4,556.6,32.2,0,630.1,600.3,28.5,4,633.1,633,11.2,24.9,633,633.1,9.2,22,659,664,649,637,633,631,631,636,651,671,680,682.1,632.1,10.2,658.9,664,649,637,633.1,631.2,631.1,636,651.1,671,680,682,632.1,2.1,659,664,649,636.9,632.9,631.1,631,636,651,671,680,682.1,632.1,10.9,05.11.2021 15:02,577.9,577.9,05.11.2021 15:02,467.6,467.7,603.8,603.5,486.1,771.7,771.3,801.2,800.9,714.6,82,79,05.11.2021 15:05,32.3,9.41,0.79,05.11.2021 15:03,619.3,614.8,620.3,611.5,614.1,610.3,620.2,617.3,615.9,610.8,615.7,612.8,625.2,619.4,617.4,612.3,618.3,614.6,556.9,537.6,619.3,614.8,620.3,611.5,614.1,610.3,620.2,617.3,615.9,610.8,615.7,612.8,625.2,619.4,617.4,612.3,618.3,614.6,556.9,537.6,248184515,5.11.2021 15:59,0.02,1,
05.11.2021 15:00,14,05.11.2021 15:03,168,525,499.9,30.1,66.1,536.7,509.8,40.6,17.4,547.1,514.9,44.6,7.9,567,535,26.8,9.1,595.2,556.7,24.6,0,630.4,600.4,25.7,3.1,633.1,633,11.2,25,632.9,633.2,10.2,21,659.1,664.1,649.1,637,633.1,631.2,631.1,636.1,651.1,671.1,680,682,632.1,10.2,658.9,663.9,649.1,637,632.9,631.1,631.1,635.9,650.9,671.1,680,682.1,632,3,659,664,649,637,633,631,631,635.9,651,671,679.9,681.9,632,21.4,05.11.2021 15:03,577.9,577.9,05.11.2021 15:03,466.5,466.6,602.8,602.5,485.6,770,769.5,800.5,800.2,714.7,82,79,05.11.2021 15:06,32.45,9.29,0.79,05.11.2021 15:03,619.8,615,618.2,614.1,614.3,609,620.5,617.9,615.8,612.9,617.5,612.4,624.4,619.1,617.1,614.2,618.5,614.3,560,538.6,619.8,615,618.2,614.1,614.3,609,620.5,617.9,615.8,612.9,617.5,612.4,624.4,619.1,617.1,614.2,618.5,614.3,560,538.6,248184543,5.11.2021 15:59,0.01,1,
05.11.2021 15:01,14,05.11.2021 15:03,168,525,499.8,29.9,66.8,536.5,509.9,42.5,16.6,547.1,514.9,44.6,7.9,567,535,26.8,9,594.9,556.5,27.4,0,630,600.3,29.4,4.1,633.2,633.1,10.3,24.1,632.9,633,10.2,22.9,659,663.9,649,637,633.1,631.2,631,636,651,671.1,680.1,682.2,632.1,10.1,658.9,664,649,637,633.1,631.1,631.1,636.2,651.2,671.1,680,682.1,632.3,0.1,659,664,649,636.9,632.9,631,631,636.2,651,671,680,681.9,632.3,3.8,05.11.2021 15:04,577.9,577.9,05.11.2021 15:04,464.1,464.3,600.8,600.6,485.8,773.1,772.7,801.6,801.3,715,82,79,05.11.2021 15:07,31.96,9.2,0.78,05.11.2021 15:04,620.4,614.9,618.7,613.8,613.7,608.5,620.5,617.3,615.6,612.9,616.1,610.7,625.3,620,617.4,614.1,619.3,614.7,557.6,538.9,620.4,614.9,618.7,613.8,613.7,608.5,620.5,617.3,615.6,612.9,616.1,610.7,625.3,620,617.4,614.1,619.3,614.7,557.6,538.9,248184860,5.11.2021 16:00,0.03,1,
05.11.2021 15:01,14,05.11.2021 15:04,168,525.2,499.6,28,68.7,536.9,510,38.8,15.7,547.2,514.9,43.7,7.9,566.6,534.9,30.5,9.9,595.1,556.6,25.7,0,630,600.3,29.4,4.1,633.3,633.2,9.3,23.1,632.8,633.1,11.2,21.9,658.9,664,649,637.1,633,631,631,636,650.9,671.1,680,682,632,11,658.9,664,649,637,633.1,631.2,631.2,636,651.1,671.1,680,682,632.3,0,659,664,649.1,637,633,631,630.9,636,650.9,671,679.9,681.9,632.3,0,05.11.2021 15:04,577.9,577.9,05.11.2021 15:04,464.4,464.5,602,601.6,485.6,772.7,772.3,801.5,801.1,714.7,82,79,05.11.2021 15:07,32.15,9.11,0.77,05.11.2021 15:04,620.7,616.7,620.5,614.8,615.3,609.9,621.3,618.9,616.7,613.9,617.6,612.9,625.3,619.7,617.5,614.6,618.5,614.6,558.4,537.6,620.7,616.7,620.5,614.8,615.3,609.9,621.3,618.9,616.7,613.9,617.6,612.9,625.3,619.7,617.5,614.6,618.5,614.6,558.4,537.6,248184889,5.11.2021 16:00,0.2,1,
05.11.2021 15:02,14,05.11.2021 15:04,168,524,499.3,39.3,71.7,537.1,510,36.9,15.6,547.2,515,43.7,7,567.1,535,25.8,8.9,594.8,556.5,28.3,0,630.1,600.3,28.4,4.1,632.9,633.1,12.9,24.1,633.1,633.2,8.4,20.9,659,664,649,637,633.1,631.1,631.1,636.2,651,671,679.9,682,632.1,10,658.9,663.9,648.9,637,632.9,631,631,635.8,651,671.1,680.1,682.1,632,2.8,659.1,664.1,649,637,633,631,631,635.8,651,671,680,682,632,0,05.11.2021 15:05,577.9,577.9,05.11.2021 15:05,467.6,467.6,604.7,604.5,486.3,771,770.6,801,800.6,714.6,82,80,05.11.2021 15:08,32.45,9.35,0.79,05.11.2021 15:05,621.4,615.1,618.7,609.6,614.6,609.6,621.3,618.2,615.9,610.4,617,612.1,625.3,619.3,617.2,611.9,617.5,614.3,555.2,537.2,621.4,615.1,618.7,609.6,614.6,609.6,621.3,618.2,615.9,610.4,617,612.1,625.3,619.3,617.2,611.9,617.5,614.3,555.2,537.2,248184921,5.11.2021 16:01,0.23,0,
05.11.2021 15:02,14,05.11.2021 15:05,168,525,499.6,29.9,69,536.9,510.2,38.7,13.7,547.2,515,43.6,7,566.6,535,30.6,8.9,595.3,556.6,23.8,0,630.2,600.4,27.4,3.2,633.5,633.2,7.3,23.1,633,633.1,9.3,21.9,658.9,663.9,649.1,637,633,630.9,630.9,636,650.9,671.1,680,681.9,632,10.9,658.9,664,649.1,637,633,631,631,635.9,650.9,670.9,680,682,631.7,5.7,659.1,664,649.1,637,633,631,630.9,635.9,651,671,680,682,631.7,0,05.11.2021 15:05,577.9,577.9,05.11.2021 15:05,467.8,467.9,604.4,604.2,486.5,769.1,768.7,800.2,799.9,714.1,82,80,05.11.2021 15:08,32.52,9.41,0.79,05.11.2021 15:05,620,614.9,618.7,611.5,614.6,609.3,619.7,616.9,615.6,611.6,617,611.2,624.5,618.5,616.6,613.2,618.4,613.7,559.4,537.7,620,614.9,618.7,611.5,614.6,609.3,619.7,616.9,615.6,611.6,617,611.2,624.5,618.5,616.6,613.2,618.4,613.7,559.4,537.7,248184949,5.11.2021 16:01,0.06,1,
05.11.2021 15:03,14,05.11.2021 15:06,168,524.7,499.7,32.7,68.1,536.9,510.2,38.7,13.6,547.3,515,42.7,6.9,566.7,535,29.6,8.9,595.6,556.6,20.9,0,630.1,600.3,28.3,4.1,633,633.2,12,23.1,633.1,633,8.4,22.9,658.9,664,649,637,633,631,630.9,635.9,650.8,670.8,679.9,681.8,631.9,11.9,658.8,663.9,649,637.1,633,631.1,631.1,636,651,671,680,682,631.9,4.2,659,664,649.1,637,633,631,631.1,636,651.1,671,680.1,682.1,631.9,42.4,05.11.2021 15:06,577.9,577.9,05.11.2021 15:06,465.9,466,602.5,602.3,486,773.7,773.4,801.9,801.5,715.6,82,80,05.11.2021 15:09,32.33,9.28,0.78,05.11.2021 15:06,621.1,615,617.3,611.2,614.1,609.4,621.2,618.2,615.7,611.1,616.2,612.2,624.4,619.4,617.2,613.2,618.9,614.7,559.2,536.9,621.1,615,617.3,611.2,614.1,609.4,621.2,618.2,615.7,611.1,616.2,612.2,624.4,619.4,617.2,613.2,618.9,614.7,559.2,536.9,248185010,5.11.2021 16:02,0.3,0,
05.11.2021 15:03,14,05.11.2021 15:06,168,524.8,499.6,31.8,69,536.5,510.2,42.5,13.4,547.1,514.9,44.6,7.9,566.8,534.9,28.6,9.8,594.3,556.4,33.1,0,630.2,600.4,27.5,3.2,633.2,633.2,10.2,23.1,632.8,632.9,11.2,23.9,659.1,664.1,649,637.1,633,631,630.9,635.9,651,670.9,680.1,681.9,631.9,11.9,659.1,664.1,649.2,637,632.8,630.9,630.8,635.9,650.9,670.9,679.9,681.9,632.1,2.3,659,664,649,637,633,631.1,631,635.9,651.2,671.1,680.2,682.2,632.1,17.9,05.11.2021 15:06,577.9,577.9,05.11.2021 15:07,464.8,464.9,601.5,601.3,485.8,772.6,772.2,801.5,801.1,714.7,82,80,05.11.2021 15:10,32.13,8.7,0.74,05.11.2021 15:07,620.4,616.3,619.3,611.7,614.5,610,621,618.7,616.6,611.7,617,613.4,624.4,619.6,617.5,613.2,618,613.5,560.6,537.6,620.4,616.3,619.3,611.7,614.5,610,621,618.7,616.6,611.7,617,613.4,624.4,619.6,617.5,613.2,618,613.5,560.6,537.6,248185043,5.11.2021 16:03,0.11,1,
05.11.2021 15:04,15,05.11.2021 15:07,168,525,499.6,29.8,69.2,536.4,510.1,43.4,14.1,547.2,515,43.6,6.9,566.8,535,28.6,8.9,594.3,556.4,33.1,0,630.5,600.4,24.6,3.1,633.3,633.2,9.2,23,632.7,633,12.2,23,659.1,664.1,649,637,633,631,631,636,650.9,670.9,679.9,681.9,631.8,13,659.3,664,649.2,637.1,633,631,631,635.9,650.9,670.9,679.9,681.9,632.2,1.1,659,664.1,648.9,637,633,631.1,631.1,635.9,651.1,671.1,680.1,682,632.2,0,05.11.2021 15:07,577.9,577.9,05.11.2021 15:08,466,466.1,603.7,603.6,485.8,768.9,768.6,800.1,799.8,714.2,82,79,05.11.2021 15:10,32.01,9.14,0.77,05.11.2021 15:08,620.4,615.4,618.1,610.9,614.8,609.9,620.9,617.6,615.2,611.5,617.1,612.6,624.8,619.1,616.7,613.4,619.3,614.6,556.2,536.4,620.4,615.4,618.1,610.9,614.8,609.9,620.9,617.6,615.2,611.5,617.1,612.6,624.8,619.1,616.7,613.4,619.3,614.6,556.2,536.4,248185104,5.11.2021 16:04,0.11,1,
05.11.2021 15:05,14,05.11.2021 15:08,168,524.8,499.7,31.6,68.3,536.9,510,38.7,15,547.1,515,44.5,6.9,566.8,534.9,28.7,9.8,595.4,556.5,22.7,0,629.8,600.4,31.2,3.1,633.1,633.2,11.1,23,633.1,633.1,8.4,22.1,659.1,664.1,649.1,637.1,633.1,631,631,636.1,651,671,680,682,631.9,12.1,659.1,664.1,649.2,637,632.9,631.1,631,635.9,651,670.9,679.9,682.1,632,2.9,659,664,649,637,633,631,631,635.9,651,671,680,682,632,0,05.11.2021 15:08,577.9,577.9,05.11.2021 15:08,468.7,468.8,605.7,605.5,485.8,772.5,772.2,801.4,801,714.8,82,79,05.11.2021 15:11,32.74,9.21,0.77,05.11.2021 15:08,621.1,616.3,619.3,613.8,614.6,608.8,620,617.8,616.8,612.7,613.7,610.4,626.1,621.4,618.5,614.2,618.9,612.8,557.6,536.9,621.1,616.3,619.3,613.8,614.6,608.8,620,617.8,616.8,612.7,613.7,610.4,626.1,621.4,618.5,614.2,618.9,612.8,557.6,536.9,248185132,5.11.2021 16:04,0.3,0,
05.11.2021 15:05,15,05.11.2021 15:08,168,524.4,500,35.5,65.4,536.8,510.1,39.6,14.1,547.2,515,43.6,6.9,566.6,534.8,30.4,10.7,594.6,556.4,30.3,0,629.9,600.3,30.2,4,633,633.1,12,23.9,632.8,633.2,11.3,21.2,659,664,649,637,633,631,631.1,636.1,651,671.1,680,682.1,632,11.2,659.1,664.1,649.3,637.1,633,631.1,631.1,635.9,650.9,670.9,680,682.2,631.8,4.8,658.9,664,649,637,633,631,631.1,635.9,651,671,680.1,682,631.8,0,05.11.2021 15:08,577.9,577.9,05.11.2021 15:08,468.6,468.8,605.1,605,486,774,773.6,801.9,801.5,715.5,82,79,05.11.2021 15:11,32.42,9.24,0.77,05.11.2021 15:09,619.5,614.5,618.2,614.5,614.5,609.1,619.8,616.5,615.6,612.9,614.5,610.8,624.6,619.8,617.6,614.2,619.9,615.2,557.3,538.6,619.5,614.5,618.2,614.5,614.5,609.1,619.8,616.5,615.6,612.9,614.5,610.8,624.6,619.8,617.6,614.2,619.9,615.2,557.3,538.6,248185165,5.11.2021 16:05,-0.03,1,
05.11.2021 15:06,14,05.11.2021 15:09,168,524.6,500.1,33.6,64.3,536.9,510.1,38.7,14,547.1,515,44.6,6.9,567.1,535,25.9,8.9,595.1,556.4,25.5,0,630.4,600.3,25.5,4,633.1,633,11,24.9,632.8,633.1,11.2,22.1,658.9,663.9,649.1,637.1,633.1,631.1,630.9,636,651,671,680.1,682.2,632.1,10.3,659.1,664.1,649.1,636.9,633.1,631.1,631,636,651.1,671,680,682.1,631.7,5.9,659,663.9,649,637,633,631,630.9,636,651,671,679.9,681.8,631.7,17.6,05.11.2021 15:09,577.9,577.9,05.11.2021 15:09,467.8,468,604.2,604,486.1,772.7,772.3,801.4,801,715.3,82,80,05.11.2021 15:12,32.33,9.23,0.77,05.11.2021 15:09,619.8,615.3,618.5,612.9,614.3,609.2,619.4,616.1,615.7,613.4,615,611.1,624.6,620.6,617.6,615,619.6,615.4,558.4,537.3,619.8,615.3,618.5,612.9,614.3,609.2,619.4,616.1,615.7,613.4,615,611.1,624.6,620.6,617.6,615,619.6,615.4,558.4,537.3,248185193,5.11.2021 16:05,0.09,1,
05.11.2021 15:08,15,05.11.2021 15:11,168,524.5,499.4,34.7,70.4,536.7,510,40.6,14.9,547,514.9,45.3,7.8,567,534.9,26.7,9.8,595,556.5,26.4,0,629.8,600.4,31.1,3.1,633.1,633.2,11.1,23.1,632.7,633,12.2,23.1,658.9,663.9,649,637,633,631.1,630.9,636,650.9,670.9,680,681.9,632,11.1,659,663.9,648.9,637,633,631,630.9,635.9,650.9,671.1,680,682,631.8,5.4,659,664,649.1,637,633,631.1,631,635.9,651,671,680,681.9,631.8,0,05.11.2021 15:11,577.9,577.9,05.11.2021 15:11,463.3,463.4,600.5,600.3,485.6,773.1,772.8,801.5,801.2,715.2,82,80,05.11.2021 15:14,32.06,9.32,0.77,05.11.2021 15:11,621.2,615.4,619.2,611.4,614.7,609.6,620.3,617.1,616.3,611.7,614.8,610.8,625.7,621,619,613.5,617.5,613.3,556.7,534.8,621.2,615.4,619.2,611.4,614.7,609.6,620.3,617.1,616.3,611.7,614.8,610.8,625.7,621,619,613.5,617.5,613.3,556.7,534.8,248185315,5.11.2021 16:07,0.12,1,
05.11.2021 15:08,14,05.11.2021 15:11,168,524.5,499.6,34.6,68.5,536.8,510.1,39.7,13.9,547.5,515,40.7,6.9,566.6,534.9,30.4,9.8,595,556.4,26.3,0,630.1,600.4,28.3,3,633.1,633.3,11.1,22,633.1,633,8.4,23.1,659,664,649,637,632.9,630.8,631,636.1,651,671,679.9,681.8,631.9,12,658.9,664,649,637,633,631,630.8,635.9,651,671,680,682,631.9,4.5,659.1,664,648.9,637,633,631,631,635.9,651,671,680,682.1,631.9,0,05.11.2021 15:11,577.9,577.9,05.11.2021 15:11,465.6,465.7,603,602.8,485.2,771.6,771.1,801,800.6,715.2,82,80,05.11.2021 15:14,32.15,9.33,0.77,05.11.2021 15:12,621.5,615.4,618.1,613,614.2,607.8,620.8,618.1,616,612.6,614.5,609.1,624.2,619.4,617.2,613.9,618,613.4,556.6,536.9,621.5,615.4,618.1,613,614.2,607.8,620.8,618.1,616,612.6,614.5,609.1,624.2,619.4,617.2,613.9,618,613.4,556.6,536.9,248185347,5.11.2021 16:08,0.13,1,
05.11.2021 15:11,14,05.11.2021 15:13,168,524.2,499.8,37.3,67,537.1,509.8,37,16.6,547.2,514.9,43.5,8.1,566.7,534.9,29.6,10,594.9,556.3,27.2,0,630.1,600.3,28.2,3.9,633.2,633.1,10.1,23.9,632.9,633.2,10.3,21.4,659.1,664.2,649.1,637.1,633,630.9,631,636.2,651,671,680,681.9,632.1,10.2,659.1,664.1,649.1,637,633.1,631.1,630.8,635.9,651,671,680,682.1,632,3.8,658.9,664,649,637.1,633,631,631,635.9,651.1,671.1,680.1,682,632,0,05.11.2021 15:14,577.9,577.9,05.11.2021 15:14,468.3,468.3,605.8,605.6,485.7,770.8,770.3,800.6,800.3,715,82,80,05.11.2021 15:17,32.01,9.16,0.77,05.11.2021 15:14,620.5,615,618.2,614.3,615.1,608.7,620.5,617.6,615.4,612.7,616.3,611.3,624.1,618.7,616.8,614.1,618.2,614.5,560.3,540.8,620.5,615,618.2,614.3,615.1,608.7,620.5,617.6,615.4,612.7,616.3,611.3,624.1,618.7,616.8,614.1,618.2,614.5,560.3,540.8,248185498,5.11.2021 16:10,0.27,0,
05.11.2021 15:12,15,05.11.2021 15:15,168,524.5,499.6,34.5,68.6,536.9,509.9,38.9,15.9,547.3,515,42.6,7.2,566.8,535,28.6,9.1,594.9,556.4,27.2,0,629.8,600.3,31.1,4,633.2,633.1,10.2,24,633,633,9.5,23.2,659,664,649.1,637,633.1,631.1,631.1,636.1,651.1,671.1,680.1,682.4,632.2,9,659.1,664.2,649.2,637.2,633.1,631,631.2,636.1,651.1,671.1,680,682.1,632.1,2.8,658.9,663.9,648.9,636.9,632.9,631,631,636.1,651,671,680,681.9,632.1,7.1,05.11.2021 15:15,577.9,577.9,05.11.2021 15:15,467.6,467.8,604,603.8,485.9,773.5,773.1,801.5,801.2,715.3,82,79,05.11.2021 15:18,32.13,9.27,0.76,05.11.2021 15:15,619.5,614.6,617.6,612.2,613.8,608.5,620,617.2,615.7,612.1,615.2,611,624.1,618.7,617.3,613.5,618.8,613.5,557.4,536.1,619.5,614.6,617.6,612.2,613.8,608.5,620,617.2,615.7,612.1,615.2,611,624.1,618.7,617.3,613.5,618.8,613.5,557.4,536.1,248185587,5.11.2021 16:11,0.17,1,
05.11.2021 15:12,14,05.11.2021 15:15,168,524.9,499.9,30.6,65.7,537.1,509.8,37,17,547.1,515,44.4,7.2,567,535,26.8,9.1,595.1,556.4,25.4,0,630,600.4,29.1,3.1,633.1,633.2,11.1,23,632.8,633,11.4,23.2,659,663.9,649.1,637,633.1,631,631,636,651,671,680.1,682.1,631.9,11.8,659,664,649.1,637.1,633.1,631,631.3,636.1,651.1,671,680,682,632,3.7,659,663.9,649,636.9,632.9,631,631,636.1,651,670.9,679.9,681.9,632,21.1,05.11.2021 15:15,577.9,577.9,05.11.2021 15:16,466.5,466.6,603,602.8,486.1,771.8,771.4,800.9,800.6,714.8,82,80,05.11.2021 15:19,32.45,9.28,0.76,05.11.2021 15:16,621.5,615.8,618,610,614.8,609.5,621.1,618.1,615.6,610.7,616.9,611.9,624.1,618.8,617.3,612.3,618.2,614.3,557.2,537,621.5,615.8,618,610,614.8,609.5,621.1,618.1,615.6,610.7,616.9,611.9,624.1,618.8,617.3,612.3,618.2,614.3,557.2,537,248185619,5.11.2021 16:12,0.1,1,
05.11.2021 15:13,14,05.11.2021 15:16,168,524.4,499.9,35.4,65.6,536.9,509.9,38.8,16.1,547.4,515.1,41.6,6.2,566.8,535.1,28.6,8.1,594.8,556.4,28.1,0,629.9,600.4,30.2,3,633.1,633.2,11.1,23,633.1,633,8.6,23.3,658.9,663.9,648.9,637,633,631,631,636,651,671,680,682.1,631.8,12.9,658.9,663.9,649.1,637.1,633,631.1,631.1,636,651.1,671.1,680.1,682,632,3.7,659.1,664,648.9,637,632.9,631,631.1,636,651.1,671,679.9,681.8,632,24.7,05.11.2021 15:16,577.9,577.9,05.11.2021 15:16,465.3,465.5,602,601.8,485.8,769.9,769.5,800.2,799.9,714.4,82,80,05.11.2021 15:19,32.45,8.76,0.73,05.11.2021 15:16,620.1,615.3,617.8,610.6,614.1,609.3,620.2,618.2,615.6,611.4,616.9,611.8,624.2,619.4,617.3,612.8,618.5,614.1,556.9,539,620.1,615.3,617.8,610.6,614.1,609.3,620.2,618.2,615.6,611.4,616.9,611.8,624.2,619.4,617.3,612.8,618.5,614.1,556.9,539,248185648,5.11.2021 16:12,0.17,1,
05.11.2021 15:14,14,05.11.2021 15:17,168,524.4,499.5,35.6,69.2,536.8,509.9,39.8,16.2,547.1,515,44.4,7.1,566.7,535,29.6,8.9,594.9,556.4,27.1,0,630.1,600.4,28.3,3,633,633.1,12.1,23.9,633,633.2,9.5,21.4,659,664,649,637,633,631,631,636,651,670.9,680,682,632,11.1,658.9,664,649,637,633,631,631.1,636.1,651,670.9,680,682,631.9,4.7,658.9,664,649,637,633,631,630.9,636.1,651.1,671,680,682,631.9,7.1,05.11.2021 15:17,577.9,577.9,05.11.2021 15:17,463.8,464,601.2,601.1,485.6,774.2,773.8,801.8,801.4,715.4,82,80,05.11.2021 15:20,32.72,9.21,0.76,05.11.2021 15:17,620.2,615.2,618.2,612.2,613.9,608.7,620,617,615.8,611.7,616.1,612.4,625.1,620,617.6,613.2,619.4,614.3,557.5,536.5,620.2,615.2,618.2,612.2,613.9,608.7,620,617,615.8,611.7,616.1,612.4,625.1,620,617.6,613.2,619.4,614.3,557.5,536.5,248185709,5.11.2021 16:13,0.08,1,
05.11.2021 15:14,14,05.11.2021 15:17,168,524.2,499.4,37.4,70.2,536.9,510,38.9,15.2,547.2,515.1,43.5,6.1,566.8,535,28.7,8.8,595,556.5,26.3,0,630,600.3,29.2,3.9,633,633.1,12.1,23.9,632.8,633.1,11.4,22.4,659.1,664,649,637,633,631,630.9,636,651,671,679.9,681.8,632.1,10.2,658.9,664,649.1,637,632.9,631,631,636,651.1,671,680,681.9,631.9,4.8,659,664.1,649.1,637.1,633.1,631,631.1,636,651.1,671.1,680.1,682,631.9,0,05.11.2021 15:17,577.9,577.9,05.11.2021 15:17,468.9,469,606.1,606,485.9,772.9,772.5,801.3,800.9,715.2,82,80,05.11.2021 15:20,32.72,9.38,0.76,05.11.2021 15:18,620.2,615,618.5,611.3,614.6,609.7,619.6,616.3,615.6,611.7,613.7,611.5,624.6,618.9,617.6,613.4,618.3,613.3,558.2,534.5,620.2,615,618.5,611.3,614.6,609.7,619.6,616.3,615.6,611.7,613.7,611.5,624.6,618.9,617.6,613.4,618.3,613.3,558.2,534.5,248185741,5.11.2021 16:14,0.02,1,
05.11.2021 15:15,15,05.11.2021 15:18,168,524.6,499.6,33.7,68.4,536.5,510.1,42.7,14.3,547.2,515.1,43.5,6.1,566.9,535.1,27.7,7.8,594.8,556.4,28,0,630.2,600.3,27.3,3.9,633.3,633.1,9.3,23.9,632.9,633.1,10.5,22.3,659,663.9,649,637,633,631,630.9,636,651,670.9,679.9,681.9,632.1,10.1,659.1,664,649.1,637,633.1,631.1,631.1,636,651,670.9,680,682,631.9,4.9,659,664,649,637,632.9,631.1,631.1,636,651.1,671.1,680.2,682.2,631.9,0,05.11.2021 15:18,577.9,577.9,05.11.2021 15:18,469.9,470,606.3,606.1,486.1,771.1,770.7,800.6,800.3,714.9,82,79,05.11.2021 15:21,32.33,9.2,0.75,05.11.2021 15:18,620.1,614.4,617.5,610.5,614.1,609,620.1,616.9,615.2,611.1,616.1,612.1,624.6,619.6,617.2,612.7,618.2,613.9,559,535.7,620.1,614.4,617.5,610.5,614.1,609,620.1,616.9,615.2,611.1,616.1,612.1,624.6,619.6,617.2,612.7,618.2,613.9,559,535.7,248185770,5.11.2021 16:14,0.15,1,
05.11.2021 15:15,14,05.11.2021 15:18,168,524.6,499.5,33.7,69.4,536.8,510.1,39.8,14.2,547.1,515,44.4,7,566.7,535,29.6,8.7,594.9,556.4,27.2,0,630,600.3,29.2,3.9,633.1,633.1,11.1,23.9,632.8,633,11.5,23.2,659,664.1,649,637,632.9,631,631,636,651,670.9,680,681.8,632.1,10.1,659.2,664.1,649.3,637.2,633,631.1,631,636,651,670.9,680,682,632,3.9,658.9,664,649,637,633,631,631,636,651.1,671,680,682,632,0,05.11.2021 15:18,577.9,577.9,05.11.2021 15:18,469.3,469.5,605.4,605.2,486,770.1,769.6,800.3,800,714.2,82,80,05.11.2021 15:21,32.3,9.21,0.75,05.11.2021 15:19,619.8,615,618.3,609.8,613.8,608.4,619.6,616.9,615.5,611.4,614.4,610.4,624.9,619.4,617,613.4,618.6,612.5,558.4,537.6,619.8,615,618.3,609.8,613.8,608.4,619.6,616.9,615.5,611.4,614.4,610.4,624.9,619.4,617,613.4,618.6,612.5,558.4,537.6,248185802,5.11.2021 16:15,0.14,1,
05.11.2021 15:16,15,05.11.2021 15:19,168,524.8,499.5,31.6,69.5,536.5,510.2,42.7,13.1,547.1,515,44.5,7,566.7,534.9,29.5,9.6,594.7,556.3,29,0,630.1,600.3,28.2,3.9,633.1,633,11.1,24.9,632.8,633.1,11.4,22.3,659,664.1,649,636.9,633,631,631,636,651,671,680,682,632.1,10,659.1,664.1,649.2,637.2,633.1,631,631,636,651,671,680,682,632,3.9,658.9,664,649,637,633,631.1,631.1,636,651.1,671.1,680,682,632,24.6,05.11.2021 15:19,577.9,577.9,05.11.2021 15:19,468.3,468.4,604.3,604.1,486.6,774,773.7,801.7,801.3,715.3,82,80,05.11.2021 15:22,32.3,9.27,0.75,05.11.2021 15:19,620,615.4,617.8,611.2,613.7,608.9,620.8,617.8,615.9,611.4,615.3,611.2,624.6,620.2,617.6,613.4,618.7,614.7,557.6,536.8,620,615.4,617.8,611.2,613.7,608.9,620.8,617.8,615.9,611.4,615.3,611.2,624.6,620.2,617.6,613.4,618.7,614.7,557.6,536.8,248185831,5.11.2021 16:15,0.23,0,
05.11.2021 15:18,15,05.11.2021 15:21,168,524.9,499.3,30.6,71.8,536.7,510,40.8,14.6,547.1,514.9,44.5,7.9,566.8,534.9,28.6,9.8,594.6,556.2,30,0,630,600.3,29.2,4,633.2,633.1,10.2,24.1,632.9,633.1,10.6,22.2,658.9,663.9,649,636.9,633,630.9,631,636,651.1,671,680.1,682.2,631.8,12.9,659,664,649,637,633,631.1,631.1,636,651.1,671.1,680.1,682.1,631.9,4.9,659,664,648.9,636.9,632.9,631,631,636,651.1,671,680,682,631.9,0,05.11.2021 15:21,577.9,577.9,05.11.2021 15:21,463.6,463.8,600.4,600.3,485.5,772.5,772.2,801.2,800.9,714.6,82,80,05.11.2021 15:24,32.42,9.33,0.75,05.11.2021 15:21,620.8,615.8,619.8,612.3,614.7,609.8,620.5,617.6,617.1,612.9,614.7,612.1,625.7,621.5,619.4,614.3,617.5,613.8,556,535.1,620.8,615.8,619.8,612.3,614.7,609.8,620.5,617.6,617.1,612.9,614.7,612.1,625.7,621.5,619.4,614.3,617.5,613.8,556,535.1,248185953,5.11.2021 16:17,0.19,1,
05.11.2021 15:19,15,05.11.2021 15:22,168,524.7,499.6,32.6,69.4,536.6,510,41.8,14.6,547,514.8,45.5,8.9,566.8,535,28.6,8.8,594.4,556.3,31.9,0,630.3,600.4,26.3,3.1,633.3,633.3,9.2,22.1,632.9,633,10.6,23.1,659,664.1,649,637,633,631,631.1,636.1,651,671,680,682.1,632,11.1,658.9,664,649,636.9,633,631.1,631,636,651.1,671.1,680,681.9,631.9,5.1,659.1,664.1,649.1,637,633.1,631,631,636,650.9,671,679.9,681.9,631.9,53,05.11.2021 15:22,577.9,577.9,05.11.2021 15:22,468.9,469,605.3,605.1,485.9,773.3,773,801.4,801,715.5,82,80,05.11.2021 15:26,32.06,9.29,0.76,05.11.2021 15:22,619.8,615.6,619.3,613.4,613.4,608.8,619.6,616.8,616.1,613.3,614.5,610.9,625.3,619.1,617.2,613.9,618.9,614.6,558.6,538.5,619.8,615.6,619.3,613.4,613.4,608.8,619.6,616.8,616.1,613.3,614.5,610.9,625.3,619.1,617.2,613.9,618.9,614.6,558.6,538.5,248186014,5.11.2021 16:18,0.09,1,
05.11.2021 15:20,14,05.11.2021 15:23,168,521.9,505.3,58.7,12.5,535.1,511.5,55.6,0,545.1,520.6,62.2,0,564.4,539.2,51.1,0,594.2,560.2,33.1,0,629.8,603.7,30.2,0,631.9,634.4,22.3,9.9,631.6,633.3,22.9,18.7,658.9,664,649,637,633,631,631.1,636,651.1,670.9,680,681.9,632.7,3.7,658.9,664,649.1,637,632.9,630.9,630.9,636,651,671,680,682,632,4.2,659,664.1,649,637,633,631,631.1,636,651,671,679.9,681.9,632,0,05.11.2021 15:23,578.1,578.1,05.11.2021 15:24,463.9,464.1,600.6,600.4,485.2,772.1,771.8,801.7,801.3,715.4,82,79,05.11.2021 15:27,32.45,9.28,0.75,05.11.2021 15:24,621.8,616.4,620,614.5,615.9,610.5,620.7,617.6,616.9,613.7,615.8,611.9,625.9,621.4,619.4,615.4,619.6,614.5,556.1,536.8,621.8,616.4,620,614.5,615.9,610.5,620.7,617.6,616.9,613.7,615.8,611.9,625.9,621.4,619.4,615.4,619.6,614.5,556.1,536.8,248186130,5.11.2021 16:20,0.27,0,
05.11.2021 15:21,14,05.11.2021 15:24,168,522.6,498.8,52.6,70.7,536.8,511.1,39.6,2.4,547.2,519.1,42.9,0,565.2,537.6,43.7,0,594.4,559.1,31.3,0,630.8,602.4,20.9,0,633.1,632.3,11.2,29.5,632.4,632.3,15.7,28.5,659,664,649,636.9,632.9,630.9,631,636,650.9,670.9,679.9,681.8,631.9,10.9,659,664,649.1,637,633,631,630.9,636,651,670.9,680,681.9,632.1,3.3,659,664,649,636.9,633,631,631,636,651,671,680.1,682.1,632.1,39.2,05.11.2021 15:24,578,578,05.11.2021 15:25,468.7,468.8,605.7,605.5,485.8,769,768.6,800.4,800,714.4,82,80,05.11.2021 15:27,31.96,9.3,0.75,05.11.2021 15:25,621,615.2,619.3,615.4,615.3,609.8,620.7,617.5,616.7,614.1,617.6,612.3,625.6,620.5,618.3,615.2,620,614.9,557.7,538.6,621,615.2,619.3,615.4,615.3,609.8,620.7,617.5,616.7,614.1,617.6,612.3,625.6,620.5,618.3,615.2,620,614.9,557.7,538.6,248186191,5.11.2021 16:21,0,1,
05.11.2021 15:22,14,05.11.2021 15:25,168,525.1,496.6,29.1,92.5,536.4,510.8,42.8,4.7,546.7,518.2,47.9,0,568,537.1,17.1,0,595.3,558.6,22.1,0,629.1,601.5,37,0,632.6,631.9,15.9,33.8,633.2,632.3,8,28.9,659.2,664.1,649.1,637,633,631,631.1,636,650.9,670.8,680,681.8,631.7,12.9,659,664,649.1,637,633.1,631.1,631.1,635.9,651,671.1,680.1,682.1,632.1,3.3,659,664.1,649.1,637.1,633.1,631.1,631.1,635.9,651.1,671.1,680.1,682.1,632.1,50.2,05.11.2021 15:25,578,578,05.11.2021 15:25,468.6,468.7,605.1,604.8,486,769.9,769.5,800.6,800.3,714.2,82,80,05.11.2021 15:28,32.13,9.32,0.75,05.11.2021 15:25,620,614.8,617.8,614.1,614.5,607.7,620.6,617.8,615.8,613.4,616.7,611.8,624.8,619.5,617,614.4,618.8,613.5,557.8,537.7,620,614.8,617.8,614.1,614.5,607.7,620.6,617.8,615.8,613.4,616.7,611.8,624.8,619.5,617,614.4,618.8,613.5,557.8,537.7,248186219,5.11.2021 16:21,0,1,
05.11.2021 15:24,15,05.11.2021 15:27,168,524.8,499.4,31.8,71.1,536.3,509.4,44,17.6,546.9,515.9,46,0,567.8,534.8,19,10.3,594,557.3,34.5,0,630.5,600.3,24,3.7,633,633.4,12.1,20.7,632.6,633,13.6,22.8,659.1,664.1,649,637,633,631,631.1,636,651.1,671,680,682.1,632,10.8,659,664,649.1,637,633,631.1,631.2,636.1,651.1,671.1,680.1,682.1,631.9,5.1,659,664,648.9,636.9,632.9,631,631,636.1,651.1,671,680,682,631.9,0,05.11.2021 15:27,578,578,05.11.2021 15:27,464,464.1,600.8,600.6,485.8,769.5,769,800.3,800,714.3,82,79,05.11.2021 15:30,32.62,9.17,0.74,05.11.2021 15:27,621.1,615.5,618.3,610.8,615.1,610.5,619.9,616.5,615.4,611.6,617,612.9,624.1,619,616.8,613.1,617.8,614.1,557,537,621.1,615.5,618.3,610.8,615.1,610.5,619.9,616.5,615.4,611.6,617,612.9,624.1,619,616.8,613.1,617.8,614.1,557,537,248186341,5.11.2021 16:23,-0.12,1,
05.11.2021 15:24,14,05.11.2021 15:27,168,524.5,500.9,34.8,56.7,537.4,509.2,33.7,19.9,547.5,515.5,40.3,2.2,565.9,534.4,37,14.2,596,557.4,16.4,0,629.4,600.1,34.3,5.6,633.4,633.5,8.4,19.6,633.5,633.2,5.2,20.9,658.9,663.9,649,636.9,632.9,630.9,631,636,651,671.1,680,682.1,632.1,9.9,659,664,649.2,637,633.1,631.1,631,636,651.1,671.2,680.1,682.1,632,4.2,659,664,649,637,633,631,631.1,636,651,671,680,681.9,632,0,05.11.2021 15:27,578,578,05.11.2021 15:27,464.3,464.5,601.8,601.6,485.5,771.5,771.1,801,800.7,714.3,82,79,05.11.2021 15:30,32.15,9.21,0.73,05.11.2021 15:28,620.4,615.2,617.2,609.7,614.4,610,620.8,617.6,615.2,610.3,616.3,612.4,624.7,619.7,617.2,612.6,619.1,614.5,558.1,535.9,620.4,615.2,617.2,609.7,614.4,610,620.8,617.6,615.2,610.3,616.3,612.4,624.7,619.7,617.2,612.6,619.1,614.5,558.1,535.9,248186373,5.11.2021 16:24,0.01,1,
05.11.2021 15:25,15,05.11.2021 15:28,168,525.2,501.5,27.9,50.1,536.1,509.1,45.9,21.3,546.7,515.1,47.9,5.8,567.7,534.4,19.9,14.5,593.4,556.8,40.3,0,630.2,600.1,26.9,5.7,632.8,633.2,14,22.3,632.5,632.9,14.5,23.7,658.9,663.9,648.9,636.8,632.9,631,630.9,635.9,650.9,671,680,682,632.1,9.8,659,664,649.1,637.1,633,631,631.2,636,651.1,671.1,680.1,682,632,4.2,659,664,649,637,633,631,631,636,651,671,679.9,681.9,632,0,05.11.2021 15:28,578,578,05.11.2021 15:28,466.3,466.4,603.5,603.3,485.5,773.1,772.8,801.5,801.2,714.8,82,79,05.11.2021 15:31,32.64,9.2,0.73,05.11.2021 15:28,621.1,615.9,618,611.1,614.6,609.3,621,618.6,616.1,610.9,617,613.1,625,619.6,617.2,612.6,618.7,614,556.9,537.5,621.1,615.9,618,611.1,614.6,609.3,621,618.6,616.1,610.9,617,613.1,625,619.6,617.2,612.6,618.7,614,556.9,537.5,248186402,5.11.2021 16:24,0.18,1,
05.11.2021 15:27,14,05.11.2021 15:29,168,524.3,499.1,36.6,71.1,536.5,509.4,42.3,20.3,547.2,514.7,43.4,9.9,567.2,534.9,24.5,10.8,593.3,556.6,41.6,0,630.3,600.3,26,4.3,633.1,633,11.2,24.4,632.7,633,12.7,23,659.1,664,649,637.1,632.9,631,631,635.9,650.8,671,680,681.9,631.8,12.8,659,664,649,637,633,631.1,631.1,636,651,671,680,681.9,632,4.1,659,664,649.1,637.1,633.1,631.1,631,636,651,671,680.1,682.2,632,3.7,05.11.2021 15:30,578,578,05.11.2021 15:30,464.1,464.3,601.7,601.6,485.5,774.5,774.2,802,801.6,715.6,82,80,05.11.2021 15:33,32.62,8.99,0.72,05.11.2021 15:30,619.9,614.3,618.2,612.1,614.5,609.4,619.7,616.1,615.2,611.6,617.2,611.7,624.8,619.7,616.9,613.3,618.5,614.2,558.4,534.8,619.9,614.3,618.2,612.1,614.5,609.4,619.7,616.1,615.2,611.6,617.2,611.7,624.8,619.7,616.9,613.3,618.5,614.2,558.4,534.8,248186523,5.11.2021 16:26,-0.01,1,
05.11.2021 15:27,15,05.11.2021 15:30,168,524.4,498.8,35.7,74.3,536.8,509.7,39.4,17.8,547.2,514.8,43.3,9.1,566.6,535.1,30.4,8.9,596.2,556.8,14.5,0,629.8,600.3,30.8,4.3,633.1,633.1,11.1,23.5,633,633.1,9.7,22.1,659,664.1,649,637.1,633,631,631,635.9,650.9,671,680,682,631.9,11.9,659.1,664,649.2,637,633,631,631,636,651.1,671,680,682,632,4.1,659,664,649.1,637,633,631.1,631,636,651.1,671.1,680.2,682.1,632,14.1,05.11.2021 15:30,578,578,05.11.2021 15:30,469.4,469.5,606.5,606.3,486,773.9,773.6,801.8,801.4,715.5,82,80,05.11.2021 15:33,32.15,9.25,0.74,05.11.2021 15:30,619.3,614.4,617.8,610.3,613.5,608.4,619.5,616.7,614.6,610.2,613.3,609.9,623.8,618.7,617.1,611.4,617.6,612,558.8,536.6,619.3,614.4,617.8,610.3,613.5,608.4,619.5,616.7,614.6,610.2,613.3,609.9,623.8,618.7,617.1,611.4,617.6,612,558.8,536.6,248186552,5.11.2021 16:26,0.37,0,
05.11.2021 15:27,14,05.11.2021 15:30,168,524.9,498.8,30.9,74.8,536.6,509.8,41.4,17,547.1,514.9,44.4,8.2,566.7,535.2,29.2,7.8,593.6,556.5,39,0,630.2,600.4,27,3.3,633.1,633.1,11.1,23.5,632.8,633,11.7,23,659.1,664.1,649,637,633,631,631,635.9,650.9,671,680,682.1,632,11,659.1,664.1,649.2,637,632.9,631.1,631.1,636,650.8,671,680,682,631.9,5.1,659,664,649,636.9,633,631,631.1,636,651,671,680,682.1,631.9,38.8,05.11.2021 15:31,577.9,577.9,05.11.2021 15:31,470.3,470.5,606.6,606.4,486.1,772.2,771.8,801.1,800.8,715.1,82,80,05.11.2021 15:34,32.08,9.13,0.75,05.11.2021 15:31,621.2,615.5,618.1,614.5,614.5,608.3,621.1,617.9,615.9,613,616.5,611.5,625,619.7,617.2,614.7,619.1,614.4,558.8,537.6,621.2,615.5,618.1,614.5,614.5,608.3,621.1,617.9,615.9,613,616.5,611.5,625,619.7,617.2,614.7,619.1,614.4,558.8,537.6,248186584,5.11.2021 16:27,0.12,1,
05.11.2021 15:28,14,05.11.2021 15:31,168,524.5,498.9,34.8,74.8,537,510.1,37.7,14.2,547.2,514.9,43.5,8.3,566.5,535.2,31.1,7.5,594,556.5,35.3,0,630.1,600.3,28,4.2,633,633.1,12.1,23.6,633.1,633.1,8.9,22,659,664.1,649,637,633,631.1,631.1,636.1,651,671.1,680,682.1,632.2,9,659.2,664,649.3,637.2,633.1,631.2,631.2,636.1,651.1,671.1,680,682.2,632,4.2,659,664,649,637.1,633.1,631.1,631,636.1,650.9,671,680,681.9,632,32.4,05.11.2021 15:31,577.9,577.9,05.11.2021 15:32,468.7,468.8,604.5,604.3,485.8,771.1,770.7,800.7,800.4,714.7,82,80,05.11.2021 15:35,32.52,9.39,0.74,05.11.2021 15:32,619.6,614.7,617.7,614.2,614.6,609,619.9,617.3,615.8,612.8,617.2,611,623.3,619.3,616.7,613.7,617.6,613.4,559,539.7,619.6,614.7,617.7,614.2,614.6,609,619.9,617.3,615.8,612.8,617.2,611,623.3,619.3,616.7,613.7,617.6,613.4,559,539.7,248186645,5.11.2021 16:28,0.06,1,
05.11.2021 15:29,14,05.11.2021 15:32,168,524.7,499.2,32.9,72.3,536.7,510.2,40.4,13.1,547.1,515,44.4,7.3,567.2,535.2,24.8,7.3,595.7,556.6,19.3,0,629.9,600.4,29.9,3.3,633.2,633.2,10.1,22.6,632.8,633.1,11.7,22,659,663.9,649.1,637,633,631,631,636,651,671.1,680,682,632.1,9.8,658.9,664,649.2,637.1,633.2,631.1,631.2,636,651.2,671.1,680.1,682.1,632.1,3.3,659,664,649,637,632.9,630.9,631.1,636,651,671,680,681.9,632.1,0,05.11.2021 15:32,577.9,577.9,05.11.2021 15:32,467.5,467.6,603.5,603.3,486.1,774.6,774.3,802,801.6,715.5,82,79,05.11.2021 15:35,32.52,9.32,0.74,05.11.2021 15:32,620.8,614.9,617.6,610.4,614.4,609.3,620.3,617.2,614.6,610.5,616.9,612.3,623.9,619.3,616.9,612.1,618.7,613.5,558,535.3,620.8,614.9,617.6,610.4,614.4,609.3,620.3,617.2,614.6,610.5,616.9,612.3,623.9,619.3,616.9,612.1,618.7,613.5,558,535.3,248186674,5.11.2021 16:28,0.06,1,
05.11.2021 15:29,14,05.11.2021 15:32,168,524.4,499.6,35.7,68.7,537,510.3,37.6,12.1,547.2,515,43.5,7.3,566.4,535.1,32.1,8.1,594.1,556.4,34.5,0,630.1,600.4,28,3.2,633.1,633.2,11.1,22.6,633.2,633.1,8,22,659,664,649.1,637,633.1,631.1,631,636,651,671,680,682.1,632,10.7,658.9,664,649.1,637,633,631.2,631.1,636.1,651,671.1,680,682,632,4.2,659,664,649.1,637,633,630.9,631,636.1,651,671,680.1,682,632,0,05.11.2021 15:32,577.9,577.9,05.11.2021 15:33,466.5,466.5,602.4,602.2,485.9,774,773.6,801.7,801.3,715.5,82,79,05.11.2021 15:36,32.08,9.32,0.73,05.11.2021 15:33,620,615.2,617.8,613.2,614.3,609.1,620.7,618,615.2,612.2,616.4,611.5,623.3,619.1,616.8,613.7,618.5,613.7,558,537.9,620,615.2,617.8,613.2,614.3,609.1,620.7,618,615.2,612.2,616.4,611.5,623.3,619.1,616.8,613.7,618.5,613.7,558,537.9,248186706,5.11.2021 16:29,0.42,0,
05.11.2021 15:30,14,05.11.2021 15:33,168,524.5,499.9,34.8,65.7,537.1,510.4,36.7,10.7,547.5,515.1,40.6,6.3,566.4,534.9,32.1,9.9,594.2,556.4,33.5,0,629.9,600.3,30,4,633.2,633.1,10.2,23.5,633.1,632.9,8.9,24.1,659,663.9,649,636.9,633,631,631,635.9,650.9,670.9,679.9,682,631.8,12.8,658.9,664,649.1,637.1,633,631.1,631.1,636.1,651.1,671.1,680,681.9,632,4.1,659.1,664,649,637,633,631,631,636.1,651,671.1,679.9,682,632,0,05.11.2021 15:33,577.9,577.9,05.11.2021 15:34,464,464.1,600.4,600.1,485.3,770.2,769.8,800.3,800,714.7,82,79,05.11.2021 15:36,32.13,8.95,0.7,05.11.2021 15:34,620.2,614.5,618,614.3,614.2,608.1,620.1,617,615.7,612.9,613.9,610.4,625,619.8,617.6,614,616.9,612.3,558.9,538.2,620.2,614.5,618,614.3,614.2,608.1,620.1,617,615.7,612.9,613.9,610.4,625,619.8,617.6,614,616.9,612.3,558.9,538.2,248186767,5.11.2021 16:30,0.13,1,
05.11.2021 15:31,14,05.11.2021 15:34,168,525.2,500.1,28.1,63.6,536.3,510.4,44.2,10.5,547,515.1,45.3,6.3,567.4,534.9,22.8,9.9,595.5,556.5,21.3,0,629.9,600.3,30,4,633,633.1,12.1,23.6,632.8,632.9,11.8,24.1,659,664,649,637.1,633,631.1,631,636.1,651,670.9,680,682,631.8,12.9,658.9,664,649.1,637.1,633,631,631,636,651.1,671.1,680,682,632,3.2,659,664.1,649.1,637,632.9,631,631,636,651.2,671,679.9,681.9,632,0,05.11.2021 15:34,577.9,577.9,05.11.2021 15:34,467.1,467.1,604.1,603.8,485.6,772,771.6,801,800.7,714.7,82,79,05.11.2021 15:37,32.01,9.1,0.72,05.11.2021 15:34,620.4,616.3,618.5,610.8,614.7,610.6,620.8,616.9,616.5,611.4,617,613.4,625.2,618.8,616.8,613.4,617.9,614.6,556.2,537,620.4,616.3,618.5,610.8,614.7,610.6,620.8,616.9,616.5,611.4,617,613.4,625.2,618.8,616.8,613.4,617.9,614.6,556.2,537,248186795,5.11.2021 16:30,0.06,1,
05.11.2021 15:31,14,05.11.2021 15:34,168,524.3,499.7,36.7,67.2,537.3,510.2,34.8,12.2,547.5,515.2,40.6,5.3,566.3,534.9,33.1,9.9,594.4,556.3,31.7,0,629.9,600.3,30,4,633,633,12.1,24.5,632.9,633,10.7,23.3,658.9,663.9,649,637,633,631,630.9,636,650.8,670.8,679.9,681.9,631.9,12,659,663.8,649.1,637,633,631,631,636.1,651,671.1,680.1,681.9,632,4.1,659,664,649,637,633.1,631.1,631.1,636.1,651,671.1,680.2,682.2,632,11,05.11.2021 15:34,577.9,577.9,05.11.2021 15:34,468.4,468.5,604.9,604.6,485.6,774,773.6,801.7,801.3,715.4,82,80,05.11.2021 15:37,32.23,9.15,0.72,05.11.2021 15:35,619.6,614.6,617.8,613.1,613.7,607.6,619.3,616.1,615.7,613.4,613.5,609.6,625,620,618.2,614.8,617.4,612.4,558.3,537.4,619.6,614.6,617.8,613.1,613.7,607.6,619.3,616.1,615.7,613.4,613.5,609.6,625,620,618.2,614.8,617.4,612.4,558.3,537.4,248186828,5.11.2021 16:31,-0.09,1,
05.11.2021 15:33,14,05.11.2021 15:36,168,524.8,499.3,31.8,71.4,536.2,509.8,45.3,16,546.9,514.9,46.2,8,567,535,26.6,9,594.9,556.4,27,0,630.1,600.4,28.1,3.1,633,633.2,12.2,22.8,633,633.1,9.9,22.2,659.1,664,649.1,637.2,633.1,631.1,631,635.9,651,671,680.1,682,632.2,9.1,659.2,664.1,649.4,637.2,633.1,631.1,631.1,636,651,671,680,682,632.1,3.1,659.1,664.1,649.1,637.2,633.2,631.1,631.1,636,651,671.2,680.1,682.1,632.1,8.3,05.11.2021 15:36,577.9,577.9,05.11.2021 15:36,465.8,465.9,602,601.8,485.9,770.1,769.7,800.3,800,714.7,82,79,05.11.2021 15:39,31.96,9.42,0.74,05.11.2021 15:36,620,614.8,618.3,612.9,615.2,609.3,620.7,617.3,615.6,612.6,616.1,611.6,624.6,619.4,617,613.7,619.1,614.3,559.1,538.4,620,614.8,618.3,612.9,615.2,609.3,620.7,617.3,615.6,612.6,616.1,611.6,624.6,619.4,617,613.7,619.1,614.3,559.1,538.4,248186917,5.11.2021 16:32,0.25,0,
05.11.2021 15:34,14,05.11.2021 15:37,168,524.6,499.6,33.6,68.9,536.5,509.7,42.5,17.3,547.1,515.1,44.3,6.1,567,535.1,26.6,8,595,556.4,26.1,0,629.7,600.2,31.9,4.9,633.1,633.3,11.2,21.7,633.1,633.1,8.9,22.3,659,664,649.1,637,633,631,631,636,651.1,671.1,680,682.1,632.1,9.9,659.1,664.1,649.2,637.3,633.1,631.2,631.1,636,651,671.1,680,682.2,632,4,658.9,663.9,649,637.1,633.2,631.1,631,636,651.1,670.9,680,682.1,632,0,05.11.2021 15:37,577.9,577.9,05.11.2021 15:37,464.1,464.2,600.9,600.8,485.9,773.8,773.3,801.6,801.3,715.9,82,80,05.11.2021 15:40,32.3,9.11,0.73,05.11.2021 15:37,618.8,615.4,619,611,614.3,609.2,620.1,617.3,616.5,611.9,616.9,613,624.4,618.7,617.2,612.8,618.5,613.7,557.4,537.4,618.8,615.4,619,611,614.3,609.2,620.1,617.3,616.5,611.9,616.9,613,624.4,618.7,617.2,612.8,618.5,613.7,557.4,537.4,248186978,5.11.2021 16:33,0.19,1,
05.11.2021 15:35,14,05.11.2021 15:38,168,524.4,500,35.5,65,536.6,509.8,41.5,16.6,547.2,515.1,43.4,6,566.8,535.1,28.5,7.9,595.4,556.5,22.4,0,629.5,600.3,33.9,4,633,633.2,12.1,22.5,633,633.2,9.8,21.3,659,663.9,649,637,633,630.9,631,635.9,651.1,671,680,682.1,632,10.8,659,664,649,637.3,633.3,631.2,631.1,636,651.1,671.1,680.1,682.1,632,4,659,664,649,637,633,631,631,636,651,671,679.9,681.9,632,22.1,05.11.2021 15:38,577.9,577.9,05.11.2021 15:38,470.4,470.5,606.2,606.1,486,770.1,769.8,800.3,799.9,715,82,80,05.11.2021 15:41,32.33,9.14,0.72,05.11.2021 15:38,618.7,614.9,619.3,612.6,613.6,608.3,620.1,617,615.9,612.4,616.2,611.1,624.1,618.7,616.9,613.5,618.2,613.7,560.5,537.8,618.7,614.9,619.3,612.6,613.6,608.3,620.1,617,615.9,612.4,616.2,611.1,624.1,618.7,616.9,613.5,618.2,613.7,560.5,537.8,248187039,5.11.2021 16:34,0.23,0,
05.11.2021 15:35,14,05.11.2021 15:38,168,524.7,500,32.8,64.8,537.1,509.8,36.8,16.7,547.2,515.1,43.3,5.9,567,535.1,26.5,7.8,594.7,556.4,28.9,0,630.5,600.4,24.4,3,633.1,633.2,11.2,22.5,633,633.1,9.8,22.2,658.9,663.9,648.9,636.9,633,631,631,636.1,651.1,671,680,682,631.9,11.8,659,664,649.1,637.1,633,631.2,631.2,636.1,651.2,671.1,680,682,632,4,659,664.1,649.1,637.1,633.1,631.1,631,636.1,651,671,679.9,681.8,632,15,05.11.2021 15:38,577.9,577.9,05.11.2021 15:38,469.8,470,605.4,605.2,486.1,772.7,772.4,801.2,800.9,714.8,82,79,05.11.2021 15:41,32.06,9.08,0.73,05.11.2021 15:39,619.8,614.1,617,611.2,613.2,608,619.6,616.2,615,610.6,614.5,610.5,624.1,619.5,616.7,612.8,618.2,612.6,557.5,534.2,619.8,614.1,617,611.2,613.2,608,619.6,616.2,615,610.6,614.5,610.5,624.1,619.5,616.7,612.8,618.2,612.6,557.5,534.2,248187067,5.11.2021 16:34,0.16,1,
05.11.2021 15:36,15,05.11.2021 15:38,168,524.9,499.8,30.8,66.6,536.4,509.9,43.4,15.9,547.4,515.1,41.4,5.9,566.9,535,27.5,8.7,595.2,556.4,24.2,0,629.7,600.4,32.1,3,633.2,633.2,10.3,22.4,632.9,633.1,10.8,22.2,659,664,649,637.1,633.1,631,631,636.1,651,671,680,682,631.8,12.8,659,664,649,637.2,633.1,631,631,635.9,651.1,671.2,680.1,682,632.1,3,659.1,664.1,648.9,637,633,631,631,635.9,651,670.9,679.9,681.8,632.1,0,05.11.2021 15:39,577.9,577.9,05.11.2021 15:39,468.8,468.9,604.3,604.1,485.8,774.3,774,801.8,801.4,715.3,82,79,05.11.2021 15:42,32.23,9.24,0.72,05.11.2021 15:39,620,614.8,618,613.2,613.4,607.7,620.4,617.5,616.1,613.2,616.1,610.5,624.1,619.3,617.6,614.2,619,614.3,557.3,535.6,620,614.8,618,613.2,613.4,607.7,620.4,617.5,616.1,613.2,616.1,610.5,624.1,619.3,617.6,614.2,619,614.3,557.3,535.6,248187100,5.11.2021 16:35,0.09,1,
05.11.2021 15:36,15,05.11.2021 15:39,168,524.2,499.6,37.5,68.5,537.2,509.9,35.9,15.9,547.1,515,44.2,6.8,566.8,534.9,28.4,9.7,594.8,556.4,28,0,629.9,600.3,30.1,3.9,632.9,633,13.1,24.3,632.8,633,11.7,23.1,659,664,649.1,637,633,631,630.9,635.9,651,670.9,680.1,682.1,631.8,12.9,658.9,663.9,649,637,633,631,631.2,636.1,651,671,680,681.9,632.1,3,659.1,664,649.1,637,633,631.1,631,636.1,651,671,679.9,681.9,632.1,0,05.11.2021 15:39,577.9,577.9,05.11.2021 15:39,467.6,467.7,603.3,603.1,485.5,772.9,772.5,801.3,800.9,715.4,82,80,05.11.2021 15:42,32.06,9.09,0.72,05.11.2021 15:39,619.9,614.6,618,612,613.6,607.4,619.8,616.9,615,611.8,614.3,610,624.7,619.4,616.4,613,618.7,613.8,559.1,536.5,619.9,614.6,618,612,613.6,607.4,619.8,616.9,615,611.8,614.3,610,624.7,619.4,616.4,613,618.7,613.8,559.1,536.5,248187129,5.11.2021 16:35,0.12,1,
05.11.2021 15:38,14,05.11.2021 15:41,168,524.4,499.5,35.6,69.5,536.9,510.1,38.7,13.9,547.2,514.9,43.3,7.7,566.7,535,29.3,8.8,595,556.4,26.1,0,629.9,600.3,30.1,3.9,632.8,633.1,14,23.7,632.8,633.1,11.8,22,659.1,664,649,637,633.1,631.1,631,635.9,651,670.9,679.9,681.9,632.2,9.1,659.1,664,649.2,637.1,633,631,631,635.9,651,670.9,680,681.9,631.8,6,659,664,649,637,633,631.1,631.1,635.9,651,671,680,682,631.8,4.4,05.11.2021 15:41,577.9,577.9,05.11.2021 15:41,467.8,467.8,604.3,604.1,485.5,773.8,773.5,801.6,801.2,715.8,82,80,05.11.2021 15:44,31.96,9.41,0.74,05.11.2021 15:41,620,615,618,611.7,614.4,608.6,619.8,617.3,615.5,610.5,615,611,624.6,620.2,617.3,612.1,618.7,614.1,560,536.1,620,615,618,611.7,614.4,608.6,619.8,617.3,615.5,610.5,615,611,624.6,620.2,617.3,612.1,618.7,614.1,560,536.1,248187251,5.11.2021 16:37,0.03,1,
05.11.2021 15:39,14,05.11.2021 15:42,168,525,499.1,29.8,73.7,536.8,510,39.7,14.8,547.2,514.9,43.3,7.7,566.7,534.9,29.4,9.8,594.8,556.3,28,0,630.3,600.3,26.3,4,633.2,633.2,10.3,22.7,633,633.1,9.9,21.9,659,664,649,637,632.9,631.1,631,636.2,651.1,671.1,680,682.1,632.1,9.9,659.1,664.1,649.4,637.1,633.1,631,631,636.1,651.1,671,680,682,632,4.3,658.9,664,649,637,633,631,631,636.1,651.1,671,680.1,682,632,0,05.11.2021 15:42,577.9,577.9,05.11.2021 15:42,467.8,468,603.6,603.4,485.6,770.2,769.9,800.3,799.9,714.8,82,80,05.11.2021 15:45,32.45,9.04,0.72,05.11.2021 15:42,620.1,614.9,618.5,610.7,614.6,608.2,620,616.9,615.2,611.2,614.1,609.8,624.6,619,616.9,612.5,619.1,613.8,554.9,536.5,620.1,614.9,618.5,610.7,614.6,608.2,620,616.9,615.2,611.2,614.1,609.8,624.6,619,616.9,612.5,619.1,613.8,554.9,536.5,248187311,5.11.2021 16:38,0.04,1,
05.11.2021 15:39,14,05.11.2021 15:42,168,524.3,499.4,36.3,71.2,537,510,37.8,14.8,547.1,514.8,44.2,8.7,566.8,535,28.4,8.8,595,556.3,26.1,0,629.8,600.3,31,4,632.9,633.2,13,22.6,632.8,633,11.8,22.9,659.1,664.1,649.1,637.1,633,631.1,631,636,651,671.1,680.1,682.1,632,10.8,658.9,664,649.2,637,633.2,631.2,631.1,636,651,671,680,682.1,632,4.3,658.9,663.9,649,637,632.9,631,631.1,636,651,671,679.9,681.9,632,4.2,05.11.2021 15:42,577.9,577.9,05.11.2021 15:43,466.8,467,602.7,602.5,485.5,772.6,772.1,801.1,800.8,715.1,82,80,05.11.2021 15:45,31.96,9.32,0.74,05.11.2021 15:43,619.3,614.2,617.2,608.4,613.5,608,619.6,616.6,614.6,609.5,613.9,609.7,624.1,618.9,616.9,610.5,618.5,612.4,557.4,535.1,619.3,614.2,617.2,608.4,613.5,608,619.6,616.6,614.6,609.5,613.9,609.7,624.1,618.9,616.9,610.5,618.5,612.4,557.4,535.1,248187344,5.11.2021 16:39,0.15,1,
05.11.2021 15:40,14,05.11.2021 15:43,168,525,499.8,29.7,67.4,536.4,509.9,43.4,15.8,547.1,514.8,44.2,8.8,566.9,534.9,27.5,9.8,594.8,556.3,28,0,630.4,600.3,25.3,4,633.5,633.2,7.4,22.6,633.1,632.9,8.9,24,659,663.8,648.9,636.9,632.9,631,631.1,636,651,671.1,680,682.1,631.8,12.8,659.1,664.1,649.4,637.2,633.1,631,631.2,636,651.2,671.2,680.1,682.1,632.1,3.3,659,663.9,648.9,637,633,631,630.9,636,651.1,670.9,680.1,682,632.1,11.1,05.11.2021 15:43,577.9,577.9,05.11.2021 15:43,465.6,465.8,601.6,601.4,485.5,774.2,773.8,801.7,801.3,715.7,82,80,05.11.2021 15:46,32.72,9.16,0.74,05.11.2021 15:43,620.1,615,617.2,610.7,614.1,607.8,620.5,616.9,614.8,610.5,615.7,610.1,623.6,618.9,616.5,612.3,618.4,612.7,559.5,537.1,620.1,615,617.2,610.7,614.1,607.8,620.5,616.9,614.8,610.5,615.7,610.1,623.6,618.9,616.5,612.3,618.4,612.7,559.5,537.1,248187373,5.11.2021 16:39,0.03,1,
05.11.2021 15:40,14,05.11.2021 15:43,168,524.5,499.6,34.4,69.3,537.1,509.8,36.9,16.8,547.2,514.8,43.3,8.8,566.9,534.9,27.5,9.8,595,556.3,26.2,0,629.9,600.2,30,5,632.8,633.1,13.9,23.6,632.8,632.9,11.8,24,659,664,649,637,633,631,631,636,651,671,680,682,631.7,13.9,659.1,664,649.1,637.2,633.2,631.3,631.1,636,651.1,671.2,680,682,632,4.2,659.1,664,648.9,637,633,631,631,636,651.1,671,680,681.9,632,25.1,05.11.2021 15:43,577.9,577.9,05.11.2021 15:43,464.5,464.6,600.6,600.4,485.5,772.8,772.5,801.2,800.8,715.6,82,80,05.11.2021 15:46,32.74,9.2,0.74,05.11.2021 15:44,620.4,615,618.3,613.7,614.1,609.1,619.6,617,616.3,612.6,616,612,625.3,619.9,617.6,614.3,618.7,613.2,560.7,541.3,620.4,615,618.3,613.7,614.1,609.1,619.6,617,616.3,612.6,616,612,625.3,619.9,617.6,614.3,618.7,613.2,560.7,541.3,248187405,5.11.2021 16:40,0.15,1,
05.11.2021 15:41,14,05.11.2021 15:44,168,524.6,499.7,33.6,68.4,536.8,509.8,39.7,16.9,547.3,514.8,42.4,8.9,566.9,534.9,27.5,9.8,595,556.3,26.1,0,630.1,600.2,28.1,5,633.3,633.1,9.3,23.6,633.1,633,9,23.2,658.9,664,649.1,636.9,633,631,631,636,651,671,680.1,682,631.8,13,658.8,664,649,637,633,631.3,631.3,636.1,651.1,671.1,680,682,632,4.2,659,664,649.1,637.1,633,631.1,631,636.1,650.9,671,679.9,681.8,632,25.2,05.11.2021 15:44,577.9,577.9,05.11.2021 15:44,466.6,466.7,603.6,603.4,485.4,771.1,770.6,800.5,800.1,715,82,80,05.11.2021 15:47,32.62,9.21,0.73,05.11.2021 15:44,619.7,614.7,618.2,613.4,613.4,607.7,619.7,616.7,615.5,612.6,614.1,610.4,624.8,620.2,618.1,613.5,618.1,612.8,557.2,534.4,619.7,614.7,618.2,613.4,613.4,607.7,619.7,616.7,615.5,612.6,614.1,610.4,624.8,620.2,618.1,613.5,618.1,612.8,557.2,534.4,248187434,5.11.2021 16:40,0.2,1,
05.11.2021 15:42,15,05.11.2021 15:45,168,525.1,499.9,28.8,66.3,536.5,510.1,42.5,14.1,547.3,514.8,42.4,9.2,566.9,534.9,27.6,9.9,594.9,556.1,27.1,0,629.9,600.3,30,4.2,632.9,633.1,13.1,23.7,632.9,633.2,10.9,21.3,659,664,649,637,633,631,631,636,651,671,680,681.9,632.1,10.3,658.9,663.9,648.9,637.1,633.1,631.1,631.1,635.9,651.1,671,679.9,681.9,631.9,5.1,659,664.1,649.1,637,633,630.9,631.1,635.9,651.1,671,679.9,682,631.9,7.1,05.11.2021 15:45,577.9,577.9,05.11.2021 15:45,468.3,468.4,603.9,603.6,486,774,773.7,801.6,801.2,715.5,82,80,05.11.2021 15:48,32.84,8.96,0.71,05.11.2021 15:46,620,614.9,618.2,613.7,614.3,608.1,619.3,615.9,615.5,612.8,615.2,609.9,624.4,619.8,617.2,613.9,618.7,614.1,559.4,538.8,620,614.9,618.2,613.7,614.3,608.1,619.3,615.9,615.5,612.8,615.2,609.9,624.4,619.8,617.2,613.9,618.7,614.1,559.4,538.8,248187527,5.11.2021 16:42,0.23,0,
05.11.2021 15:43,14,05.11.2021 15:46,168,524.6,499.4,33.5,71,536.7,510.1,40.7,13.9,547,515,45.3,7.3,566.7,534.9,29.5,10,594.8,556.1,28,0,630.1,600.4,28.2,3.3,633.2,633.1,10.3,23.7,632.8,633.1,11.8,22.1,659.1,664.2,649.1,637.1,633.1,631,631.1,636,650.9,671,679.9,681.9,632.1,10.1,659,663.9,649.2,637,632.9,631.1,630.9,636,650.9,671,680,682,631.9,5.2,659,664,649.1,637,633.1,631.1,631,636,651.1,671.1,680.1,682.2,631.9,21.1,05.11.2021 15:46,577.9,577.9,05.11.2021 15:46,466,466.1,601.8,601.6,486,770.4,770,800.3,799.9,714.6,82,80,05.11.2021 15:49,32.84,8.97,0.71,05.11.2021 15:47,619.6,615,619.1,612.2,613.8,608.6,619.3,616.9,615.4,611.6,613.5,610,625.3,620.6,617.5,613,617.8,612.1,557.2,534.9,619.6,615,619.1,612.2,613.8,608.6,619.3,616.9,615.4,611.6,613.5,610,625.3,620.6,617.5,613,617.8,612.1,557.2,534.9,248187588,5.11.2021 16:43,0.14,1,
05.11.2021 15:44,14,05.11.2021 15:47,168,524.1,499.5,38.2,70.4,537,510.2,37.9,12.8,547.2,515,43.4,7.3,566.9,535,27.6,9,594.9,556.2,27.1,0,630.2,600.4,27.2,3.3,633.1,633.2,11.2,22.8,632.9,633.1,10.9,22.1,659,664,649,637.1,633.1,631.1,631,636.1,651.1,671.1,680,682,632.1,10,659.1,664.1,649.2,637.1,633,631,631,636,651.1,671,680,682,632.7,0,659,664,649,637,633,631.1,631.1,636,651,671,679.9,681.9,632.7,17.5,05.11.2021 15:47,577.9,577.9,05.11.2021 15:47,465,465.2,602,601.8,486.1,774.8,774.3,801.9,801.5,716.1,82,80,05.11.2021 15:50,32.72,9.02,0.71,05.11.2021 15:48,619.6,614.5,618.1,611,613.7,607.8,618.9,615.9,614.9,610.9,613.5,609.4,625.3,618.3,617,613.1,617.8,613,559.7,537,619.6,614.5,618.1,611,613.7,607.8,618.9,615.9,614.9,610.9,613.5,609.4,625.3,618.3,617,613.1,617.8,613,559.7,537,248187648,5.11.2021 16:44,0.09,1,
05.11.2021 15:45,14,05.11.2021 15:48,168,524.4,499.8,35.5,67.5,537.1,510,37,14.6,547.3,515,42.4,7.3,567,535.1,26.6,8,594.9,556.1,27.1,0,630,600.4,29.1,3.3,633,633.2,12.2,22.7,632.8,633,11.9,23.1,659,664,648.9,637,633,631.1,631,636,651.1,671.1,680,682.1,632,10.9,659,664,649.2,637.2,633,631.1,631,636,651.2,671.1,679.9,682,632.1,2.9,659,664,649,636.9,633,631,631.1,636,651.1,671,680,682,632.1,0,05.11.2021 15:48,577.9,577.9,05.11.2021 15:48,470.8,470.9,606.4,606.1,486.4,771.7,771.3,800.7,800.4,715,82,79,05.11.2021 15:51,32.84,9.04,0.71,05.11.2021 15:48,619.3,614.3,617.8,609.8,613.6,607.6,618.6,615.1,614.4,610.4,612.9,609,624.3,618.4,616.7,612.4,617.4,612.7,558.2,536.9,619.3,614.3,617.8,609.8,613.6,607.6,618.6,615.1,614.4,610.4,612.9,609,624.3,618.4,616.7,612.4,617.4,612.7,558.2,536.9,248187705,5.11.2021 16:44,0.09,1,
05.11.2021 15:46,14,05.11.2021 15:49,168,524.4,500,35.4,65.2,537.1,510,36.9,14.6,547.2,515,43.3,7.3,566.9,535.1,27.6,7.9,594.9,556.2,27.1,0,630.1,600.5,28.2,2.3,633.4,633.1,8.4,23.6,632.9,633.2,10.9,21.1,658.9,664,649,637,633,631.1,631,636,651.1,671,680,682.1,632,11,659.1,664,649.1,637.2,633.1,631.2,631.2,636,651.2,671.1,680,682,631.8,5.9,659,663.9,649,637,633,631,630.9,636,650.9,671,680,681.9,631.8,10.1,05.11.2021 15:49,577.9,577.9,05.11.2021 15:49,469.1,469.3,604.5,604.3,486.3,774,773.5,801.5,801.1,715.7,82,80,05.11.2021 15:52,32.72,9.06,0.71,05.11.2021 15:49,619.5,614.1,618.3,613.4,614.8,608.4,619.5,616.9,616.1,613.2,616.2,611.4,625.1,619.4,617.6,614.2,619.8,614.3,558.1,536.5,619.5,614.1,618.3,613.4,614.8,608.4,619.5,616.9,616.1,613.2,616.2,611.4,625.1,619.4,617.6,614.2,619.8,614.3,558.1,536.5,248187766,5.11.2021 16:45,0.21,0,
05.11.2021 15:46,14,05.11.2021 15:49,168,524.9,499.9,30.7,66,536.9,510.1,38.7,13.6,547.3,515,42.3,7.3,566.9,535.1,27.6,7.8,595.1,556.2,25.3,0,630,600.5,29,2.2,633,633.1,12.1,23.7,633,633.1,9.9,22,658.9,664,649,637,633,631,631,636.1,651,671,680,682,632,11,659,664,649,637.1,633,631,631,636,651.2,671.1,680.1,682.1,631.9,5.1,659.2,664.1,649.1,637.1,633.1,631.1,631.1,636,651,671,679.9,681.9,631.9,17.1,05.11.2021 15:49,577.9,577.9,05.11.2021 15:50,467.9,468,603.3,603.1,486.1,774,773.7,801.5,801.2,715.8,82,80,05.11.2021 15:53,32.91,9.04,0.71,05.11.2021 15:50,619,614,617.9,613.5,613,607.7,618.7,615.8,615.4,612.1,615,611,624.8,618,616.5,614.1,618.1,613.4,559.4,537.7,619,614,617.9,613.5,613,607.7,618.7,615.8,615.4,612.1,615,611,624.8,618,616.5,614.1,618.1,613.4,559.4,537.7,248187799,5.11.2021 16:46,0.09,1,
05.11.2021 15:47,14,05.11.2021 15:50,168,524.6,499.7,33.4,67.8,536.8,510,39.7,14.5,547.1,514.9,44.2,8.2,566.9,535,27.6,8.8,594.6,556.1,30,0,630.1,600.3,28.2,4.1,633.3,633.1,9.3,23.7,632.8,633.1,11.8,22,659,663.9,649,637,633,631,631,635.9,650.9,670.9,679.9,681.9,631.9,11.9,658.9,664,648.9,637.1,632.9,631.1,631.1,636.1,651.1,671.1,680.1,682,632,4.2,659.1,664,649.1,637,633,631,631.1,636.1,651.1,671,679.9,682,632,13.5,05.11.2021 15:50,577.9,577.9,05.11.2021 15:50,466.8,466.8,602.3,602.1,485.9,772.5,772.1,801,800.6,715.3,82,80,05.11.2021 15:53,32.72,8.98,0.71,05.11.2021 15:50,620.4,614.8,618.3,613.4,613.6,608.6,619.2,616.1,615.6,612.5,614.4,610.4,625.3,619.7,618.1,614.3,618.9,613.9,557.3,536.1,620.4,614.8,618.3,613.4,613.6,608.6,619.2,616.1,615.6,612.5,614.4,610.4,625.3,619.7,618.1,614.3,618.9,613.9,557.3,536.1,248187827,5.11.2021 16:46,0.19,1,
05.11.2021 15:47,14,05.11.2021 15:50,168,524.8,499.5,31.6,69.8,536.5,509.9,42.6,15.5,547.3,515,42.3,7.3,566.7,535,29.5,8.8,595.2,556.2,24.4,0,629.7,600.1,31.9,6,632.9,633,13.1,24.8,633,633.2,10,21,659,663.9,649,637,633,630.9,631,636.1,650.9,671,680,681.9,632,11,659,664,649,637.1,633,630.9,631,636,651.1,671,680,682,632,4.3,659,664,649,637,633,631,631.1,636,651.1,671,680.1,682.1,632,20.5,05.11.2021 15:50,577.9,577.9,05.11.2021 15:51,465.6,465.7,601.4,601.2,485.8,770.6,770.1,800.3,800,714.6,82,80,05.11.2021 15:54,32.62,9.01,0.71,05.11.2021 15:51,620.2,615.2,617.8,609.1,615.7,609.6,619.6,616.1,615.2,609.8,613.5,609.7,624.6,618.5,616.8,611.9,617.3,611.1,558.9,536,620.2,615.2,617.8,609.1,615.7,609.6,619.6,616.1,615.2,609.8,613.5,609.7,624.6,618.5,616.8,611.9,617.3,611.1,558.9,536,248187860,5.11.2021 16:47,0.11,1,
05.11.2021 15:48,15,05.11.2021 15:51,168,524.2,499.4,37.3,70.8,537.2,509.9,36,15.5,547,514.9,45.2,8.2,566.8,534.9,28.6,9.7,594.6,556.1,30,0,630.5,600.3,24.5,4.2,633.3,633.1,9.3,23.9,632.9,633.2,10.9,21,659,664.1,649,636.9,633,630.9,631,636,651,670.9,680,682,632,11,658.9,663.9,649.1,637.1,632.9,631.1,631,636,651,671,680,681.9,632.1,3.3,658.9,664,649,637,633.1,631.1,631,636,651,671.1,680.1,682.1,632.1,20.4,05.11.2021 15:51,577.9,577.9,05.11.2021 15:51,464.5,464.5,600.5,600.3,485.8,772.8,772.4,801.1,800.8,714.9,82,79,05.11.2021 15:54,32.62,8.91,0.71,05.11.2021 15:51,621.3,616,619.7,613.5,615.5,610.1,620.5,617.3,616.7,612.8,617,612.4,625.5,620.7,618.2,614.8,619.4,614,559.7,536.3,621.3,616,619.7,613.5,615.5,610.1,620.5,617.3,616.7,612.8,617,612.4,625.5,620.7,618.2,614.8,619.4,614,559.7,536.3,248187888,5.11.2021 16:47,0.15,1,
05.11.2021 15:48,14,05.11.2021 15:51,168,524.5,499.3,34.5,71.9,536.6,510,41.5,14.6,547.4,515,41.4,7.3,566.7,534.9,29.5,9.7,595.2,556.1,24.3,0,629.4,600.2,34.8,5.2,632.8,633.1,14,23.9,633,633.1,9.9,21.9,659,664,649,636.9,632.9,630.9,631,636,651,670.9,680,681.9,632,11,658.9,663.9,649.2,637,633.1,631.1,631,636,651,671,680,681.9,632.1,3.2,659.1,664,649.1,637.1,633.1,631.1,631,636,651.1,671,680.1,682.2,632.1,24,05.11.2021 15:51,577.9,577.9,05.11.2021 15:52,468.4,468.4,605.2,605,486,774.6,774.3,801.8,801.5,715.6,82,80,05.11.2021 15:54,32.74,9.23,0.73,05.11.2021 15:52,619.2,615,620.4,612.6,614,607.9,616.3,614.6,615.6,611.6,613.2,610,621.8,617.6,616,612.9,616.7,611.5,559.2,538.7,619.2,615,620.4,612.6,614,607.9,616.3,614.6,615.6,611.6,613.2,610,621.8,617.6,616,612.9,616.7,611.5,559.2,538.7,248187920,5.11.2021 16:48,0.13,1,
05.11.2021 15:49,15,05.11.2021 15:52,168,524.8,499.4,31.7,71.2,536.8,510,39.8,14.6,546.8,514.9,47.1,8.3,566.7,534.9,29.6,9.7,594.5,556.1,31,0,630.8,600.4,21.6,3.3,633.4,633.3,8.4,22,632.9,633,10.9,22.9,659.1,664.1,649.2,637.1,633.1,631.1,631.1,636,651,670.9,680,681.9,632,11,659,664,649,637,633,631,631,635.9,651.1,671.1,680,681.9,632,4.1,658.9,663.9,649,636.9,632.9,630.9,631,635.9,651.1,671.1,680.1,682,632,9.9,05.11.2021 15:52,577.9,577.9,05.11.2021 15:52,471.2,471.3,607,606.8,486.2,773.4,773,801.4,801,715.3,83,80,05.11.2021 15:55,32.84,9.08,0.71,05.11.2021 15:52,619.7,614.5,618.4,611.2,615,607.8,619.3,616.1,615,611.4,612.9,608.7,625.2,619.1,617,613.7,617.2,610.7,558.7,538.3,619.7,614.5,618.4,611.2,615,607.8,619.3,616.1,615,611.4,612.9,608.7,625.2,619.1,617,613.7,617.2,610.7,558.7,538.3,248187949,5.11.2021 16:48,0.01,1,
05.11.2021 15:49,14,05.11.2021 15:52,168,524.4,499.4,35.5,71.3,537,510,37.8,14.6,547.3,515,42.4,7.3,566.8,534.9,28.7,9.8,595.2,556.1,24.4,0,629.6,600.3,33,4.3,633,633.2,12.2,22.9,633,633,10,23,659,664.1,649,636.9,633,631,631,636,651.1,671.1,680,682,632,11,659.1,663.9,649.1,637.1,633.1,631.2,631.1,636,651,670.9,679.9,681.9,632,4.1,658.9,664,649,637,633,630.9,631,636,651,670.9,680.1,682.1,632,6.2,05.11.2021 15:52,577.9,577.9,05.11.2021 15:52,471.3,471.4,606.4,606.2,486.5,771.6,771.2,800.6,800.3,715.3,82,80,05.11.2021 15:55,32.72,9.11,0.71,05.11.2021 15:53,618.5,614.6,620.1,614.5,613.9,608.7,617.6,615.8,616.1,612.6,613.9,610.5,622.9,619.4,617.6,614.3,617,613,558.5,538.7,618.5,614.6,620.1,614.5,613.9,608.7,617.6,615.8,616.1,612.6,613.9,610.5,622.9,619.4,617.6,614.3,617,613,558.5,538.7,248187981,5.11.2021 16:49,0.21,0,
05.11.2021 15:52,14,05.11.2021 15:55,168,524.8,500.1,31.6,64.2,536.9,510.1,38.8,13.5,547.3,515.1,42.4,6.3,566.7,535,29.6,8.9,595.3,556.2,23.5,0,629.6,600.3,32.9,4.1,633,633,12.1,24.6,632.9,633.1,10.9,22.2,658.9,664,649,637,633,631,631,636,651,671,680.1,682,632,11.1,659,664,649,637.1,633,631,631,636.1,651.1,671.2,680,682,632.1,3.2,659,664,649,637,633,631,631,636.1,651,670.9,680,682,632.1,37.8,05.11.2021 15:55,577.9,577.9,05.11.2021 15:55,465.8,465.8,601.3,601.1,486.1,770.3,769.9,800.2,799.9,715.1,82,79,05.11.2021 15:58,31.96,9.35,0.65,05.11.2021 15:55,619.4,614.3,617.9,614,614,608.2,618.7,615.7,614.9,612.5,613,609.1,624.7,618.7,617.3,613.9,617.8,612.4,560.3,539.6,619.4,614.3,617.9,614,614,608.2,618.7,615.7,614.9,612.5,613,609.1,624.7,618.7,617.3,613.9,617.8,612.4,560.3,539.6,248188132,5.11.2021 16:51,0.22,0,
05.11.2021 15:53,15,05.11.2021 15:56,168,524.1,499.6,38.3,68.5,537.3,509.9,35,15.3,547.2,514.9,43.3,8.1,567,535.1,26.7,7.9,594.5,556.1,31,0,630,600.4,29.1,3.1,633.1,633.3,0,21.7,633,633.1,9.9,22.1,659.1,664,649,637,632.9,630.9,631.1,636,651,671,680,681.8,632.1,10.1,658.8,664,649,637,633.1,631.2,631.1,636,651.1,671,680,682,632.1,3.1,659,664,648.9,637,633,631,631,636,651.1,671.1,680.1,682.1,632.1,0,05.11.2021 15:56,577.9,577.9,05.11.2021 15:56,469.6,469.7,605.3,605.2,486.6,773.6,773.2,801.3,801,715.8,82,80,05.11.2021 15:59,32.74,8.82,0.68,05.11.2021 15:57,620.4,614.6,618.3,611.1,614.6,609.5,619.5,616.6,615.9,610.8,615.2,611.3,625.8,620.4,618.2,612.6,619.1,613.9,557.1,538.1,620.4,614.6,618.3,611.1,614.6,609.5,619.5,616.6,615.9,610.8,615.2,611.3,625.8,620.4,618.2,612.6,619.1,613.9,557.1,538.1,248188225,5.11.2021 16:53,0.1,1,
05.11.2021 15:55,14,05.11.2021 15:57,168,524.5,499.6,34.4,68.7,536.6,509.7,41.5,17.4,547,515,45.1,7.3,566.9,535,27.7,8.7,595.1,556.2,25.3,0,630.1,600.3,28.1,4,633.2,633.2,10.3,22.6,632.9,633,10.9,23.2,659,664.1,649,637,633,631.1,631,636.1,651.1,671,679.9,681.8,632,11,659.2,664.1,649.2,637.1,633.1,630.9,631,636,651,671,680,682,632,4.1,659,664,649.1,637,633,631.1,630.9,636,651,671,680,682,632,34.4,05.11.2021 15:58,577.9,577.9,05.11.2021 15:58,467.2,467.3,602.7,602.5,486.1,774.1,773.8,801.5,801.1,715.5,82,80,05.11.2021 16:01,32.74,8.87,0.66,05.11.2021 15:58,620.2,614.5,617.8,612.5,614.1,608.9,619.1,615.8,614.9,611.8,614.1,610.6,624.6,618.5,617.4,613.6,616.9,612.6,556.5,538.1,620.2,614.5,617.8,612.5,614.1,608.9,619.1,615.8,614.9,611.8,614.1,610.6,624.6,618.5,617.4,613.6,616.9,612.6,556.5,538.1,248188314,5.11.2021 16:54,0,1,
05.11.2021 15:55,14,05.11.2021 15:58,168,524.8,499.9,31.7,65.8,536.8,509.8,39.6,16.8,547.1,515.1,44.2,6.3,566.9,534.9,27.7,9.7,595,556.2,26.2,0,630.2,600.4,27.1,3.1,633,633.1,12.1,23.5,632.9,633.2,10.9,21.3,659,664.1,649.1,637.1,633,631.1,631,636.1,651.1,671.1,680,682.1,632,11,659,664.1,649.3,637.1,633,631.2,631.2,636,650.9,671,679.9,682,632,4.1,659,664,649,637,633,631,631,636,651.1,671,680,682,632,0,05.11.2021 15:58,577.9,577.9,05.11.2021 15:59,464.8,464.9,600.6,600.3,486.1,772,771.6,800.8,800.5,715.3,82,80,05.11.2021 16:02,32.72,8.78,0.66,05.11.2021 15:59,620.5,615.2,619.3,614.2,614.8,608.9,619.8,616.8,616,612.5,614.3,610.3,625.9,619,617.2,614.9,619.6,614,559.7,536.3,620.5,615.2,619.3,614.2,614.8,608.9,619.8,616.8,616,612.5,614.3,610.3,625.9,619,617.2,614.9,619.6,614,559.7,536.3,248188375,5.11.2021 16:55,-0.07,1,
05.11.2021 15:56,15,05.11.2021 15:59,168,524.5,499.9,34.5,65.7,536.9,509.9,38.6,15.9,547.3,515.1,42.3,6.2,566.8,534.9,28.6,9.7,594.9,556.2,27.1,0,630.1,600.4,28.1,3,633.2,633.1,10.3,23.5,633,633.2,10,21.3,658.9,664,649,637,633,631,631,636.1,651.1,671.1,680.1,682.1,631.9,11.9,659.1,664.1,649.3,637,633.1,631.1,631.1,636,651.1,671.1,680,682,632.1,3.1,658.9,664,648.9,637,632.9,630.9,630.9,636,651,671,679.9,681.9,632.1,0,05.11.2021 15:59,577.9,577.9,05.11.2021 15:59,466,466.1,602.4,602.2,486.1,770.1,769.7,800.1,799.8,715,82,79,05.11.2021 16:02,32.72,8.94,0.67,05.11.2021 15:59,620.8,615.4,618.6,614,615.4,609.5,620.3,616.4,615.1,612.7,616,611.8,625,620.5,617.5,614.3,620.7,615.2,559.4,537.7,620.8,615.4,618.6,614,615.4,609.5,620.3,616.4,615.1,612.7,616,611.8,625,620.5,617.5,614.3,620.7,615.2,559.4,537.7,248188404,5.11.2021 16:55,0.07,1,
05.11.2021 15:57,15,05.11.2021 16:00,168,524.4,499.7,35.4,67.3,536.9,510,38.6,15.1,547.1,515.1,44.2,6.1,566.8,534.9,28.6,9.7,595,556.1,26.2,0,630.2,600.4,27.1,3,633.3,633.1,9.4,23.5,632.8,633,11.8,23.1,658.9,664,649,637,633,631,631,636,651,671,680,682,632,11,658.9,663.9,649.1,637.1,633.1,631,630.9,636.1,651.3,671.2,680,682,632,3,659.1,664,649,637,633,631,631,636.1,651,671,680,681.9,632,23.8,05.11.2021 16:00,577.9,577.9,05.11.2021 16:00,466.8,467,602.6,602.4,486.1,774.9,774.5,801.9,801.5,716,82,80,05.11.2021 16:03,32.81,8.89,0.66,05.11.2021 16:00,619.6,615.5,619.6,610.6,613.8,608.2,617.3,615.5,616.1,610.9,613.8,609.7,622.8,618.9,618.1,613.5,618.7,613.5,557.7,537.5,619.6,615.5,619.6,610.6,613.8,608.2,617.3,615.5,616.1,610.9,613.8,609.7,622.8,618.9,618.1,613.5,618.7,613.5,557.7,537.5,248188465,5.11.2021 16:56,0.29,0,
05.11.2021 15:58,14,05.11.2021 16:01,168,524.7,499.5,32.6,69.1,536.9,510.1,38.6,14.1,547.2,515,43.2,6.9,566.8,534.9,28.5,9.7,595,556.2,26.1,0,629.8,600.3,30.9,3.9,633.1,633.2,11.3,22.6,632.9,632.9,10.9,24.2,658.9,663.9,649,637,632.9,630.9,631,636.1,651,671,680,681.9,631.9,12,659.1,664,649.1,637.1,633.1,631.1,631.2,636,651.1,671,680.1,682,632,4,659,664,649,637,633,630.9,631,636,651,671,680,681.9,632,24.2,05.11.2021 16:01,577.9,577.9,05.11.2021 16:01,464.8,464.9,600.7,600.5,485.9,771.7,771.3,800.7,800.3,715.4,82,79,05.11.2021 16:04,32.81,8.98,0.66,05.11.2021 16:01,620.2,615.2,618,611.2,615.2,608.3,619.8,616.6,615.4,611.5,614.5,610.4,624.8,619.8,617.8,613.4,617.5,613,555.5,536,620.2,615.2,618,611.2,615.2,608.3,619.8,616.6,615.4,611.5,614.5,610.4,624.8,619.8,617.8,613.4,617.5,613,555.5,536,248188526,5.11.2021 16:57,0.05,1,
05.11.2021 16:00,14,05.11.2021 16:03,168,524.5,499.9,34.3,65.6,536.6,510,41.5,14.9,547,514.8,45.2,9,566.9,534.9,27.5,9.8,594.8,556.1,28,0,630.4,600.4,25.3,3.2,633.2,633.2,10.3,22.5,632.9,633.1,10.9,22.3,659.1,664.1,649.1,637,633,631,631,636.1,651,671,680,682,632.1,10.1,659,664.1,649.2,637.1,633.1,631.1,631,636.1,651,671,679.9,682,632,4.3,659,664,649.1,637,633,631.1,630.9,636.1,651.1,671.1,680,682,632,31.1,05.11.2021 16:03,577.9,577.9,05.11.2021 16:03,467.1,467.3,602.7,602.5,485.7,770.5,770.1,800.3,799.9,714.5,82,80,05.11.2021 16:06,32.72,8.89,0.66,05.11.2021 16:04,620.4,615,618.9,612.3,614.5,608.7,620.1,617.1,616,612,614.9,610.7,625.9,620.2,617.7,613.5,619.1,614.4,558.9,537,620.4,615,618.9,612.3,614.5,608.7,620.1,617.1,616,612,614.9,610.7,625.9,620.2,617.7,613.5,619.1,614.4,558.9,537,248188936,5.11.2021 17:00,0.08,1,
05.11.2021 16:01,15,05.11.2021 16:04,168,524.6,499.9,33.7,65.3,536.8,510,39.6,14.8,547.1,515,44.2,7.1,566.8,534.9,28.4,9.8,594.9,556.1,27,0,630.2,600.4,27.1,3.1,633,633.2,12.2,22.4,632.9,633.1,10.9,22.3,659,664,649,637.1,633.1,631.1,631,636.1,651.1,671.1,680.1,682.2,632.1,10,659.2,664.1,649.5,637.1,633.2,631.3,631.2,636.1,651.1,671,680,682.1,632.1,3.3,658.9,663.9,649,637,633,631,630.9,636.1,651,670.9,680,682,632.1,17.4,05.11.2021 16:04,577.9,577.9,05.11.2021 16:04,464.7,464.8,600.6,600.4,486,774.5,774.1,801.8,801.3,715.7,82,80,05.11.2021 16:07,32.62,8.87,0.66,05.11.2021 16:05,618.9,614.6,620,612.3,613.1,608.1,616.9,614.9,615.1,611.7,613.2,610.1,622.9,618.7,616.9,613.1,616.1,611.7,558.9,535.3,618.9,614.6,620,612.3,613.1,608.1,616.9,614.9,615.1,611.7,613.2,610.1,622.9,618.7,616.9,613.1,616.1,611.7,558.9,535.3,248188997,5.11.2021 17:01,0.26,0,
05.11.2021 16:02,14,05.11.2021 16:05,168,525.5,499.8,25,66.1,536.6,510,41.5,14.8,547.1,515,44.2,7.1,566.8,534.9,28.4,9.8,594.8,555.9,28,0,630.1,600.4,28.1,3.1,633.3,633.2,9.4,22.4,633,633.1,10,22.3,659,664.1,649,636.9,633,630.9,631.1,636,651,671.1,680.1,682.3,632.1,9.9,659.1,664,649.4,637.2,633.1,631.1,631,636,651.1,671.1,680,682,632.1,3.3,659,664,648.9,637,633,631,631.1,636,651,670.9,679.9,681.9,632.1,0,05.11.2021 16:05,577.9,577.9,05.11.2021 16:05,467,467.1,603.8,603.6,486.2,773.1,772.7,801.3,800.9,715.5,82,80,05.11.2021 16:08,32.33,8.97,0.67,05.11.2021 16:05,620.4,615.2,618.3,613.7,614.5,608,620,617.2,616.1,613.3,616.5,609.8,625,619.5,617.4,614,619.5,613.3,557.8,537.7,620.4,615.2,618.3,613.7,614.5,608,620,617.2,616.1,613.3,616.5,609.8,625,619.5,617.4,614,619.5,613.3,557.8,537.7,248189025,5.11.2021 17:01,0.21,0,
05.11.2021 16:02,15,05.11.2021 16:05,168,524.2,499.4,37.3,70,537.2,510,35.8,14.8,547.2,515.1,43.3,6.2,566.9,534.9,27.4,9.8,595,556,26.1,0,629.9,600.3,30,4.1,633,633.2,12.2,22.4,632.9,633,10.9,23.2,659,663.9,649,637,632.9,631,631,635.9,650.9,671,680.1,682.1,632,10.9,659.1,664,649.1,637.2,633,631,631.1,636,651.1,671,680,682.1,632.1,3.2,659,663.9,649,637.1,633,631,631,636,651,670.9,679.9,681.9,632.1,0,05.11.2021 16:05,577.9,577.9,05.11.2021 16:05,470,470,606,605.8,486.6,771.2,770.8,800.6,800.2,715.3,82,80,05.11.2021 16:08,32.3,8.83,0.66,05.11.2021 16:06,619.5,615,617.7,609.8,613.7,607.9,619.3,616.4,615.5,610.3,615.3,610.7,624.4,619.2,616.6,613,618.8,613.6,555.5,536,619.5,615,617.7,609.8,613.7,607.9,619.3,616.4,615.5,610.3,615.3,610.7,624.4,619.2,616.6,613,618.8,613.6,555.5,536,248189058,5.11.2021 17:02,0.04,1,
05.11.2021 16:03,14,05.11.2021 16:06,168,524.8,499.5,31.6,69.1,536.8,510,39.6,14.8,547.3,515.1,42.3,6.1,566.8,534.9,28.4,9.8,594.9,556,27,0,630.3,600.4,26.2,3.1,633.3,633.2,9.4,22.4,633,633,10,23.3,658.9,663.9,649,637,632.9,630.9,631,636,651,671,679.9,682.1,631.8,12.8,659.1,664,649,636.9,633,631,631.1,636,651.1,671.1,680.1,682.1,632,4.1,659.1,664,649,637,632.9,630.9,631,636,651,671,680,682,632,0,05.11.2021 16:06,577.9,577.9,05.11.2021 16:06,470,470.1,605.5,605.3,486.8,770.6,770.2,800.3,800.1,715.1,82,80,05.11.2021 16:09,32.52,9.14,0.68,05.11.2021 16:06,620.1,615.8,619.8,611.8,613.2,608.5,619,616.9,617.8,611.9,615,611.7,625.3,619.2,617,612.9,618.4,614.3,557.4,535.9,620.1,615.8,619.8,611.8,613.2,608.5,619,616.9,617.8,611.9,615,611.7,625.3,619.2,617,612.9,618.4,614.3,557.4,535.9,248189087,5.11.2021 17:02,0.2,1,
05.11.2021 16:04,15,05.11.2021 16:07,168,522.2,504,55.8,22.5,533.2,511.1,73.6,3.6,545.9,519,54.2,0,564.3,537.8,51.7,0,591.6,558.5,58.2,0,631.2,602.9,17.7,0,631.7,634.1,24.5,12.1,631.6,633.5,23.3,17.4,659.2,664,649.1,637,633,631,631,636,650.9,670.9,679.9,681.8,632.4,7,658.8,663.8,649.1,637,633.1,631.2,631.2,636,651.1,671.1,680,682,631.9,5.1,658.9,664,649.1,637,633,631,631,636,651,671,680,682.1,631.9,21,05.11.2021 16:07,577.9,577.9,05.11.2021 16:07,465.8,465.9,601.6,601.3,486,770.8,770.4,800.9,800.5,715.6,82,80,05.11.2021 16:10,32.81,8.73,0.67,05.11.2021 16:08,621.7,616.3,620.7,616.9,616.6,610.6,620.5,617.6,617,614.7,616.1,613.2,626.3,621.9,619.4,616.5,619.8,615.7,558.1,539.6,621.7,616.3,620.7,616.9,616.6,610.6,620.5,617.6,617,614.7,616.1,613.2,626.3,621.9,619.4,616.5,619.8,615.7,558.1,539.6,248189185,5.11.2021 17:04,0.3,0,
05.11.2021 16:05,14,05.11.2021 16:08,168,526.7,502.1,14.2,38.5,538.6,511.2,22.4,2,546.6,518.3,48.7,0,568.5,537.6,12.6,0,597.9,558.8,0,0,627.6,601.7,51,0,633.8,633.3,4.7,19.3,633.9,633.2,1.7,20,659.1,664.1,649,637,633,631.1,631.1,635.9,651,671.1,680,681.9,632.4,6.7,658.8,663.8,649,636.9,633,631,630.9,636.1,651,671.1,680,682.1,632,4.2,659,664,648.9,637,632.9,630.9,631,636.1,651,671,680,682.1,632,17.5,05.11.2021 16:08,577.9,577.9,05.11.2021 16:08,464.5,464.6,600.5,600.4,486.1,769,768.6,800.1,799.8,714.9,82,80,05.11.2021 16:11,32.23,8.87,0.64,05.11.2021 16:08,620.3,616,620.1,612.2,614.5,608.3,620.8,618.4,616.3,611.8,613.9,610.2,625.6,620.5,618.1,613.4,617.8,613,557.3,538.9,620.3,616,620.1,612.2,614.5,608.3,620.8,618.4,616.3,611.8,613.9,610.2,625.6,620.5,618.1,613.4,617.8,613,557.3,538.9,248189213,5.11.2021 17:04,0.34,0,
05.11.2021 16:05,14,05.11.2021 16:08,168,523,498.9,48.7,68.1,535.7,510.9,50.2,4.3,547.7,517.8,38,0,565.5,536.7,40.5,0,592.1,557.9,54.1,0,632.5,601.8,5.1,0,632.9,632.5,13.4,27,632.3,632.6,17,25.9,659,664.1,649,636.9,633,631,631,636,651,671,680,682,632.2,8.5,658.9,664.1,649.1,636.9,633,631,631.1,636,650.9,671,679.9,682,632,4.2,659,664,649.1,637,633,631.1,631,636,651,671,680,681.9,632,28,05.11.2021 16:08,577.9,577.9,05.11.2021 16:08,467.2,467.2,604,603.9,485.9,772.5,772.1,801.4,801,715.1,82,80,05.11.2021 16:11,32.59,8.98,0.63,05.11.2021 16:08,620.5,615.6,619.7,613,615.5,610.3,620.1,617.2,616.7,613.4,615.2,611.4,625.2,619.5,618.4,614.8,618.4,614.1,558.9,538.7,620.5,615.6,619.7,613,615.5,610.3,620.1,617.2,616.7,613.4,615.2,611.4,625.2,619.5,618.4,614.8,618.4,614.1,558.9,538.7,248189241,5.11.2021 17:04,0.19,1,
05.11.2021 16:06,15,05.11.2021 16:08,168,525.6,497.1,24.5,86,537.4,510.7,33.7,5.7,546.4,517.1,50.4,0,567.8,536.4,19.2,0,597.3,557.9,5,0,628.3,601,45,0,633,632.1,12.3,31.2,633.2,632.5,8.3,27.1,659,664,648.9,637,633,631.1,631.1,636,651,671.1,680,682.1,632,10.3,659,664,649,637.1,632.9,631,630.9,636,651.1,671.1,680,681.9,632,4.2,658.9,664,648.9,636.9,632.9,631,631,636,651.1,671,679.9,681.9,632,21,05.11.2021 16:09,577.9,577.9,05.11.2021 16:09,470,470.1,606.2,606,486.1,774,773.6,801.8,801.5,715.4,82,80,05.11.2021 16:12,32.45,8.9,0.62,05.11.2021 16:09,619.3,614.2,618.3,613,613.7,608.3,618.5,615,614.9,612.2,613.4,610,625.1,618.2,616.7,614.1,617.9,613.5,557.4,538.2,619.3,614.2,618.3,613,613.7,608.3,618.5,615,614.9,612.2,613.4,610,625.1,618.2,616.7,614.1,617.9,613.5,557.4,538.2,248189274,5.11.2021 17:05,0.03,1,
05.11.2021 16:06,14,05.11.2021 16:09,168,524.1,496.1,38.5,97.2,536.5,510.3,42.5,9.2,547.5,516.6,40.2,0,565.8,535.6,37.7,3,593.2,557.4,44.2,0,630.6,600.6,22.9,1,633.6,632.4,6.8,28.9,633.1,632.7,9.4,25.5,659,664,649.1,637.1,633.1,631.2,631,636.1,651,671,680,682,631.7,13.2,659,664.1,649.1,637.1,633.1,631.1,631.1,636,651.1,671,680,682,632.1,3.3,659,664,649.1,637,633,631.1,630.9,636,651,671,680.1,682,632.1,0,05.11.2021 16:09,577.9,577.9,05.11.2021 16:09,470,470.1,605.5,605.3,486.5,772.6,772.3,801.3,801,715.3,82,80,05.11.2021 16:12,32.62,8.96,0.62,05.11.2021 16:09,621.6,616.3,619.6,613.7,615.9,610.9,620.2,617,616.2,613.2,617.2,613.5,625.7,619.5,618.1,614.7,620,615,558.6,539.6,621.6,616.3,619.6,613.7,615.9,610.9,620.2,617,616.2,613.2,617.2,613.5,625.7,619.5,618.1,614.7,620,615,558.6,539.6,248189302,5.11.2021 17:05,0.17,1,
05.11.2021 16:06,15,05.11.2021 16:09,168,525,496.7,30.2,93.4,536.9,509.9,38.5,12.9,546.9,516.1,45.7,0,568.2,535.3,15.4,5.6,596.3,557.3,14.4,0,630.2,600.5,27.1,1.8,632.7,632.7,15.2,26.4,632.8,632.8,12,24.8,659,664.1,649,637,633,631,631.1,636,650.9,671,679.9,682.1,631.7,13.4,659.1,664.1,649.3,637,633,631.1,631,636.1,650.9,671,680,682.1,632.1,3.2,659,664,648.8,637,633,631,631,636.1,651.1,671,680,682,632.1,0,05.11.2021 16:09,577.9,577.9,05.11.2021 16:10,469.1,469.2,604.5,604.3,485.8,770.8,770.3,800.6,800.3,715,82,80,05.11.2021 16:13,32.72,8.98,0.62,05.11.2021 16:10,619.7,614.9,619.4,610.7,614,608.9,616.8,615.2,615.6,610.6,615.9,612.2,622,617.4,616.8,612.5,617.5,611.4,558.7,537.2,619.7,614.9,619.4,610.7,614,608.9,616.8,615.2,615.6,610.6,615.9,612.2,622,617.4,616.8,612.5,617.5,611.4,558.7,537.2,248189335,5.11.2021 17:06,0.13,1,
05.11.2021 16:07,14,05.11.2021 16:10,168,524.9,499.7,31,67,536.6,509.6,41.4,15.9,547,515.3,44.8,3.9,568.3,534.7,14.3,11.3,595.5,556.8,21.9,0,630.3,600.1,26.1,5.8,633,633.2,12.3,21.9,632.4,633,15.7,22.9,659,664,649,637,633,631,631,636.1,651,671,680,682.1,632,10.8,659,664,649.2,637.1,633.1,631.2,631.2,636,651.1,671.2,680.1,682.1,632,4.1,659,664,649,637,632.9,630.9,631,636,651.1,671,679.9,681.9,632,10.3,05.11.2021 16:10,577.9,577.9,05.11.2021 16:11,466.7,466.8,602.3,602.1,485.8,773.9,773.5,801.7,801.3,715.3,82,80,05.11.2021 16:14,32.69,9.16,0.62,05.11.2021 16:11,620,614.4,619.1,611.5,614.6,609.3,619.3,615.9,615.7,612.3,616.4,611.3,624.7,618.5,616.5,614.1,618.7,614.1,559.4,537.2,620,614.4,619.1,611.5,614.6,609.3,619.3,615.9,615.7,612.3,616.4,611.3,624.7,618.5,616.5,614.1,618.7,614.1,559.4,537.2,248189395,5.11.2021 17:07,0.23,0,
05.11.2021 16:08,15,05.11.2021 16:11,168,524.5,500.6,34.7,58.3,537,509.4,37.8,18.1,547.6,515,39.1,6.7,565.5,534.3,40.5,15.3,594.7,556.8,30,0,629.8,600,30.8,6.8,633.2,633.3,10.4,20.9,633.7,633.2,3.6,21,658.9,664,648.9,637,633,630.9,631,636,651,671.1,680,681.9,632,10.8,658.9,663.9,649.3,637.1,633.1,631.3,631.3,636,651.2,671.2,680.1,682,632,4.1,659.1,664,649.1,637,633,631,631,636,651,671,679.9,681.9,632,27.9,05.11.2021 16:11,577.9,577.9,05.11.2021 16:11,465.5,465.6,601.3,601,486.2,773.6,773.3,801.6,801.2,715.5,82,80,05.11.2021 16:14,32.45,9.11,0.61,05.11.2021 16:11,619.9,615.3,619,611.1,614.1,608.9,619.4,617.3,615.9,611.5,615.4,611.3,625.5,620.7,618,613.3,618.3,613.5,557,537.4,619.9,615.3,619,611.1,614.1,608.9,619.4,617.3,615.9,611.5,615.4,611.3,625.5,620.7,618,613.3,618.3,613.5,557,537.4,248189424,5.11.2021 17:07,0.31,0,
05.11.2021 16:10,15,05.11.2021 16:13,168,524.5,499.3,34.8,68.9,536.9,509.3,38.8,20.6,547.5,514.5,40.1,12.1,566.2,534.8,34,11.5,595,556.5,27,0,630.3,600.5,26.1,2.4,633.1,633,11.4,23.8,633.5,633.1,5.3,22,659.1,664.1,649.1,637,633,631,631,636.1,650.9,670.9,680,681.9,632,10.8,658.9,663.9,649,637,633.1,631.2,631.1,636.1,651.1,671.1,680.1,682,632,4.1,658.9,664,649,637,633.1,631.1,631,636.1,651.1,671.1,680.1,682,632,0,05.11.2021 16:13,577.9,577.9,05.11.2021 16:13,468.1,468.2,603.6,603.4,486.1,774.2,773.8,801.7,801.3,715.8,82,80,05.11.2021 16:16,32.52,9.17,0.62,05.11.2021 16:13,620.1,615.4,619.3,612.1,613.6,609,619.6,616.7,615.8,611.7,614.2,611.1,625.4,619.8,617.7,613.4,619,613.2,559.2,537.9,620.1,615.4,619.3,612.1,613.6,609,619.6,616.7,615.8,611.7,614.2,611.1,625.4,619.8,617.7,613.4,619,613.2,559.2,537.9,248189546,5.11.2021 17:09,0.25,0,
05.11.2021 16:10,14,05.11.2021 16:13,168,524.7,498.8,32.8,73.9,536.5,509.4,42.5,20.1,546.9,514.5,45.9,12.3,567.3,535.1,23.5,8.7,594.7,556.3,29.3,0,630,600.4,29.1,3.3,633.3,633,9.6,23.8,632.7,632.9,13,24,659.1,664.1,649,637,633,630.9,631,636,650.9,670.9,679.9,681.9,632,10.8,658.9,663.9,649.1,637,633,631.1,631.2,636,651,671,680,682,632,4.1,659,664,649.1,637,633,631,631.1,636,651.1,671.1,680.1,682,632,0,05.11.2021 16:13,577.9,577.9,05.11.2021 16:13,467.1,467.3,602.6,602.4,486,772.9,772.5,801.3,800.9,715.5,82,79,05.11.2021 16:16,32.52,9.06,0.61,05.11.2021 16:14,620.7,615.3,619.5,613.5,614.6,609.3,619.8,616.2,615.9,613.1,616.4,611.9,625.4,619.5,617.2,614.3,618.7,614.7,559.2,538.2,620.7,615.3,619.5,613.5,614.6,609.3,619.8,616.2,615.9,613.1,616.4,611.9,625.4,619.5,617.2,614.3,618.7,614.7,559.2,538.2,248189578,5.11.2021 17:10,0.15,1,
05.11.2021 16:11,14,05.11.2021 16:14,168,524.4,499,35.7,73.1,536.7,509.8,40.7,16.8,547,514.9,45,8.7,567.2,535.3,24.5,6.6,594.5,556.3,31.3,0,630.4,600.5,25.4,2.3,633.3,633.1,9.6,23,632.9,633.1,11.1,22.2,659,664.1,649,637,633,631,631,636.1,651,671,680,682.2,631.9,11.8,659.3,663.9,649.2,637.1,633,631,631,636,651,671,680,682,632,4.1,659,664,648.9,637,632.9,631,631.1,636,651.1,671,680,681.9,632,28.1,05.11.2021 16:14,577.9,577.9,05.11.2021 16:14,464.7,464.8,600.5,600.3,485.9,770.5,770.1,800.4,800,714.5,82,80,05.11.2021 16:17,32.72,9.01,0.62,05.11.2021 16:15,620,615,619.1,613.1,614.2,608.1,619.8,616.9,616.4,612.3,614.6,610.4,625.9,621.1,618.5,613.8,618.1,611.8,557.3,538.5,620,615,619.1,613.1,614.2,608.1,619.8,616.9,616.4,612.3,614.6,610.4,625.9,621.1,618.5,613.8,618.1,611.8,557.3,538.5,248189639,5.11.2021 17:11,0.21,0,
05.11.2021 16:12,15,05.11.2021 16:15,168,524.7,499.4,32.8,69.6,536.9,510,38.8,14.9,547.4,515.1,41.1,6.8,566.6,535.3,30.3,6.5,595.7,556.5,20.3,0,629.7,600.3,31.8,4.2,633,633,12.4,24,632.9,633.1,10.9,22.2,659,664,649.1,637,633.1,631,631,636,651.1,671.1,680.1,682.2,631.9,11.9,659.1,664.1,649.1,637,633.1,631,631.1,636,651,671,679.9,682,632.1,3.1,658.9,664,649,637,633.1,631.1,631.1,636,651,671,679.9,681.9,632.1,28.2,05.11.2021 16:15,577.9,577.9,05.11.2021 16:15,467.8,467.9,604.5,604.3,486,774.3,774,801.8,801.4,715.6,82,80,05.11.2021 16:18,32.57,9.09,0.62,05.11.2021 16:15,619.8,615.5,619.3,614.4,614.1,609.2,620.2,617.9,616.9,614.1,614.5,610.8,625,620.7,618.5,614.5,619.1,613.4,555.9,534.8,619.8,615.5,619.3,614.4,614.1,609.2,620.2,617.9,616.9,614.1,614.5,610.8,625,620.7,618.5,614.5,619.1,613.4,555.9,534.8,248189668,5.11.2021 17:11,0.28,0,
05.11.2021 16:12,14,05.11.2021 16:15,168,524.4,499.6,35.7,67.9,536.9,510.2,38.8,13,547,515.2,44.9,5.7,567.2,535.3,24.5,6.3,594.2,556.2,34,0,630.3,600.4,26.2,3.2,633.2,633,10.5,24.1,633.2,633.3,8.2,20.3,659,664,649.1,637,633,631,631,636.1,651.1,671,680,682,632,10.9,659,664,649.2,637,632.9,631,631.1,636,651,671,679.9,682.1,632.1,3,659.1,664,648.9,637,633,631.1,631,636,651.1,671,680.1,682,632.1,7,05.11.2021 16:15,577.9,577.9,05.11.2021 16:15,470.8,470.8,606.4,606.2,486.3,774,773.6,801.6,801.3,716.2,82,80,05.11.2021 16:18,32.72,9,0.62,05.11.2021 16:16,618.8,614.4,619.5,613.7,613,607.5,616.3,614.4,614.8,612.1,612.3,608.7,622,617.5,616,613,615.6,611.2,559.7,536.3,618.8,614.4,619.5,613.7,613,607.5,616.3,614.4,614.8,612.1,612.3,608.7,622,617.5,616,613,615.6,611.2,559.7,536.3,248189700,5.11.2021 17:12,0.14,1,
05.11.2021 16:14,14,05.11.2021 16:17,168,524.5,499.8,34.7,65,536.8,510.4,39.7,10.3,547.2,515.1,43.1,6.3,566.9,535,27.3,8.9,594.1,556.2,35,0,630,600.4,29.1,3.3,633.1,633.2,11.5,22.3,633.3,633,7.2,23.1,658.9,664,649,637,633,631,630.9,636,651,671,680,681.9,632,11.1,659,664,649.3,637.2,633,631.1,631,636.1,651.1,671.2,680.1,682,631.8,5.8,659,664,649.1,637.1,633.1,631.1,631.1,636.1,651,671,680.1,682,631.8,28,05.11.2021 16:17,577.9,577.9,05.11.2021 16:17,467.5,467.6,602.6,602.4,486.5,774.6,774.3,801.8,801.5,715.6,82,80,05.11.2021 16:20,32.91,9.02,0.61,05.11.2021 16:17,619.5,614.5,618.5,612.8,615.8,609.7,619.1,615.8,615.3,612.2,614.1,610.1,623.9,618.8,617.8,614.1,618.5,612.3,555.8,534.8,619.5,614.5,618.5,612.8,615.8,609.7,619.1,615.8,615.3,612.2,614.1,610.1,623.9,618.8,617.8,614.1,618.5,612.3,555.8,534.8,248189818,5.11.2021 17:13,0.04,1,
05.11.2021 16:15,14,05.11.2021 16:17,168,524.7,499.4,32.9,68.9,536.7,510.2,40.7,11.9,547,515,45,7.2,566.9,534.9,27.5,9.8,595.8,556.4,19.1,0,629.9,600.4,30,3.3,632.9,633.2,13.4,22.2,632.7,633,12.8,23.1,659.1,663.9,648.9,637,633,631.1,630.9,636.1,650.9,670.9,679.9,681.9,631.9,12,659,663.9,649.1,637,633.1,631.1,631.1,636.1,651.1,671.1,680.1,681.9,631.8,5.9,659,664,649,637.2,633.1,631,630.9,636.1,651.1,671,680.1,682,631.8,6.8,05.11.2021 16:18,577.9,577.9,05.11.2021 16:18,466.2,466.3,601.5,601.4,486.2,773.3,773,801.3,801,715.5,82,80,05.11.2021 16:21,32.62,8.79,0.6,05.11.2021 16:18,619.9,615.5,620.5,612.7,614.4,609.2,619.9,616.9,616.1,612.2,614.1,610.4,625.4,620.1,618.5,613.6,618.8,612.7,556.9,535.5,619.9,615.5,620.5,612.7,614.4,609.2,619.9,616.9,616.1,612.2,614.1,610.4,625.4,620.1,618.5,613.6,618.8,612.7,556.9,535.5,248189851,5.11.2021 17:14,0.16,1,
05.11.2021 16:15,14,05.11.2021 16:18,168,524.3,498.9,36.6,73.9,536.8,510,39.8,13.8,547.3,515,42.3,7.2,566.7,534.9,29.2,9.8,594.2,556.2,34,0,630.3,600.5,26.3,2.3,633.1,633.2,11.5,22.2,633.1,633.1,9,22.2,659.1,664,649.1,637,633,631,631,636,651,670.9,680,681.9,632,11.1,658.8,663.9,649.1,637.1,633.1,631,631.1,636,651,671,680,682,631.9,5.1,659,664,649.1,637,633,631.1,631,636,651,671.1,680.2,682.1,631.9,0,05.11.2021 16:18,577.9,577.9,05.11.2021 16:18,465,465.1,600.5,600.3,486,771.6,771.1,800.6,800.3,715.6,82,80,05.11.2021 16:21,32.52,8.89,0.66,05.11.2021 16:18,620,615.6,620.2,614.6,614.6,609.6,619.3,616,616.2,612.6,615.8,612.4,624.7,617.8,616.1,613.2,617.8,613.5,557.8,539,620,615.6,620.2,614.6,614.6,609.6,619.3,616,616.2,612.6,615.8,612.4,624.7,617.8,616.1,613.2,617.8,613.5,557.8,539,248189879,5.11.2021 17:14,0.17,1,
05.11.2021 16:16,14,05.11.2021 16:19,168,524.4,499.2,35.6,71.8,536.8,509.9,39.8,14.7,547.3,515,42.3,7.2,566.6,534.9,30.2,9.8,594,556.1,36,0,630.3,600.4,26.3,3.2,632.8,633,14.3,24.1,632.9,633.1,10.9,22.2,659,664,649,636.9,633,631.1,631,636,651,670.9,679.9,681.9,631.9,12,658.9,663.9,649.2,637.1,633,631.2,631.1,636.1,651.1,671,680,681.9,632,4.3,659,664,649.1,637,633,631.1,631.1,636.1,651.1,671,679.9,682,632,0,05.11.2021 16:19,577.9,577.9,05.11.2021 16:19,470.6,470.7,606,605.8,486.1,774,773.6,801.6,801.2,715.5,82,80,05.11.2021 16:22,32.84,9.11,0.68,05.11.2021 16:19,619.8,614.3,618.7,610.6,614.4,608.7,618.8,615.7,615.2,610.5,615.6,611,624.4,620.1,617.5,612.8,618.7,612.6,557.8,536.5,619.8,614.3,618.7,610.6,614.4,608.7,618.8,615.7,615.2,610.5,615.6,611,624.4,620.1,617.5,612.8,618.7,612.6,557.8,536.5,248189940,5.11.2021 17:15,0.08,1,
05.11.2021 16:16,14,05.11.2021 16:19,168,525,499.6,29.9,68.2,536.5,509.7,42.6,16.7,547,514.9,45,8.1,567,534.8,26.6,10.8,595.5,556.3,21.9,0,629.9,600.4,30,3.2,633.5,633.2,7.8,22.3,632.9,633.1,10.9,22.1,659,664.1,649,636.9,633,631,631,636,651.1,671,680,682,631.9,12.1,659.1,663.9,648.9,637.1,633.1,631.1,631.1,636,651,671,680,682,632,4.3,658.9,664,649,637,633.1,631,631.1,636,651,671,679.9,681.9,632,17.1,05.11.2021 16:19,577.9,577.9,05.11.2021 16:20,470.6,470.7,605.5,605.3,486.6,774,773.6,801.6,801.3,715.6,83,80,05.11.2021 16:23,32.62,9.21,0.62,05.11.2021 16:20,620.7,615.8,619.3,613.2,614.3,608.8,620.2,616.8,616.4,613.1,616.1,610.8,625.5,621.3,618.8,614.2,619.6,615.1,558.4,535.8,620.7,615.8,619.3,613.2,614.3,608.8,620.2,616.8,616.4,613.1,616.1,610.8,625.5,621.3,618.8,614.2,619.6,615.1,558.4,535.8,248189973,5.11.2021 17:16,0.27,0,
05.11.2021 16:17,15,05.11.2021 16:20,168,524.5,499.5,0,69.3,537.2,509.7,36,16.9,547.3,515,42.3,7.2,566.6,534.9,30.2,9.9,594.4,556.2,32.2,0,630.1,600.3,28.1,4.1,632.8,633,14.3,24.2,633,633.2,9.9,21.1,659,664,649,637,633,631,631.1,636.2,651,671.1,680,682.1,631.9,12.1,659.1,664,649,637.1,633,631.1,631.1,635.9,650.9,671,680,681.9,632.1,3.3,659,664,649.1,637.1,633.1,631.1,631,635.9,650.9,671,679.9,682,632.1,34.9,05.11.2021 16:20,577.9,577.9,05.11.2021 16:20,469.6,469.8,604.5,604.3,486.6,772.4,772,801,800.6,715.4,82,80,05.11.2021 16:23,32.84,9.1,0.62,05.11.2021 16:20,618.5,615.1,619.3,612.6,613.2,607.6,618.7,616.6,616.5,611.9,614.1,610.4,624.8,620.5,617.4,613.9,618.7,613.6,557.5,536.8,618.5,615.1,619.3,612.6,613.2,607.6,618.7,616.6,616.5,611.9,614.1,610.4,624.8,620.5,617.4,613.9,618.7,613.6,557.5,536.8,248190001,5.11.2021 17:16,0.34,0,
05.11.2021 16:17,14,05.11.2021 16:20,168,524.5,499.8,34.6,66.4,536.5,509.6,42.5,18,546.9,514.9,46,8.2,567.1,534.9,25.7,9.9,595.5,556.3,21.9,0,629.9,600.2,30,5.1,633.4,633.1,8.6,23.3,632.9,633.1,10.9,22.1,658.9,663.9,649,636.9,633,631,631,636,651,671,680.1,682.1,632,11.2,659.2,664,649.4,637.1,633,631.1,631,636.1,651,671,679.9,682,632.1,3.2,659,664,649,637,632.9,631,631.1,636.1,651.1,671,679.9,681.9,632.1,28,05.11.2021 16:20,577.9,577.9,05.11.2021 16:21,468.5,468.6,603.5,603.3,486.5,770.5,770.1,800.3,800,715.1,82,80,05.11.2021 16:24,32.84,9.19,0.62,05.11.2021 16:21,620.5,614.9,618.4,610.8,614.7,609.6,619.7,616.5,615.6,611.2,616.5,611.9,625.1,619.8,617.2,612.8,617.6,613.5,556.2,536.1,620.5,614.9,618.4,610.8,614.7,609.6,619.7,616.5,615.6,611.2,616.5,611.9,625.1,619.8,617.2,612.8,617.6,613.5,556.2,536.1,248190033,5.11.2021 17:17,0.2,1,
05.11.2021 16:18,15,05.11.2021 16:21,168,524.7,499.9,32.9,65.4,537.1,509.6,36.9,18.2,547.2,514.8,43.2,9.2,566.6,534.9,30.2,9.9,594.5,556.1,31.3,0,630,600.2,29,5.1,633,633.1,12.5,23.3,633,633.1,10,22.1,659,664,649,637.1,633.1,631,631,636,651,671,680,682,632,11.1,659.3,664.1,649.4,637.1,633,631.1,631.2,636.1,651.1,671.1,680,682.1,632,4.1,659,663.9,648.9,636.9,632.9,630.9,631,636.1,651.1,671,680,682,632,6.8,05.11.2021 16:21,577.9,577.9,05.11.2021 16:21,467.3,467.5,602.4,602.2,486.1,772.3,772,801,800.6,715.1,82,80,05.11.2021 16:24,32.74,8.93,0.68,05.11.2021 16:21,618.8,614.3,620.7,613.2,614,607.5,616.8,614.7,615,612.1,612.8,608.2,622.6,618.3,616.3,613.2,616.9,611.8,557.4,534.9,618.8,614.3,620.7,613.2,614,607.5,616.8,614.7,615,612.1,612.8,608.2,622.6,618.3,616.3,613.2,616.9,611.8,557.4,534.9,248190062,5.11.2021 17:17,0.06,1,
05.11.2021 16:18,14,05.11.2021 16:21,168,524.5,499.8,34.8,66.2,536.9,509.6,38.8,18.5,546.9,514.8,46,9.2,567.2,535,24.8,9.1,595.4,556.2,22.8,0,630,600.2,29.1,5.2,633.3,633.1,9.6,23.3,633,633,10,23.1,659,664,649,637,633,631,631.1,636.1,651,671,680,682,632.1,10.1,659.1,664,649.3,637.2,633.3,631.1,631.3,636.1,651.1,671,679.9,682,632,4.1,659.2,664,649,637,633,631,631,636.1,650.9,670.9,679.8,681.9,632,0,05.11.2021 16:21,577.9,577.9,05.11.2021 16:22,466.1,466.2,601.3,601.1,486.4,773.9,773.5,801.6,801.3,715.9,82,80,05.11.2021 16:24,32.62,8.73,0.66,05.11.2021 16:22,621.2,615.8,619.8,614.6,614.8,608.4,619.7,617.5,616.6,614.2,615.6,610.3,625.7,620.4,618.2,614.6,619.8,614.5,556.5,535.3,621.2,615.8,619.8,614.6,614.8,608.4,619.7,617.5,616.6,614.2,615.6,610.3,625.7,620.4,618.2,614.6,619.8,614.5,556.5,535.3,248190094,5.11.2021 17:18,0.29,0,
05.11.2021 16:22,14,05.11.2021 16:25,168,524.8,500,31.7,64.5,536.6,510.3,41.7,12.1,547,515,45.1,7.4,567.1,534.9,25.5,9.9,595,556,26.3,0,630.1,600.3,28.2,4.2,633.2,632.9,10.6,25.2,633.1,633.1,9,22.2,659.1,664,649.1,637.1,633.1,631.1,631.1,636,651.1,671,680,682,631.9,12,659,664,649.2,637,633,631.1,631.1,636,650.9,670.9,680,682,632,4.1,658.9,664,648.9,637,633.1,631.1,631,636,651.1,671,680,681.9,632,0,05.11.2021 16:25,577.9,577.9,05.11.2021 16:25,467.1,467.1,602,601.7,486.8,771.5,771.2,800.6,800.3,714.9,82,80,05.11.2021 16:28,32.69,9.91,0.84,05.11.2021 16:26,618.2,614.1,619.8,613.7,613.8,606.7,616.4,614.5,614.8,612.2,612.7,608,622.2,618.1,616.5,613,616.8,611,559,534.2,618.2,614.1,619.8,613.7,613.8,606.7,616.4,614.5,614.8,612.2,612.7,608,622.2,618.1,616.5,613,616.8,611,559,534.2,248190338,5.11.2021 17:22,-0.02,1,
05.11.2021 16:23,14,05.11.2021 16:26,168,524.5,499.9,34.7,65.3,537,510.3,38,11.9,547.1,515,44.2,7.4,566.5,534.8,31.2,10.9,595,556,26.6,0,629.9,600.3,30,4.3,633.4,633,8.7,24.4,632.9,633.3,10.9,20.3,659,664,649.1,637.1,633,631,631.1,636.2,651.1,671,680.1,682.2,632,11.1,658.9,664,649.1,637,632.9,630.9,630.9,635.9,651,671,680,682,632,4.1,658.9,663.9,649,637,633,630.9,631,635.9,651,671,679.9,682,632,7,05.11.2021 16:26,577.9,577.9,05.11.2021 16:26,465.8,465.9,600.8,600.6,486.6,775,774.6,802,801.6,716,82,80,05.11.2021 16:29,32.62,9.9,0.84,05.11.2021 16:26,619.8,615.3,618.9,611,614.3,608.2,619.6,617.1,615.6,611.1,614.1,610.6,625.4,620.1,617.9,613.1,618.5,612.1,556.7,536.5,619.8,615.3,618.9,611,614.3,608.2,619.6,617.1,615.6,611.1,614.1,610.6,625.4,620.1,617.9,613.1,618.5,612.1,556.7,536.5,248190367,5.11.2021 17:22,0.23,0,
05.11.2021 16:24,14,05.11.2021 16:26,168,524.4,499.4,35.5,69.9,537.2,510.1,36.2,13.6,547.1,514.9,44.2,8.3,566.7,534.9,29.3,10.1,595.2,556.1,24.7,0,630,600.4,29.1,3.3,633.4,633.2,8.6,22.5,633,633.3,10,20.1,659,664,649.1,637.1,633.1,631.1,631.1,636.1,651,671,680.1,682.1,632.1,10.1,659.1,664.1,649.4,637.2,633.1,631.1,631,636,651.2,671.2,680.1,682.2,632.1,3.2,659,664,649,637.1,633,631.1,631.1,636,651,670.9,679.8,681.8,632.1,39,05.11.2021 16:27,577.9,577.9,05.11.2021 16:27,471,471.1,606.6,606.3,486.5,772.5,772.1,801,800.6,715.3,82,80,05.11.2021 16:30,32.62,9.84,0.83,05.11.2021 16:27,620.1,614.8,618.2,609.9,614.5,609.2,619,616.8,615.4,610.5,613.7,610.7,623.9,619.5,617.6,612.6,618.2,612.6,558,535.6,620.1,614.8,618.2,609.9,614.5,609.2,619,616.8,615.4,610.5,613.7,610.7,623.9,619.5,617.6,612.6,618.2,612.6,558,535.6,248190427,5.11.2021 17:23,0.12,1,
05.11.2021 16:24,15,05.11.2021 16:27,168,524.9,499.4,0,70.1,536.7,510.1,40.8,13.5,547.1,515,44.2,7.3,567.2,535,24.5,9.1,594.7,556,29.2,0,630,600.4,29.1,3.3,633.1,633.2,11.5,22.5,632.9,633.1,10.9,21.9,658.9,664,649,637,633,631,630.9,636,651,670.9,680,682,632,11,658.9,664,649.2,637,633,631.2,631.2,636,651.1,671.2,680.1,682.1,632.1,3.2,659.1,664.1,649.1,637,633,631,631,636,651,671,680,681.9,632.1,10.9,05.11.2021 16:27,577.9,577.9,05.11.2021 16:27,472,472.1,606.7,606.5,486.8,770.5,770.1,800.3,800,715,82,80,05.11.2021 16:30,32.59,9.76,0.83,05.11.2021 16:27,619.1,614.7,619.2,611.2,615,609.8,616.7,614.9,616.1,611.3,615.9,612.2,622.6,618.7,617.3,613.1,617.8,612.1,557,537.5,619.1,614.7,619.2,611.2,615,609.8,616.7,614.9,616.1,611.3,615.9,612.2,622.6,618.7,617.3,613.1,617.8,612.1,557,537.5,248190456,5.11.2021 17:23,0.18,1,
05.11.2021 16:25,14,05.11.2021 16:28,168,524.8,499.6,31.8,68.5,536.8,509.9,39.9,15.4,547.2,515.1,43.3,6.3,567,535.1,26.3,8.1,594.5,556,31.1,0,630.1,600.5,28.1,2.3,632.8,633.2,14.2,22.4,632.9,632.8,10.9,24.9,659,664,649,636.9,633,631.1,631,635.9,650.9,670.9,680.1,682,632,11.1,659.1,664.1,649.2,637.1,633,631.3,631.2,636,651.2,671.2,680.1,682,632.1,3.1,659.1,664.1,649.1,637.1,633.1,631.1,631,636,651.1,671,680,682.2,632.1,0,05.11.2021 16:28,577.9,577.9,05.11.2021 16:28,470.3,470.5,604.7,604.5,486.8,774.3,774,801.6,801.3,716.1,82,80,05.11.2021 16:31,32.42,9.69,0.82,05.11.2021 16:28,618.7,614.1,618.1,610.8,614.3,608,618.4,615.3,614.6,610.8,613,609.2,624.6,618.5,616.9,612,617.8,612.3,558.7,534.8,618.7,614.1,618.1,610.8,614.3,608,618.4,615.3,614.6,610.8,613,609.2,624.6,618.5,616.9,612,617.8,612.3,558.7,534.8,248190517,5.11.2021 17:24,0.1,1,
05.11.2021 16:25,14,05.11.2021 16:28,168,524.2,499.7,37.3,67.6,536.8,509.9,39.8,15.5,547,515,45.2,7.2,566.7,535,29.3,9,595.4,556.2,22.7,0,630.1,600.4,28.1,3.2,633.2,633.2,10.5,22.4,633.1,632.8,9,25,659,664,649,636.9,633,630.9,631,636.1,651,670.9,680,681.8,631.8,13,658.9,663.9,649,637.2,633.1,631.2,631.1,636.2,651.2,671.1,680,682,632.1,3.1,658.9,664,649,637,633,630.9,631,636.2,651.3,671.1,680.1,682,632.1,0,05.11.2021 16:28,577.9,577.9,05.11.2021 16:29,469.2,469.3,603.7,603.5,486.6,773,772.7,801.2,800.8,715.3,82,80,05.11.2021 16:32,32.42,9.65,0.82,05.11.2021 16:29,620,614.6,617.4,610.3,613.9,607.9,619.9,617.2,616.1,610.6,614.4,610,625,620.3,617.6,612.6,619.3,613.7,557.6,536.1,620,614.6,617.4,610.3,613.9,607.9,619.9,617.2,616.1,610.6,614.4,610,625,620.3,617.6,612.6,619.3,613.7,557.6,536.1,248190549,5.11.2021 17:25,0.28,0,
05.11.2021 16:26,14,05.11.2021 16:29,168,524.5,500.1,34.7,63.6,536.9,509.9,38.9,15.6,547.3,515.1,42.3,6.2,566.9,535,27.5,9,595.3,556.1,23.6,0,630.2,600.3,27.2,4.1,632.9,633.1,13.3,23.3,633.1,632.9,9,24.4,659,664.1,649,637.1,633,631,631.1,636.1,651,670.9,680,682,631.9,12.3,659,664,649.2,637.1,633,631.2,631.1,636,651,671,680,681.9,632.1,3,658.9,664,649.1,637.1,633.1,631.1,631.1,636,651.1,671,680.1,682.1,632.1,35.4,05.11.2021 16:29,577.9,577.9,05.11.2021 16:30,466.9,467,601.6,601.5,486.3,770.5,770.2,800.3,800,715,82,80,05.11.2021 16:33,32.72,9.62,0.82,05.11.2021 16:30,620.1,615.6,619.3,615.4,615,609.3,619.2,615.9,615.9,613.6,613.4,610.4,623,617.6,616.4,614.5,615.6,611.2,559.1,539.4,620.1,615.6,619.3,615.4,615,609.3,619.2,615.9,615.9,613.6,613.4,610.4,623,617.6,616.4,614.5,615.6,611.2,559.1,539.4,248190610,5.11.2021 17:26,0.05,1,
05.11.2021 16:27,14,05.11.2021 16:30,168,524.8,500,31.9,64.1,537,510,37.9,14.8,547.2,515,43.2,7.1,567.1,535,25.5,8.9,595.3,556.1,23.6,0,630,600.3,29,4.2,633.1,633.3,11.5,21.4,633,633,9.9,23.7,659,664,649,637,633,631,631,636.1,651.1,671,680.1,682.1,632,11.4,659,664,649.3,637.1,633.2,631.2,631.2,636.2,651.2,671.2,680.1,682,632.2,2,659,664,649,637,633,631,631,636.2,651,671,679.9,681.9,632.2,18.1,05.11.2021 16:30,577.9,577.9,05.11.2021 16:31,467.7,467.8,603.5,603.3,486.5,774.6,774.2,801.8,801.4,716.2,82,80,05.11.2021 16:33,32.3,9.79,0.83,05.11.2021 16:31,620.5,614.3,618.9,610,614.7,609.5,620,616.3,615.5,610.6,614.7,611.4,625.8,620.4,617.7,612.7,619.1,614.1,558.3,537.7,620.5,614.3,618.9,610,614.7,609.5,620,616.3,615.5,610.6,614.7,611.4,625.8,620.4,617.7,612.7,619.1,614.1,558.3,537.7,248190671,5.11.2021 17:27,0.34,0,
05.11.2021 16:29,14,05.11.2021 16:32,168,524.4,499.6,35.5,67.7,536.8,510,39.7,14.8,547.1,515,44.2,7,566.8,534.9,28.3,9.8,594.8,556,28.3,0,630.1,600.4,28.1,3.2,633.2,633.4,10.4,20.2,633,632.9,9.9,24.9,658.9,664,649,637,633.1,631,631.1,636,651,671.1,680.1,682.2,632,11.4,658.9,664,649.2,637,633,631.1,631.1,636.1,651.1,671.2,680.1,682,631.9,4.6,659.1,664,649,637,633.1,631,631,636.1,650.9,671,680,681.9,631.9,0,05.11.2021 16:32,577.9,577.9,05.11.2021 16:32,469.6,469.7,604.1,603.9,486.3,771.5,771.1,800.6,800.3,715.2,82,80,05.11.2021 16:35,32.45,9.68,0.79,05.11.2021 16:32,619.5,614.1,618.3,611.5,613.2,608.7,618.7,615.7,615.2,611,614,611,624.5,618.7,616.9,613.4,617.4,613.6,557.7,538.8,619.5,614.1,618.3,611.5,613.2,608.7,618.7,615.7,615.2,611,614,611,624.5,618.7,616.9,613.4,617.4,613.6,557.7,538.8,248190761,5.11.2021 17:28,0.15,1,
05.11.2021 16:29,14,05.11.2021 16:32,168,525.2,499.6,27.8,67.8,536.6,509.9,41.6,15.8,547.3,515,42.3,7,567.1,534.9,25.5,9.9,595,556,26.3,0,629.9,600.4,30.1,3.1,633,633.3,12.3,21,633,632.9,9.9,25,659,664,649,637,633,631,631.1,636.1,651,671,680,682,631.9,12.4,659,664,649,637.1,633.1,631.1,631,635.9,651.1,671.1,680.1,682,631.8,5.7,659.1,664,649,637,633.1,631,631,635.9,651,671.1,680,682,631.8,10.5,05.11.2021 16:32,577.9,577.9,05.11.2021 16:32,468.5,468.6,603.1,602.9,486.5,775.1,774.8,801.9,801.6,716,82,80,05.11.2021 16:35,32.62,9.47,0.81,05.11.2021 16:33,619.3,614.1,618.9,613.5,613.9,608.9,618.6,615.7,615.2,612.3,615.5,611.3,624.6,618.7,616.7,613.4,618.4,613.4,558,536.3,619.3,614.1,618.9,613.5,613.9,608.9,618.6,615.7,615.2,612.3,615.5,611.3,624.6,618.7,616.7,613.4,618.4,613.4,558,536.3,248190793,5.11.2021 17:29,0.07,1,
05.11.2021 16:30,14,05.11.2021 16:33,168,524.7,499.4,32.6,69.8,537.2,509.9,36,15.8,547.4,514.9,41.3,7.9,566.7,534.8,29.2,10.8,594.8,555.9,28.3,0,630,600.3,29.1,4.1,633.4,633.2,8.5,21.9,633,632.9,9.9,25.2,658.9,664,648.9,637,633,631,630.9,635.9,651,670.9,680,682,631.9,12.5,658.9,663.9,649.1,637,633,631,631.1,636,651,671,680,682,631.8,5.8,659,664,649,637.1,633.1,631,631,636,651,670.9,680,681.9,631.8,31.7,05.11.2021 16:33,577.9,577.9,05.11.2021 16:33,467.3,467.5,602,601.8,486.3,774.5,774.1,801.7,801.4,716,82,80,05.11.2021 16:36,32.52,9.64,0.84,05.11.2021 16:33,618.3,614.1,619.7,613.5,613,607.6,616.9,615.2,615.1,612.1,613,609,622.9,618.8,617,613.5,616.9,612,558.2,537.4,618.3,614.1,619.7,613.5,613,607.6,616.9,615.2,615.1,612.1,613,609,622.9,618.8,617,613.5,616.9,612,558.2,537.4,248190822,5.11.2021 17:29,0.19,1,
05.11.2021 16:30,14,05.11.2021 16:33,168,524.4,499.7,35.3,67,536.8,510,39.7,14.9,547,514.8,45,8.9,567,534.8,26.4,10.9,595,555.9,26.4,0,630.1,600.3,28.2,4.1,633,633.1,12.4,22.9,632.9,633,10.9,24.4,658.9,663.9,648.9,636.9,632.9,630.9,630.9,636,651,671,680,682,632,11.6,658.9,664,649.2,636.9,633,631.1,631.1,636.1,650.9,671,680,681.9,631.8,5.9,659,664,649.1,637,633,631,631,636.1,651.2,670.9,680,681.9,631.8,31.9,05.11.2021 16:33,577.9,577.9,05.11.2021 16:33,466.1,466.3,601,600.8,486.4,772.7,772.4,801.1,800.7,715.5,82,80,05.11.2021 16:36,32.72,9.66,0.84,05.11.2021 16:34,620,614.9,618.6,614.3,614.1,607.8,619.8,616.4,615.9,613.1,615.6,611,625.2,620,617.6,614.4,620.1,614.3,560.1,535.5,620,614.9,618.6,614.3,614.1,607.8,619.8,616.4,615.9,613.1,615.6,611,625.2,620,617.6,614.4,620.1,614.3,560.1,535.5,248190854,5.11.2021 17:30,0.1,1,
05.11.2021 16:31,14,05.11.2021 16:34,168,525,500.1,29.6,63.1,536.6,510,41.6,14.8,547.4,514.8,41.3,9,566.7,534.8,29.2,11,595,555.9,26.3,0,629.9,600.3,30,4.1,633.2,633.1,10.4,22.9,633,633,9.9,24.4,659,663.9,649,637,633,630.9,631,636,650.9,670.9,680,682,632,11.6,658.8,663.9,649,637,633,631,631,636,651,671,680,681.9,631.9,5,659,664,649,637,633.2,631.1,630.9,636,650.9,671,680,682,631.9,10.7,05.11.2021 16:34,577.9,577.9,05.11.2021 16:34,465.4,465.5,600.8,600.6,486.1,770.6,770.2,800.3,800,715.6,82,80,05.11.2021 16:37,32.52,9.22,0.8,05.11.2021 16:34,620.5,615.1,618,613,614.8,609.1,619.5,616,615.6,612.4,614.4,610.6,624.3,619,617.2,613.9,618.2,613.5,557.2,535,620.5,615.1,618,613,614.8,609.1,619.5,616,615.6,612.4,614.4,610.6,624.3,619,617.2,613.9,618.2,613.5,557.2,535,248190882,5.11.2021 17:30,0.1,1,
05.11.2021 16:33,14,05.11.2021 16:35,168,524.3,499.4,36.5,69.1,537,510.1,37.9,13.6,547.2,515,43,7.2,566.8,535,28.1,9.2,594.8,555.9,28.1,0,629.9,600.3,30,4,632.9,633.2,13.3,21.9,632.9,633,10.8,24.6,659,664.1,648.9,636.9,633,631,631.1,636,651,671,679.9,682,632,11.6,659.3,664.1,649.2,637.1,633,630.9,631.1,636,651.1,671.1,680,682.1,632.1,3.2,659.2,664.1,648.8,637,633,631,631,636,651,671.2,680.5,682.4,632.1,13.9,05.11.2021 16:36,577.9,577.9,05.11.2021 16:36,469.2,469.4,603.8,603.5,486.5,771.3,771,800.6,800.2,715.1,82,80,05.11.2021 16:39,32.52,9.5,0.8,05.11.2021 16:36,619.9,615,619.6,614.3,614.7,609.6,619.6,617.2,616.6,613.2,613.9,610.9,625.7,620.5,618.7,614.8,618.9,613.2,561.2,535.2,619.9,615,619.6,614.3,614.7,609.6,619.6,617.2,616.6,613.2,613.9,610.9,625.7,620.5,618.7,614.8,618.9,613.2,561.2,535.2,248191005,5.11.2021 17:32,0.24,0,
05.11.2021 16:33,15,05.11.2021 16:36,168,524.8,499.5,31.7,68.2,536.8,510.1,39.7,13.5,547.2,515,43,7.2,566.8,535,28.2,9.2,595,556,26.3,0,630.2,600.3,27.2,4,633.2,633.2,10.5,21.9,633.1,633.2,9,22.7,659,664.1,649,637.1,633,631,631.1,636.2,651,671.1,679.9,682,631.9,12.5,659.1,664.1,649.2,637.1,633.2,631.2,631.1,636,651.1,671,680,682,632.1,3.2,659,663.9,649,637,633,631,630.9,636,651,671,680,682,632.1,0,05.11.2021 16:36,577.9,577.9,05.11.2021 16:36,468.1,468.2,602.7,602.5,486.3,770.6,770.3,800.3,800,714.9,82,80,05.11.2021 16:39,32.3,9.63,0.8,05.11.2021 16:36,619.4,614.9,621.1,615,614.7,607.8,617,614.8,615.5,612.8,612.4,608,622.8,618,616.7,613.8,617.5,610.8,559.7,537.3,619.4,614.9,621.1,615,614.7,607.8,617,614.8,615.5,612.8,612.4,608,622.8,618,616.7,613.8,617.5,610.8,559.7,537.3,248191033,5.11.2021 17:32,0.16,1,
05.11.2021 16:34,14,05.11.2021 16:36,168,524.4,499.7,35.5,66.4,536.9,510.1,38.8,13.4,547.2,515,43,7.2,566.8,534.9,28.2,10.1,594.7,555.8,29.1,0,630.2,600.4,27.3,3.1,633.1,633,11.4,23.8,632.9,633.1,10.9,23.7,659,664,649,637,633,631.1,631,636,651.1,671.1,680.1,682.2,631.9,12.6,659,664.1,649.4,637.2,633.1,631.2,631.2,636.1,651.1,671,680,682,632,4.1,659,663.9,648.9,636.9,632.9,631,631.1,636.1,651.1,671.1,680.1,682,632,3.1,05.11.2021 16:37,577.9,577.9,05.11.2021 16:37,466.9,467,601.6,601.5,486.8,774.8,774.4,801.8,801.4,715.9,82,80,05.11.2021 16:40,32.23,9.53,0.81,05.11.2021 16:37,620.6,615.2,619.3,612.4,614.6,608.8,620,616.9,615.9,612.8,615,611,625.2,621,617.8,614.2,619.6,613.9,558.9,537.2,620.6,615.2,619.3,612.4,614.6,608.8,620,616.9,615.9,612.8,615,611,625.2,621,617.8,614.2,619.6,613.9,558.9,537.2,248191065,5.11.2021 17:33,0.08,1,
05.11.2021 16:34,15,05.11.2021 16:37,168,525.5,499.9,25,64.4,536.5,510,42.5,14.4,547.1,515,43.9,7.2,566.9,535,27.2,9.2,595.1,555.8,25.4,0,629.9,600.2,30.1,5,633,632.9,12.4,24.8,633,633.1,9.9,23.6,658.9,663.9,649.1,637.1,633,631.1,631,636.2,651,671.1,680,682,632,11.7,659,664,649.1,637,633.2,631.2,631.2,636,651.1,671.2,680.1,682.1,632.1,3.1,659.1,664,649.1,637,633.1,631,631.1,636,651,670.9,679.9,681.9,632.1,24.1,05.11.2021 16:37,577.9,577.9,05.11.2021 16:37,465.7,465.8,600.7,600.5,486.5,774.5,774.1,801.7,801.3,716,82,80,05.11.2021 16:40,32.33,9.59,0.8,05.11.2021 16:37,619.1,614.1,618.2,610.1,614.1,607.5,618.6,615.8,614.5,609.6,613.6,608.9,625,618.7,617.1,611.9,618.7,613,557.5,535.9,619.1,614.1,618.2,610.1,614.1,607.5,618.6,615.8,614.5,609.6,613.6,608.9,625,618.7,617.1,611.9,618.7,613,557.5,535.9,248191094,5.11.2021 17:33,0.08,1,
05.11.2021 16:34,14,05.11.2021 16:37,168,524.4,499.7,35.3,66.3,537.3,509.9,35,15.3,547,515,44.9,7.2,567,535,26.3,9.2,594.8,555.9,28.2,0,630.4,600.3,25.4,4.2,633.4,633.1,8.6,23,633,633,9.9,24.6,658.9,664,649,637.1,633.1,631.1,631.1,636.1,651,671,680,682,631.9,12.7,658.9,664,649.1,637,633,631.2,631.3,636.2,651.1,671.1,680,682,632,4,659,663.9,649.1,637,633,631.1,630.9,636.2,650.9,670.9,679.8,681.8,632,34.8,05.11.2021 16:37,577.9,577.9,05.11.2021 16:38,467.6,467.6,603.3,603.2,486.5,772.9,772.6,801.1,800.8,715.7,82,80,05.11.2021 16:41,32.45,9.61,0.8,05.11.2021 16:38,620.3,615.8,619.1,610.9,615.1,609.6,620.1,617.3,616.1,611.2,616.4,611.2,625,619.6,616.9,612.3,619.6,614.8,558,534.4,620.3,615.8,619.1,610.9,615.1,609.6,620.1,617.3,616.1,611.2,616.4,611.2,625,619.6,616.9,612.3,619.6,614.8,558,534.4,248191126,5.11.2021 17:34,0.17,1,
05.11.2021 16:35,14,05.11.2021 16:38,168,524.3,499.7,36.4,66.2,537.1,509.9,36.9,15.3,547.3,515.1,42.2,6.1,566.7,535.1,29,8.1,594.8,555.9,28.2,0,630,600.4,29.1,3.2,633.4,633.3,8.5,21,633,633,9.9,24.8,659.1,664.1,649,637,633,631,631,636,650.9,670.9,679.9,681.9,631.9,12.6,658.9,664,649,637,633,631,631,635.9,651.1,671.1,680.1,682,632,4.1,659.1,664.1,649.1,637.2,633.1,631.1,631.1,635.9,651.1,671,680,682,632,0,05.11.2021 16:38,577.9,577.9,05.11.2021 16:39,470.5,470.6,605.1,604.9,487,771.8,771.5,800.7,800.3,715,82,80,05.11.2021 16:42,32.33,9.53,0.8,05.11.2021 16:39,619.8,615.4,619.8,613.5,615,609.6,620.1,617.6,615.8,613.3,614.2,610.7,625,620.9,618.1,614.6,618.9,613.6,562.2,537.7,619.8,615.4,619.8,613.5,615,609.6,620.1,617.6,615.8,613.3,614.2,610.7,625,620.9,618.1,614.6,618.9,613.6,562.2,537.7,248191187,5.11.2021 17:35,0.33,0,
05.11.2021 16:36,14,05.11.2021 16:39,168,524.8,499.6,31.6,67.1,536.8,509.9,39.7,15.4,546.8,515.1,47,6,566.6,534.9,29.9,9.9,594.8,555.8,28.3,0,630,600.3,29.1,4.1,633,633.1,12.3,22.8,632.9,633.1,10.9,23.9,659.1,664,649,637,633,631,631,636,650.9,670.9,680,681.8,631.9,12.7,658.9,663.9,649.1,637,633.1,631.1,631,636.1,651.1,671.1,680,681.9,632,4.2,658.9,664,648.9,636.9,633,631,631,636.1,651,671,680.1,682.1,632,6.5,05.11.2021 16:39,577.9,577.9,05.11.2021 16:40,468.6,468.7,603.1,602.8,486.6,774.8,774.5,801.8,801.5,716.2,82,80,05.11.2021 16:42,32.45,9.46,0.8,05.11.2021 16:40,619.9,614,619.1,611.9,614.8,610,620.1,616.7,615.8,611.6,615.8,611.7,625,618.5,617.3,613.6,618.8,614.9,558.5,536.4,619.9,614,619.1,611.9,614.8,610,620.1,616.7,615.8,611.6,615.8,611.7,625,618.5,617.3,613.6,618.8,614.9,558.5,536.4,248191248,5.11.2021 17:36,0.31,0,
05.11.2021 16:37,14,05.11.2021 16:40,168,525.1,499.6,28.6,67.1,536.6,510,41.6,14.5,547.3,515.1,42.3,5.9,567,534.9,26.1,9.9,595,555.8,26.2,0,629.8,600.4,31,3.2,633,633,12.3,23.8,633,633.1,9.9,23.9,659,664,649,637,632.9,631,631,636,651,671,679.9,681.8,631.9,12.7,659,664,649,637,632.9,631.2,631,636,650.9,670.9,679.9,681.9,632,4.2,658.9,664,649,637,633.1,631.1,631.1,636,651.1,671,680.1,682.1,632,31.2,05.11.2021 16:40,577.9,577.9,05.11.2021 16:40,467.5,467.6,602,601.9,486.6,773.2,772.8,801.2,800.8,715.6,83,80,05.11.2021 16:43,32.3,9.61,0.8,05.11.2021 16:40,621.2,615,619,613.5,614.8,609.3,619.4,616.5,616.1,613.4,615.8,612.3,625.4,619.4,617.4,614.7,620.2,615.7,559.3,536.8,621.2,615,619,613.5,614.8,609.3,619.4,616.5,616.1,613.4,615.8,612.3,625.4,619.4,617.4,614.7,620.2,615.7,559.3,536.8,248191277,5.11.2021 17:36,0.08,1,
05.11.2021 16:37,15,05.11.2021 16:40,168,524.4,499.6,35.2,67.2,537.1,510.1,36.8,13.6,547.2,515.1,43.2,5.9,566.6,534.9,29.9,9.9,594.7,555.9,29.2,0,630.3,600.5,26.2,2.2,632.9,633.1,13.2,22.8,632.9,633,10.9,24.9,659,664,649,637.1,633,631,631.1,636,651.1,671,680,682,632,11.8,659.1,663.9,649.1,637.1,632.9,631.1,630.9,636,651,671,680,681.9,632,4.2,658.9,663.9,649,637,633,631,631.1,636,651.1,671.1,680.1,682.2,632,27.8,05.11.2021 16:40,577.9,577.9,05.11.2021 16:40,466.2,466.3,601,600.8,486.1,771.1,770.6,800.5,800.1,715.3,82,80,05.11.2021 16:43,32.23,9.64,0.8,05.11.2021 16:41,619.1,614.2,618.2,610.9,613.9,608,618.8,615.5,614.8,610.3,612.9,609.3,624.8,618.7,617.2,612,617.1,612.2,558.3,537.6,619.1,614.2,618.2,610.9,613.9,608,618.8,615.5,614.8,610.3,612.9,609.3,624.8,618.7,617.2,612,617.1,612.2,558.3,537.6,248191309,5.11.2021 17:37,0.1,1,
05.11.2021 16:38,14,05.11.2021 16:41,168,524.8,499.7,31.2,66.2,536.2,510,45.3,14.5,547,514.9,45.1,7.8,566.9,534.9,27.1,9.9,594.9,555.7,27.1,0,629.9,600.5,30.1,2.1,633.2,633,10.5,23.9,633,633,9.9,24.9,659,664.1,649,637.1,632.9,631,631.1,636.1,651.1,671,680.1,682.1,632,11.8,659.2,664,649,637,633,631.1,631,636,651,671,680,681.9,632,4.1,658.9,664,649,637,633,631,631,636,651,671,680.1,682.2,632,17.3,05.11.2021 16:41,577.9,577.9,05.11.2021 16:41,465.5,465.6,600.8,600.7,486.4,771.1,770.7,800.5,800.1,714.9,83,80,05.11.2021 16:44,32.57,9.77,0.83,05.11.2021 16:41,620.1,614.7,619.5,614.3,613.4,607.7,619.1,616.1,616.5,614.1,614.1,610.1,625.2,617.6,616.4,614.3,618.4,613.2,558.6,537.6,620.1,614.7,619.5,614.3,613.4,607.7,619.1,616.1,616.5,614.1,614.1,610.1,625.2,617.6,616.4,614.3,618.4,613.2,558.6,537.6,248191337,5.11.2021 17:37,0.1,1,
05.11.2021 16:38,14,05.11.2021 16:41,168,524.3,499.8,36.3,65.3,537.3,510,35,14.4,547,514.8,45.2,8.7,566.7,534.8,29,10.9,594.9,555.8,27.3,0,630.2,600.3,27.2,4,633.2,633.1,10.5,23,632.9,633.1,10.9,24,659,664.2,649.1,637.1,633.2,631.2,631,636.1,651,670.9,680,682,632.1,10.8,659,664,649.4,637,633,631.1,630.9,636,651,671,680,682,632,4.1,659,664,649,637,633,631,631,636,651.1,671.1,680.2,682,632,3,05.11.2021 16:41,577.9,577.9,05.11.2021 16:41,470.3,470.4,605.8,605.6,486.8,775,774.6,801.8,801.5,716.2,83,80,05.11.2021 16:44,32.13,9.67,0.8,05.11.2021 16:42,621.8,616,618.7,610.5,615.4,610.4,620.9,617.4,615.8,611,616.5,612.9,625.9,621.1,617.6,612.4,620,615.2,558.8,536.8,621.8,616,618.7,610.5,615.4,610.4,620.9,617.4,615.8,611,616.5,612.9,625.9,621.1,617.6,612.4,620,615.2,558.8,536.8,248191370,5.11.2021 17:38,0.17,1,
05.11.2021 16:39,14,05.11.2021 16:42,168,524.6,499.9,33.3,64.2,536.6,510.1,41.5,13.5,547.2,514.8,43.3,8.8,567,534.9,26.1,10,594.8,555.7,28,0,630.1,600.3,28.1,4,633.1,633.1,11.3,23,633,633.2,9.9,23,659,664,649,637,633,631,631,636.1,651.1,671.1,680.1,682.2,632.2,9.9,659.2,664.1,649.3,637,633.1,631.1,631.1,635.9,651.1,671.1,679.9,682,632.1,3.1,658.9,664,649,637,633,631.1,631.1,635.9,651.1,671,680,682,632.1,0,05.11.2021 16:42,577.9,577.9,05.11.2021 16:42,471.4,471.5,606,605.8,486.8,774.6,774.2,801.6,801.3,716.1,83,80,05.11.2021 16:45,32.3,9.56,0.8,05.11.2021 16:42,619.6,614,618.2,610.3,614.4,608.5,618.9,615.2,614.5,610.4,612.6,609.5,624.6,617.6,615.9,612.4,616.6,612.6,556.7,537.4,619.6,614,618.2,610.3,614.4,608.5,618.9,615.2,614.5,610.4,612.6,609.5,624.6,617.6,615.9,612.4,616.6,612.6,556.7,537.4,248191398,5.11.2021 17:38,0.11,1,
05.11.2021 16:39,14,05.11.2021 16:42,168,524.7,500.1,32.5,62.1,537.1,510.1,36.8,13.4,546.9,514.9,46.2,7.9,566.6,534.9,29.9,10.1,595.1,555.9,25.5,0,630.2,600.2,27.2,5,633.4,633.1,8.6,23.1,633,633.3,9.9,22,658.9,664,648.9,637,633,631.1,631,636,651.1,671.1,680,682.1,632.2,9.8,658.9,663.9,649.3,637.1,633,631.2,631.2,636.1,651.1,671.1,680.1,682.1,632.1,3.1,659,664,649,637.1,633,631,631,636.1,651.1,671,680,681.9,632.1,17,05.11.2021 16:42,577.9,577.9,05.11.2021 16:42,470.8,470.8,605.1,604.9,487.3,772.8,772.4,801,800.6,716,82,80,05.11.2021 16:45,32.3,9.58,0.8,05.11.2021 16:43,621.6,615.8,619,610.7,614.9,610.5,621.1,616.5,616.4,611.2,615.9,612.9,626.6,620.5,618.3,613,620,615.9,556.4,538.3,621.6,615.8,619,610.7,614.9,610.5,621.1,616.5,616.4,611.2,615.9,612.9,626.6,620.5,618.3,613,620,615.9,556.4,538.3,248191431,5.11.2021 17:39,0.12,1,
05.11.2021 16:46,14,05.11.2021 16:49,168,524.5,499.5,34.5,68.6,536.9,510.1,38.7,13.4,547.1,515,44.1,6.9,567.1,535,25.2,8.8,594.8,555.9,28.1,0,630.1,600.4,28.2,3.2,633.1,633.2,11.3,22.3,632.9,633.1,10.9,22.8,658.9,663.9,649.1,637,633,631,631,636,651,671,679.9,682,632,11.3,659,664.1,649.1,637,633.1,631.2,631.1,636.2,651.1,671.2,680,682.1,632,4,659.2,664.1,649.1,637.1,633.1,631.1,631.1,636.2,651,671,679.9,682,632,31,05.11.2021 16:49,577.9,577.9,05.11.2021 16:49,469.8,469.8,605,604.8,487,771.3,771,800.6,800.1,715.3,82,80,05.11.2021 16:52,32.23,9.63,0.8,05.11.2021 16:49,619.8,615,619.3,614.2,613.8,607.6,620.5,617.4,616.3,613.4,615.6,610.7,625.3,620.2,617,614.2,619.7,614.6,559.9,537,619.8,615,619.3,614.2,613.8,607.6,620.5,617.4,616.3,613.4,615.6,610.7,625.3,620.2,617,614.2,619.7,614.6,559.9,537,248191853,5.11.2021 17:45,0.24,0,
05.11.2021 16:46,14,05.11.2021 16:49,168,525,499.7,29.8,66.8,537.1,509.9,36.8,15.3,547.4,515.1,41.3,5.9,566.6,534.9,29.9,9.7,595.3,555.9,23.4,0,629.7,600.3,31.8,4.2,632.9,633.2,13.2,22.2,632.9,633.1,10.9,22.8,658.9,663.9,648.9,637,633,631,631,636,651,671,680,682,632,11.3,658.9,663.9,649.1,637,633,631.1,631.1,636,651.1,671,680,681.9,632,4,659,664,649.1,637,633,631.1,631,636,651.1,671.1,680,682,632,9.8,05.11.2021 16:49,577.9,577.9,05.11.2021 16:49,469.9,470,604.6,604.4,486.9,770.9,770.5,800.3,800,714.8,82,80,05.11.2021 16:52,32.59,9.52,0.77,05.11.2021 16:50,620,614.7,617.9,610.2,613.6,608.2,619.3,616.1,615.4,610.6,614.6,610.7,625.4,617.6,616.5,612.4,618.1,612.8,558.1,535.8,620,614.7,617.9,610.2,613.6,608.2,619.3,616.1,615.4,610.6,614.6,610.7,625.4,617.6,616.5,612.4,618.1,612.8,558.1,535.8,248191886,5.11.2021 17:46,0.15,1,
05.11.2021 16:47,14,05.11.2021 16:50,168,524.8,499.7,31.6,66.7,536.3,509.8,44.4,16.3,547.1,514.9,44.1,7.8,567,534.9,26.1,9.8,594.5,555.8,31,0,630.3,600.3,26.3,4.2,633.1,633.2,11.4,22.2,632.9,633.1,10.9,22.8,659,664,649,636.9,632.9,630.9,631,636,650.9,671,679.9,681.7,632,11.3,659,663.9,649.2,637.2,633,631,631,635.9,651,671.1,680,682,632,4,659,664,649,636.9,633,631.1,631.1,635.9,651,671.1,680.1,682.2,632,0,05.11.2021 16:50,577.9,577.9,05.11.2021 16:50,469.1,469.2,603.7,603.5,486.3,774.9,774.5,801.8,801.4,716,82,80,05.11.2021 16:53,32.45,9.41,0.77,05.11.2021 16:50,619.6,615.4,619.6,613.5,615,608.7,620.5,617.5,616.4,613.2,614.4,610,625.2,620.9,618.3,614.1,618.3,612.3,556.8,536.3,619.6,615.4,619.6,613.5,615,608.7,620.5,617.5,616.4,613.2,614.4,610,625.2,620.9,618.3,614.1,618.3,612.3,556.8,536.3,248191914,5.11.2021 17:46,0.21,0,
05.11.2021 16:48,14,05.11.2021 16:51,168,524.3,499.5,36.5,68.8,536.9,509.7,38.7,17.6,547,514.8,45.1,8.8,566.9,534.9,27.1,9.9,595.3,555.9,23.4,0,630,600.2,29.1,5.3,633.4,633.1,8.4,23.2,632.9,633,10.9,23.7,659,664,649.1,637,633.1,631.1,631,635.9,650.9,670.9,680,682,632,11.4,659.1,664.1,649,637.1,633.1,631.1,631.2,636.1,651,671,679.9,682,632.1,3,658.9,664,649,637.1,633,631,631.1,636.1,651.1,671.1,680.1,682,632.1,20.3,05.11.2021 16:51,577.9,577.9,05.11.2021 16:51,465.6,465.7,600.6,600.5,485.7,771.1,770.6,800.3,800,715.3,82,80,05.11.2021 16:54,32.42,9.07,0.74,05.11.2021 16:52,621.1,615.3,618.9,613.1,614.6,608.9,620.2,616.2,615.4,612.3,616.6,611.6,625,618.5,616.9,613.8,619.7,614.7,555.5,534.4,621.1,615.3,618.9,613.1,614.6,608.9,620.2,616.2,615.4,612.3,616.6,611.6,625,618.5,616.9,613.8,619.7,614.7,555.5,534.4,248192007,5.11.2021 17:48,0.06,1,
05.11.2021 16:49,15,05.11.2021 16:52,168,524.5,499.4,34.6,69.8,536.7,509.8,40.6,16.7,547.3,514.8,42.2,8.9,566.6,534.9,29.9,9.9,594.7,555.9,29.1,0,630.1,600.3,28.1,4.4,632.9,633.1,13.1,23.1,633.1,633.1,9,22.7,659,664,649.1,637,633,631.1,631.1,636.1,651.1,671.1,680.1,682.1,632.1,10.4,659.2,664.1,649.2,637.2,633,631,631,635.9,650.9,671,680,681.9,632.1,3,658.9,664,649,637,633.1,631.1,630.9,635.9,651.1,671,680,682,632.1,30.9,05.11.2021 16:52,577.9,577.9,05.11.2021 16:52,467.2,467.3,603,602.8,486.2,772.1,771.8,800.8,800.5,715,82,80,05.11.2021 16:55,32.52,9.22,0.75,05.11.2021 16:52,619.4,614.5,617.4,611.2,613.4,608,618.7,615.9,615.2,611.1,613.7,610.3,624,618.6,617.4,613.4,616.9,611.1,556.1,535.8,619.4,614.5,617.4,611.2,613.4,608,618.7,615.9,615.2,611.1,613.7,610.3,624,618.6,617.4,613.4,616.9,611.1,556.1,535.8,248192036,5.11.2021 17:48,0.11,1,
05.11.2021 16:49,14,05.11.2021 16:52,168,524.9,499.4,30.8,70,536.8,509.9,39.7,15.9,546.9,514.7,46,9.9,567,535,26.2,8.9,595.1,555.8,25.3,0,630.2,600.4,27.2,3.5,633.3,633.2,9.4,22.2,632.8,633,11.9,23.7,659,664,649.1,637.1,633.1,631.1,631,636,651.1,671.1,680.1,682.1,632.1,10.4,659.1,664.1,649.2,637,633,631.2,631,636,651,671,680,682.1,632,3.9,659,664,649,637,633,631.1,631,636,651,671,679.9,681.9,632,24,05.11.2021 16:52,577.9,577.9,05.11.2021 16:52,469.6,469.7,604.8,604.6,486.7,774.4,774.1,801.6,801.2,715.3,82,80,05.11.2021 16:55,32.45,9.18,0.75,05.11.2021 16:53,620.4,615,619,612.9,614,608,619.3,616.1,615.5,612.1,613.4,609.7,624.4,619.3,617.8,614,616.9,611.9,558.8,537.3,620.4,615,619,612.9,614,608,619.3,616.1,615.5,612.1,613.4,609.7,624.4,619.3,617.8,614,616.9,611.9,558.8,537.3,248192068,5.11.2021 17:49,-0.03,1,
05.11.2021 16:50,14,05.11.2021 16:53,168,525.1,499.4,28.8,70.2,536.9,510,38.7,15,547.3,514.8,42.2,9.1,566.6,534.9,29.9,9.9,594.8,555.8,28.2,0,629.9,600.3,30,4.4,632.9,633.1,13.2,23.2,633,633.1,10,22.7,658.9,663.9,649,636.9,633,630.9,631,636,651,670.9,680.1,682.2,632.1,10.3,659.2,664.1,649.4,637.2,633.1,631,631.1,636.1,651.1,671.2,680.1,682.1,631.9,4.8,658.9,664,648.9,637,633,631,631,636.1,651,671,680,682,631.9,0,05.11.2021 16:53,577.9,577.9,05.11.2021 16:53,469.5,469.6,604.2,604,486.6,773.3,772.9,801.2,800.8,715.5,83,80,05.11.2021 16:56,32.45,9.2,0.74,05.11.2021 16:53,618.9,615,618.9,614,613.6,608.1,619.1,616.9,616.3,613.4,613.6,610.2,625.3,621.1,618.9,614.6,619,613.1,561,537.5,618.9,615,618.9,614,613.6,608.1,619.1,616.9,616.3,613.4,613.6,610.2,625.3,621.1,618.9,614.6,619,613.1,561,537.5,248192097,5.11.2021 17:49,0.32,0,
05.11.2021 16:50,14,05.11.2021 16:53,168,524.2,499.5,37.3,69.3,537.1,510,36.9,15,547.1,514.8,44,9.1,567,534.9,26.2,9.9,595,555.8,26.2,0,630.2,600.4,27.1,3.4,633.4,633.1,8.5,23.2,632.8,633.1,11.9,22.7,659,664,649,637.1,633,631.1,631,636.1,651.1,671.2,680,682.1,632.1,10.2,659,664,649.1,637.1,633.1,631.3,631.3,636.2,651.1,671.1,680,682,631.8,5.9,659,664,648.9,637,633,631,631,636.2,651,671,679.9,681.9,631.8,0,05.11.2021 16:53,577.9,577.9,05.11.2021 16:53,468.5,468.7,603.3,603.1,486.3,771.4,771,800.6,800.1,715.6,82,80,05.11.2021 16:56,32.52,9.28,0.76,05.11.2021 16:54,620,614.8,618.5,613.5,613.8,608.1,619.5,616.8,615.9,613.4,615,611.1,625.6,620.2,617.6,614.5,618.3,614.8,559.3,536.5,620,614.8,618.5,613.5,613.8,608.1,619.5,616.8,615.9,613.4,615,611.1,625.6,620.2,617.6,614.5,618.3,614.8,559.3,536.5,248192129,5.11.2021 17:50,0.16,1,
05.11.2021 16:51,14,05.11.2021 16:54,168,524.9,499.7,30.6,67.4,536.8,510.1,39.6,14,547.2,515,43.1,7.3,566.8,534.9,28.1,9.9,595.1,555.9,25.3,0,629.9,600.4,30,3.4,633,633.1,12.3,23.2,633.2,633.3,8.1,20.8,659,664,649,637,633,631,631.1,636.1,651,671.1,680,682,632.1,10.2,659,664.1,649.2,637.1,633.2,631,631.1,636.1,651.3,671.3,680.1,682.1,631.8,6,659,664,649,637,633,631.1,631.1,636.1,651,671.1,680,681.9,631.8,13.2,05.11.2021 16:54,577.9,577.9,05.11.2021 16:54,467.5,467.6,602.2,602,486.3,771.1,770.7,800.5,800.1,715.3,82,80,05.11.2021 16:57,32.52,9.42,0.76,05.11.2021 16:54,619.9,614.1,618,614.6,614.1,607.6,618.8,615.4,614.8,612.4,615.2,611,623.5,618.1,617.1,614.3,618.8,612.7,559.1,537.6,619.9,614.1,618,614.6,614.1,607.6,618.8,615.4,614.8,612.4,615.2,611,623.5,618.1,617.1,614.3,618.8,612.7,559.1,537.6,248192157,5.11.2021 17:50,0.13,1,
05.11.2021 16:52,14,05.11.2021 16:54,168,524.1,499.9,38.3,65.4,536.9,510.1,38.7,13.9,547.4,515.1,41.2,6.3,566.9,535,27.1,9,595.1,555.8,25.2,0,629.9,600.4,30,3.3,632.9,633.1,13.3,23.3,633.2,633.2,8.1,21.6,659,664,649,637,633,631.1,631,636.1,651,671,680,681.9,632,11.1,659,664,649.2,637.1,633,631.1,631.1,636,651,671.1,680.1,682,632,4.2,659.1,664,648.9,637,633.1,631,631,636,651,671,680,682,632,20.3,05.11.2021 16:55,577.9,577.9,05.11.2021 16:55,465.2,465.3,600.4,600.3,486,774.6,774.1,801.7,801.3,716,83,80,05.11.2021 16:58,32.52,9.34,0.75,05.11.2021 16:55,620.2,614.8,618.5,611.2,614.4,609.3,619.4,616.3,615.5,611,614.5,611.2,624.8,619.3,617,612.9,618.6,614.8,557.5,536.1,620.2,614.8,618.5,611.2,614.4,609.3,619.4,616.3,615.5,611,614.5,611.2,624.8,619.3,617,612.9,618.6,614.8,557.5,536.1,248192218,5.11.2021 17:51,0.23,0,
05.11.2021 16:53,14,05.11.2021 16:56,168,524.4,499.6,35.4,68,536.9,510.1,38.6,13.4,547.2,515,43.1,7.1,566.8,535,28,8.8,594.8,555.9,28,0,630.1,600.3,28,4.3,633.3,633.2,9.5,22.4,633.2,633.2,8,21.5,659.1,664.1,649,637,633,631.1,631.1,636,651,671,680,681.9,632,11.1,659,664,649.2,637.1,633.1,631.1,631,636,651,671.1,680,682,632,4.1,658.9,664,648.9,637.1,633.1,631,631,636,651.1,671,680.1,682.1,632,9.4,05.11.2021 16:56,577.9,577.9,05.11.2021 16:57,468.3,468.4,602.9,602.8,486.5,774.6,774.2,801.7,801.3,715.8,82,80,05.11.2021 17:00,32.52,9.36,0.76,05.11.2021 16:57,620.4,614.7,618.3,614.1,614.6,608.4,619.3,615.8,615.7,613.6,616.3,610.2,625.1,618.1,616.3,614.7,619.4,614.4,557.8,537,620.4,614.7,618.3,614.1,614.6,608.4,619.3,615.8,615.7,613.6,616.3,610.2,625.1,618.1,616.3,614.7,619.4,614.4,557.8,537,248192340,5.11.2021 17:53,-0.01,1,
05.11.2021 16:54,14,05.11.2021 16:57,168,524.7,499.5,32.5,69,536.7,510,40.5,14.4,547.2,514.9,43.1,8,566.7,535,29,8.7,594.9,555.9,27.2,0,630.1,600.3,28,4.3,633.3,633.2,9.3,22.4,632.8,633.1,11.8,22.5,659,663.9,649,637,633,630.9,631,636,651,671,680,682,632,11.1,659.1,664,649.1,637,633,631.1,631,636,651,671,680.1,682.1,632,4.1,658.9,663.9,649,637,633,631.1,631.1,636,651.1,671.1,680,681.9,632,34.1,05.11.2021 16:57,577.9,577.9,05.11.2021 16:57,467,467.1,601.9,601.6,486.2,773.3,772.9,801.2,800.9,715.9,82,80,05.11.2021 17:00,32.45,9.29,0.76,05.11.2021 16:57,619.8,614.8,618.3,613.1,614.1,608.6,620.4,617.2,615.6,612.1,613.2,610.3,624.9,620.5,617.5,613.5,618.8,613.1,557.2,536.5,619.8,614.8,618.3,613.1,614.1,608.6,620.4,617.2,615.6,612.1,613.2,610.3,624.9,620.5,617.5,613.5,618.8,613.1,557.2,536.5,248192369,5.11.2021 17:53,0.21,0,
05.11.2021 16:54,14,05.11.2021 16:57,168,524.6,499.5,33.5,69.1,537.1,510,36.7,14.3,547,514.8,45,9,566.7,535,29,8.6,594.7,555.8,29,0,630.2,600.3,27.1,4.3,633.4,633.2,8.4,22.4,633.1,633.2,8.9,21.5,659,664.1,649.1,637.1,633.1,630.9,631.1,636.2,651,671,680.1,682,632,11.1,659.2,664,649.4,637,632.9,631,631,636,651,671,680,682,632,4.1,659,664,649,637.1,633.2,631.1,631.1,636,651,671,680,682,632,41.5,05.11.2021 16:57,577.9,577.9,05.11.2021 16:58,465.8,466,600.9,600.7,485.8,771.5,771,800.6,800.1,715.6,82,80,05.11.2021 17:01,32.4,9.17,0.74,05.11.2021 16:58,619.6,614.8,618.5,610,613.5,608.3,618.8,616.5,615,610.4,613.6,610.1,624.8,620,617.4,612.4,617.6,612.2,557.7,535.7,619.6,614.8,618.5,610,613.5,608.3,618.8,616.5,615,610.4,613.6,610.1,624.8,620,617.4,612.4,617.6,612.2,557.7,535.7,248192401,5.11.2021 17:54,0.05,1,
05.11.2021 16:55,14,05.11.2021 16:58,168,524.8,499.6,31.4,68.2,536.5,510.1,42.4,13.4,547.2,514.8,43.1,9.1,566.8,535,28.1,8.6,595,555.9,26.3,0,630,600.3,29,4.4,632.9,633.2,13,22.3,632.8,633.1,11.8,22.4,659,664,649,637,633.1,631,631,636.1,651.1,671.2,680.1,682.1,632,11.1,659.2,664.1,649.3,637.1,633.2,631.3,631.1,636.1,651.1,671,680,682,632,4.1,658.9,664,649,637,633,631,631,636.1,651.1,671,680,682,632,16.9,05.11.2021 16:58,577.9,577.9,05.11.2021 16:58,465.8,466,601.6,601.5,486,770.9,770.6,800.3,800,715,82,80,05.11.2021 17:01,32.62,9.27,0.75,05.11.2021 16:58,619.4,615.4,620.7,611.5,613.6,608.9,616.8,614.7,615.4,611,612.5,609.9,622,617.4,616.2,612,615.3,611.4,557.7,533.9,619.4,615.4,620.7,611.5,613.6,608.9,616.8,614.7,615.4,611,612.5,609.9,622,617.4,616.2,612,615.3,611.4,557.7,533.9,248192430,5.11.2021 17:54,0.26,0,
05.11.2021 16:56,14,05.11.2021 16:59,168,524.8,499.8,31.5,66.4,536.6,509.9,41.4,15.3,547.2,515,43.3,7.3,566.8,534.9,28.1,9.6,595.1,555.8,25.3,0,629.8,600.4,30.9,3.5,632.9,633.1,13.1,23.3,633,633.2,9.9,21.5,659,664,649.1,637,633.1,631,631,636,651,671,680,682.1,632,11.1,659.1,663.9,649,637,633,631.1,631.2,636,651,671.1,680,682,632,4.1,659,664,649.1,637.1,633,631.1,631,636,651,671,680,682,632,0,05.11.2021 16:59,577.9,577.9,05.11.2021 16:59,471.5,471.6,606.2,606,486.8,774.6,774.2,801.6,801.3,716.1,82,80,05.11.2021 17:02,32.62,9.43,0.75,05.11.2021 16:59,620,614.1,617.6,613,613.8,606.7,618.2,615.3,614.9,611.7,613.4,609.8,625,618.3,616.5,613.9,618.8,613,557.3,537.6,620,614.1,617.6,613,613.8,606.7,618.2,615.3,614.9,611.7,613.4,609.8,625,618.3,616.5,613.9,618.8,613,557.3,537.6,248192491,5.11.2021 17:55,0.12,1,
05.11.2021 16:57,14,05.11.2021 17:00,168,524.6,499.8,33.4,66.4,536.9,509.8,38.5,16.4,547.4,515.1,41.3,6.3,566.9,535,27.2,8.7,595.2,555.9,24.3,0,629.9,600.3,30,4.4,633,633.2,12.1,22.4,633,633.1,9.9,22.3,658.9,663.9,649,637,633.1,631,631,636,651,670.9,680,681.9,632.1,10.1,658.9,664,649,637.2,633.1,631.1,631.1,636.2,651.2,671.1,680.1,681.9,632.1,3.1,659,664.1,649,637,633.2,631.1,631,636.2,651,671,680,681.9,632.1,34.4,05.11.2021 17:00,577.9,577.9,05.11.2021 17:00,469.8,469.9,604.1,604,487,770.8,770.5,800.3,800,715.5,82,80,05.11.2021 17:03,32.3,9.4,0.75,05.11.2021 17:00,618.9,614.3,617,611.2,613.7,607.6,618.8,615.9,615.2,611.1,614.6,609.5,624.1,617.4,616.2,613.5,619.5,613.5,556,535.6,618.9,614.3,617,611.2,613.7,607.6,618.8,615.9,615.2,611.1,614.6,609.5,624.1,617.4,616.2,613.5,619.5,613.5,556,535.6,248192551,5.11.2021 17:56,0.04,1,
05.11.2021 16:57,14,05.11.2021 17:00,168,524.8,499.9,31.5,65.4,536.8,510,39.4,14.5,547.1,515.1,44.1,6.2,566.8,534.9,28.1,9.7,594.9,555.9,27.1,0,630,600.4,29,3.4,633.3,633.3,9.3,21.4,632.8,633,11.8,23.3,659,664,649.1,637,633,631,631,636.1,651,671,680,681.9,632.1,10,659,664.1,649,637.1,633.1,631.1,631,636,651.1,671.1,680,682,632,4,659.1,664,649,637,633,631,631,636,651.1,671,680,681.9,632,41.8,05.11.2021 17:00,577.9,577.9,05.11.2021 17:00,468.6,468.7,603.1,602.9,486.8,772.7,772.4,801,800.6,715.4,82,80,05.11.2021 17:03,32.23,8.83,0.72,05.11.2021 17:01,619.6,614.8,617.9,614.1,614.4,608.8,619.1,615.8,615,612.9,613.5,609,624.1,618.5,617,614.3,618.7,612.1,557.8,537.5,619.6,614.8,617.9,614.1,614.4,608.8,619.1,615.8,615,612.9,613.5,609,624.1,618.5,617,614.3,618.7,612.1,557.8,537.5,248192584,5.11.2021 17:57,-0.04,1,
05.11.2021 16:59,10,05.11.2021 17:02,168,527.4,506,6.6,5.2,534.7,511.3,58.5,1.7,550.4,520,12,0,567.2,538.9,23.9,0,592.9,559,45.3,0,627.5,602.9,52.1,0,633.6,634.8,6.3,5.8,632.8,633.9,11.7,13.6,658.8,663.9,649.1,637.1,633,631.1,631.1,635.9,651.1,671.1,680.1,682.2,632.4,6.9,658.9,663.9,649,637,632.9,630.9,631,635.9,650.9,671,679.9,681.9,631.9,5,659.1,664.1,649,637.1,633.1,631.1,631.1,635.9,651,670.9,679.9,681.9,631.9,0,05.11.2021 17:02,577.9,577.9,05.11.2021 17:02,471.3,471.3,606.5,606.3,486.5,769.1,768.7,800.3,800,715.6,83,80,05.11.2021 17:05,32.45,9.17,0.73,05.11.2021 17:03,619.8,616.4,619.3,613.2,616.2,611,620.7,618.5,617,612.8,615.9,611.6,624.8,619.6,617.3,613.8,619,612.2,557,537.7,619.8,616.4,619.3,613.2,616.2,611,620.7,618.5,617,612.8,615.9,611.6,624.8,619.6,617.3,613.8,619,612.2,557,537.7,248192716,5.11.2021 17:59,0.24,0,
05.11.2021 17:14,14,05.11.2021 17:17,168,524.4,494.4,36.7,100,536.9,509.9,35,11.4,546.7,519.1,43.5,0,566.4,536.9,30.5,0,595.6,560.5,19.4,0,628.6,601.8,39.4,0,633.1,632.3,11.4,30.4,633.8,632.6,3,25.3,658.9,664,648.9,636.9,632.9,630.9,631,636,650.9,670.9,679.9,681.8,631.4,14.9,659.1,664.1,649.2,637,632.9,631,631,636,651,671,680.1,682.1,631.9,5,659.1,664.1,649,637.1,633.1,631,631.1,636,651,670.9,680,681.9,631.9,0,05.11.2021 17:17,578.02,578.02,05.11.2021 17:17,470.1,470.2,603.9,603.7,486.1,767,766.6,800.1,799.8,713.3,82,80,05.11.2021 17:20,32.33,9.03,0.7,05.11.2021 17:18,620.7,615.6,619.6,611.7,614.9,610,619.7,617.1,616.1,611.6,615.2,611.8,625.7,619.6,617.9,614.2,619.5,615.4,556.2,536.8,620.7,615.6,619.6,611.7,614.9,610,619.7,617.1,616.1,611.6,615.2,611.8,625.7,619.6,617.9,614.2,619.5,615.4,556.2,536.8,248193925,5.11.2021 18:14,0.11,1,
05.11.2021 17:20,14,05.11.2021 17:23,168,524.3,499,37.3,72.3,537.1,510,35,14.9,547.3,514.8,40.6,8.8,566.4,535.2,31.4,7.9,594.3,557.1,32.2,0,630,600.5,28,2.4,632.9,633.1,13.1,23.6,633.1,633.1,9,21.5,658.9,663.9,649,636.9,632.9,631,630.8,636,650.9,670.9,679.9,681.9,632,10.2,659.2,664.2,649.2,637.1,633,631,631.1,636,651.1,671.2,680.1,682.1,632.1,3.3,659.1,664.1,649.1,637.1,633,631.1,631,636,651.1,671.1,680,682,632.1,0,05.11.2021 17:23,577.94,577.94,05.11.2021 17:24,471.7,471.8,604.9,604.6,486.7,769.8,769.5,800.6,800.3,714.6,83,80,05.11.2021 17:26,32.52,9,0.69,05.11.2021 17:24,620.8,615.8,618.8,615,615.2,609.4,620.5,617.6,616.6,613.8,614.6,610.4,625.6,620.7,618.7,615.2,617.8,613.6,557.7,539,620.8,615.8,618.8,615,615.2,609.4,620.5,617.6,616.6,613.8,614.6,610.4,625.6,620.7,618.7,615.2,617.8,613.6,557.7,539,248194319,5.11.2021 18:20,0.3,0,
05.11.2021 17:21,15,05.11.2021 17:24,168,524.1,499.6,39,66.9,537,510.1,36.2,14,547.3,515,40.8,7,566.3,535.2,32.4,7.6,594.4,557.1,31.3,0,629.9,600.5,29.1,2.2,632.8,633,14.1,24.5,632.9,632.9,10.9,23.4,659.1,664.1,648.9,636.9,632.9,630.9,631,636,650.9,670.9,679.9,681.9,632,10.2,659,664,649.3,637.1,633.2,631.2,631.2,636.1,651.2,671.1,680.1,682.1,632.1,3.3,659,664,649,637,633,631,631.1,636.1,651.1,671,680,682.1,632.1,28.5,05.11.2021 17:24,577.94,577.94,05.11.2021 17:24,469.6,469.8,602.7,602.5,486.3,772.7,772.3,801.6,801.3,715.1,82,80,05.11.2021 17:27,32.33,9.1,0.7,05.11.2021 17:25,620.2,615.2,618.7,611.4,614.6,610,619.5,616.6,615.8,612.1,616.3,612.4,624.2,620.2,618.5,613.4,619.1,614.8,558.1,536.1,620.2,615.2,618.7,611.4,614.6,610,619.5,616.6,615.8,612.1,616.3,612.4,624.2,620.2,618.5,613.4,619.1,614.8,558.1,536.1,248194380,5.11.2021 18:21,0.28,0,
05.11.2021 17:22,14,05.11.2021 17:25,168,524.8,499.7,32.4,66,536.4,510.2,41.9,13,546.8,515,45.7,7,567.1,535.2,25,7.5,595.2,557,23.7,0,630.1,600.4,27.3,3.1,633.2,633.2,10.4,22.7,633,632.8,10,24.5,659,664,648.9,636.8,632.9,630.8,630.9,635.8,650.8,670.9,680,682,632,10.2,659.2,664.1,649.2,637.3,633.1,631.1,631.2,636.1,651,671.2,680.1,682.1,632,4.2,658.9,664,649.1,637.1,633,631.1,631.1,636.1,651.3,671.1,680.3,682.2,632,14.4,05.11.2021 17:25,577.94,577.94,05.11.2021 17:25,468.4,468.5,601.6,601.3,486.1,772.5,772.1,801.5,801.1,715.3,82,80,05.11.2021 17:28,32.42,9.15,0.7,05.11.2021 17:25,621.1,616.2,620.6,610.1,615.7,611.2,619.8,617,616.3,611,615.1,611.9,625.9,619.5,617.9,613.2,619.7,615.4,559.1,536.2,621.1,616.2,620.6,610.1,615.7,611.2,619.8,617,616.3,611,615.1,611.9,625.9,619.5,617.9,613.2,619.7,615.4,559.1,536.2,248194408,5.11.2021 18:21,-0.03,1,
05.11.2021 17:22,14,05.11.2021 17:25,168,523.9,499.5,40.9,67.9,536.8,510.2,38.2,12.9,547.2,515.1,42,6,566.4,535,31.5,9.3,594.6,557,29.5,0,629.7,600.3,31.1,4,632.9,633.1,13.3,23.6,632.9,632.8,10.9,24.6,659.1,664,649,637,632.9,631,631,635.9,651,671,680,682,631.9,11.2,658.9,664,649,637,633.1,631.1,631.2,636,651.2,671.1,680.1,682,632.1,3.3,658.9,664,648.9,637.1,633,631,631.1,636,651.1,671,680.1,682.1,632.1,0,05.11.2021 17:25,577.9,577.9,05.11.2021 17:25,467.2,467.4,600.6,600.3,485.8,770.8,770.4,800.9,800.5,715,82,79,05.11.2021 17:28,32.13,9.1,0.69,05.11.2021 17:26,620.4,615.8,620.7,612.8,615.3,610.9,619.5,616.3,616.5,612.4,615.9,612.6,624.8,618.5,616.1,612.8,618.5,615.2,560.2,534.6,620.4,615.8,620.7,612.8,615.3,610.9,619.5,616.3,616.5,612.4,615.9,612.6,624.8,618.5,616.1,612.8,618.5,615.2,560.2,534.6,248194441,5.11.2021 18:22,0.04,1,
05.11.2021 17:23,14,05.11.2021 17:26,168,524.6,499.4,34.3,68.9,536.6,510.1,40.2,13.7,546.8,515.1,45.9,6,566.9,534.9,27,10.2,594.9,556.9,26.6,0,630.3,600.4,25.5,3.1,633.1,633.1,11.4,23.6,632.8,632.8,11.9,24.8,659,664,648.9,637,633,630.8,630.9,636,651,671,680,682.1,631.9,11.3,659,664,649,637.1,633,631.1,631.1,636,651.1,671.2,680.1,682,632.1,3.2,659,664,649,636.9,633,631.1,631.1,636,651,671,679.9,682,632.1,0,05.11.2021 17:26,577.9,577.9,05.11.2021 17:26,469.9,470,604.1,603.9,485.8,768.9,768.5,800.2,799.9,714.6,82,80,05.11.2021 17:29,32.52,9.11,0.7,05.11.2021 17:26,621.1,615.4,619.5,613.5,615.3,608.9,620.4,617.6,616.5,613.1,614.5,610.7,626.1,620.7,618.7,614.6,618.2,613.3,558.3,536.7,621.1,615.4,619.5,613.5,615.3,608.9,620.4,617.6,616.5,613.1,614.5,610.7,626.1,620.7,618.7,614.6,618.2,613.3,558.3,536.7,248194469,5.11.2021 18:22,0.21,0,
05.11.2021 17:24,15,05.11.2021 17:27,168,524.5,499.6,35.3,67.3,536.9,510,37.5,14.6,546.7,514.9,46.9,7.8,566.8,534.7,28,12.2,594.9,556.7,26.7,0,630,600.2,28.4,5,633,633,12.3,24.6,632.7,633.1,12.8,22,659,664,648.9,637,632.9,630.9,631,635.9,651,671.1,680.1,682.1,631.8,12.4,658.9,663.9,649.2,637,633,631.2,631.2,636.2,651.1,671,680,682,632.1,3.2,659,664,648.9,637,633,631,631.1,636.2,651,671,680,682,632.1,0,05.11.2021 17:27,577.9,577.9,05.11.2021 17:27,472.5,472.6,605.3,605.1,486.3,773.3,773,801.7,801.4,715.3,82,80,05.11.2021 17:30,32.45,9.13,0.69,05.11.2021 17:27,620.1,615.2,619.1,611.4,614.6,609.3,619.4,615.9,615.5,612.8,614.2,610.5,625.3,619.4,616.7,613.7,618.9,614.3,558,534.4,620.1,615.2,619.1,611.4,614.6,609.3,619.4,615.9,615.5,612.8,614.2,610.5,625.3,619.4,616.7,613.7,618.9,614.3,558,534.4,248194530,5.11.2021 18:23,-0.02,1,
05.11.2021 17:24,14,05.11.2021 17:27,168,525,499.7,30.4,66.3,536.4,510,42.3,14.6,547.1,514.9,43.3,7.9,566.6,534.8,29.9,11.4,594.7,556.7,28.7,0,630.2,600.2,26.5,5.1,633.2,633,10.4,24.8,633.2,633.2,8.1,21.1,659,663.9,648.9,637,632.9,631.1,631,635.9,651,671.1,680.1,682.2,631.9,11.6,658.9,664,649.1,637.2,633.1,630.9,630.9,636,651.1,671,680,681.9,631.9,5.1,659,664,649,637,633,631,631,636,651,671,680,681.9,631.9,0,05.11.2021 17:27,577.9,577.9,05.11.2021 17:27,471.6,471.8,604.3,604,485.8,772,771.6,801.3,800.9,715.2,82,80,05.11.2021 17:30,32.3,9.15,0.72,05.11.2021 17:28,621.1,615.4,619,613.6,614.9,608.7,620.9,617.8,616.3,613,615.6,610.6,625.5,620,618,614.5,619.6,614.8,557.6,535.6,621.1,615.4,619,613.6,614.9,608.7,620.9,617.8,616.3,613,615.6,610.6,625.5,620,618,614.5,619.6,614.8,557.6,535.6,248194562,5.11.2021 18:24,0.03,1,
05.11.2021 17:25,14,05.11.2021 17:28,168,524.6,499.7,34.3,66.3,536.9,509.9,37.7,15.5,547.1,514.8,43.3,8.9,566.9,534.9,27.1,10.5,594.9,556.6,26.8,0,629.6,600.1,32.2,6.1,633.2,633,10.4,24.9,632.7,633.3,12.8,20.1,658.9,664,649,637,633,631,631,635.9,651,671,680.1,682.1,632,10.7,658.9,664,649.1,637,633,631.2,631.1,636,651.1,671,680,682,632,4.2,658.9,664,649,637,633,631,631,636,650.9,671,679.9,681.9,632,0,05.11.2021 17:28,577.9,577.9,05.11.2021 17:28,470.4,470.5,603.1,602.9,486,770.1,769.8,800.6,800.2,715.3,82,80,05.11.2021 17:31,32.45,9.15,0.7,05.11.2021 17:28,619.6,614.2,617.6,612.4,614.2,607.5,618.8,615.8,615.4,612.6,613.5,609.7,623.3,618.7,617.2,614.3,617.7,612.3,557,532.3,619.6,614.2,617.6,612.4,614.2,607.5,618.8,615.8,615.4,612.6,613.5,609.7,623.3,618.7,617.2,614.3,617.7,612.3,557,532.3,248194591,5.11.2021 18:24,0.04,1,
05.11.2021 17:25,14,05.11.2021 17:28,168,525.3,499.8,27.5,65.3,536.4,509.9,42.5,15.6,546.9,514.8,45.4,9,566.9,535,27.1,9.6,594.7,556.5,28.9,0,630.3,600.2,25.6,5.3,633.3,633,9.5,25,633.3,633.1,7.2,21.9,659,664,649,636.9,632.9,631,631,635.9,651,671,680,682.1,632,10.7,659.1,664,649.3,637,632.9,631,631,636,651,671,679.9,682,631.9,5.2,659.1,664,649,637,633.1,631,631,636,651,671,680,681.8,631.9,0,05.11.2021 17:28,577.9,577.9,05.11.2021 17:28,469.3,469.3,602,601.8,486.1,769.2,768.9,800.3,800,714.3,82,80,05.11.2021 17:31,32.45,9.22,0.7,05.11.2021 17:28,620.9,615.4,620.1,615,614.7,609.9,620.9,618.1,616.9,613.5,615.8,611.6,625.2,620.7,618.8,614.6,618.9,613.5,558,535.6,620.9,615.4,620.1,615,614.7,609.9,620.9,618.1,616.9,613.5,615.8,611.6,625.2,620.7,618.8,614.6,618.9,613.5,558,535.6,248194619,5.11.2021 18:24,0.29,0,
05.11.2021 17:26,14,05.11.2021 17:28,168,524.4,499.5,36.1,68.2,537.1,509.9,35.9,15.6,547.3,514.8,41.6,9,566.9,535,27.1,9.5,595,556.5,25.9,0,629.7,600.2,31.3,5.3,632.9,633.1,13.2,24.1,632.6,633,13.7,22.9,659,664,649,637,633,631,631,635.9,650.9,670.9,680,682,632,10.7,659.2,664.1,649.3,637.1,633,631.1,631.1,636,651,671.1,680,682.1,632,4.2,659.1,664,649.1,637,632.9,631,631.1,636,651.1,671,680,682,632,0,05.11.2021 17:29,577.9,577.9,05.11.2021 17:29,468,468.1,601,600.8,485.8,773.3,772.8,801.7,801.3,715.1,82,80,05.11.2021 17:32,32.52,9.28,0.7,05.11.2021 17:29,619.6,615.2,620.7,612.1,614.9,609.8,617.2,615.2,616.5,612.2,615.9,613.1,622.2,618.1,617,613.2,618.3,613.2,558.1,536.1,619.6,615.2,620.7,612.1,614.9,609.8,617.2,615.2,616.5,612.2,615.9,613.1,622.2,618.1,617,613.2,618.3,613.2,558.1,536.1,248194652,5.11.2021 18:25,0.4,0,
05.11.2021 17:26,15,05.11.2021 17:29,168,524.5,499.5,35.1,68.2,536.6,509.8,40.7,16.7,546.9,514.9,45.5,8.2,566.9,535.1,27.2,8.5,594.7,556.6,28.9,0,629.9,600.2,29.4,5.4,633.4,633.2,8.5,23.2,633.3,633,7.2,22.9,659,663.9,649,637,632.9,631,630.9,635.9,650.9,671,679.9,681.9,631.9,11.6,659,664,649.2,637.1,633,631.2,631.1,636,651.2,671.1,680,682,632,4.2,659,664,649,637,633,631,631.1,636,650.9,671,679.9,681.9,632,0,05.11.2021 17:29,577.9,577.9,05.11.2021 17:29,467.2,467.3,600.6,600.5,485.8,773.1,772.7,801.6,801.3,715.3,82,79,05.11.2021 17:32,32.45,9.09,0.7,05.11.2021 17:29,620,615,618.6,612.8,615,608.6,620.1,617,616.1,612.9,615.9,611,624.8,620,618,614.5,620,614,557.2,537.9,620,615,618.6,612.8,615,608.6,620.1,617,616.1,612.9,615.9,611,624.8,620,618,614.5,620,614,557.2,537.9,248194680,5.11.2021 18:25,0.22,0,
05.11.2021 17:26,14,05.11.2021 17:29,168,525.2,499.4,28.4,69.2,536.6,509.8,40.7,16.8,547.3,514.9,41.8,8.2,566.9,535.1,27.1,8.4,595.1,556.6,25,0,630.3,600.4,25.7,3.5,632.9,633.2,13.2,23.1,632.7,632.8,12.8,24.9,659,664,649,636.9,633,630.9,630.9,636,650.8,670.9,680,681.9,631.8,12.6,658.8,663.9,648.9,637,632.9,631,631,636,651.1,671,680,681.9,632.5,0,659,664,649.1,637,633,631.1,631,636,651.1,671,680,682.1,632.5,0,05.11.2021 17:30,577.9,577.9,05.11.2021 17:30,472.4,472.5,606,605.8,486.2,771.4,771,801,800.6,715,82,79,05.11.2021 17:33,32.3,9.44,0.71,05.11.2021 17:30,619.3,614.6,619,615.1,614.6,608.6,619.3,616.9,615.6,613,613.8,609.5,625.4,621.1,617.8,614.1,617.2,613.4,557.6,535.4,619.3,614.6,619,615.1,614.6,608.6,619.3,616.9,615.6,613,613.8,609.5,625.4,621.1,617.8,614.1,617.2,613.4,557.6,535.4,248194713,5.11.2021 18:26,0.23,0,
05.11.2021 17:27,15,05.11.2021 17:30,168,524.3,499.3,36.9,70.4,536.8,509.8,38.9,16.9,547,514.9,44.7,8.2,566.7,535.1,29,8.3,594.7,556.5,28.9,0,629.7,600.2,31.4,5.4,632.9,633.2,13.1,23.1,633.2,633,8.1,23.2,659,664.1,649,636.9,633,630.9,631,636,650.9,670.9,679.9,681.9,631.8,12.8,658.8,663.9,649,637,633,630.9,631.1,636,651.1,671,680,681.9,632.3,1.1,659,664,648.9,637,633,631,631,636,651.1,671,680.1,682.1,632.3,0,05.11.2021 17:30,577.9,577.9,05.11.2021 17:30,473.3,473.5,606.1,605.9,486.3,769.4,769,800.3,800,714.3,82,79,05.11.2021 17:33,32.45,9.24,0.71,05.11.2021 17:30,619.3,614.5,620.2,611.2,613.3,609.1,617,615.1,615.5,611.4,614,611.4,622.8,618.3,617,613.4,617.8,613.5,556.7,534.9,619.3,614.5,620.2,611.2,613.3,609.1,617,615.1,615.5,611.4,614,611.4,622.8,618.3,617,613.4,617.8,613.5,556.7,534.9,248194741,5.11.2021 18:26,0.25,0,
05.11.2021 17:27,14,05.11.2021 17:30,168,525,499.5,30.1,68.6,536.4,509.8,42.7,16.9,547.2,515,42.8,7.3,566.8,535,28.1,9.2,595,556.6,26.1,0,630.2,600.4,26.7,3.5,633.3,633.1,9.5,24.1,632.7,633,12.8,23.2,659.1,664.1,649,637,633.1,631,631,635.9,650.9,670.9,679.9,681.9,631.9,11.9,658.9,664,649,637.1,633,631,630.9,636,651.1,671,680.1,682,632.1,2.9,659,664,649,637,633,631,631,636,651.1,671,680.1,682,632.1,14.1,05.11.2021 17:30,577.9,577.9,05.11.2021 17:31,472.8,473,605.3,605.1,486.3,771.6,771.1,801.1,800.8,714.3,82,79,05.11.2021 17:34,31.89,9.37,0.71,05.11.2021 17:31,620.5,615.8,619.3,613.5,614.9,609.6,620.4,617.2,615.9,612.6,615,611.4,625.5,620.2,618.3,614.3,619.6,614.1,557.3,535.3,620.5,615.8,619.3,613.5,614.9,609.6,620.4,617.2,615.9,612.6,615,611.4,625.5,620.2,618.3,614.3,619.6,614.1,557.3,535.3,248194774,5.11.2021 18:27,0.11,1,
05.11.2021 17:28,14,05.11.2021 17:31,168,524.9,499.5,31,68.8,536.7,509.9,40,16.1,547,514.9,44.8,8.3,566.7,535,29,9.1,594.9,556.6,27,0,629.9,600.3,29.5,4.5,633,633,12.2,25.1,633.1,633,9.1,23.3,659.1,664.1,649,637,633,631,631,636,650.9,670.9,679.9,681.9,632,11,659.1,664,649.1,636.9,633,630.9,630.9,636,651,670.9,680,682,631.7,6.7,658.9,664,649,637,633.1,631.1,631,636,651,671,680.2,682.1,631.7,21,05.11.2021 17:31,577.9,577.9,05.11.2021 17:31,471.8,471.9,604.2,604,486.5,773.5,773.1,801.7,801.3,715.1,82,79,05.11.2021 17:34,32.01,9.35,0.71,05.11.2021 17:31,620.1,615.5,619.1,611.5,614.5,609.1,619.4,616.5,615.8,612.2,614.2,610.6,625,618.7,616.9,613.8,618.5,613.5,557.7,535.7,620.1,615.5,619.1,611.5,614.5,609.1,619.4,616.5,615.8,612.2,614.2,610.6,625,618.7,616.9,613.8,618.5,613.5,557.7,535.7,248194802,5.11.2021 18:27,0.09,1,
05.11.2021 17:37,14,05.11.2021 17:40,168,516.2,494.4,23.4,100,533.6,516.6,28.5,0,546.8,524.3,45,0,567.4,541.4,22.5,0,595,562.9,0,0,620.4,600.7,43.8,0.6,632.3,631.7,19.1,30.5,632.6,632.1,11.5,29.5,659.1,664,648.8,636.8,632.8,630.8,630.8,635.7,650.7,670.7,679.9,681.9,631.1,15.5,659,663.9,649.2,636.9,633.2,631.1,631.1,636,651.1,671.1,680,682.1,632.1,3.1,659,664,649,637,633.1,631.1,631.1,636,651,670.9,680,682.1,632.1,12.6,05.11.2021 17:40,578.2,578.2,05.11.2021 17:40,469.7,469.8,604.7,604.6,485.9,772.1,771.8,801.6,801.2,714.1,82,80,05.11.2021 17:43,32.62,9.74,0.78,05.11.2021 17:40,622.9,618,621.7,615.2,617.9,613.9,622.9,620.7,618.5,615.1,619.6,615.9,626.6,621.7,620,616.4,619.8,616.3,557.2,540.2,622.9,618,621.7,615.2,617.9,613.9,622.9,620.7,618.5,615.1,619.6,615.9,626.6,621.7,620,616.4,619.8,616.3,557.2,540.2,248195360,5.11.2021 18:36,0.18,1,
05.11.2021 17:37,14,05.11.2021 17:40,168,515.3,495.4,40,100,532.8,516.1,45.1,0,546.9,522.9,44.3,0,565.9,540,36.4,0,590.1,561.7,55.2,0,624.5,600.4,13.6,3.2,633.5,632.3,7.8,25.5,633,632.6,8.1,25.3,659,664,648.8,636.8,632.8,630.8,630.8,635.9,650.8,670.8,679.9,682,631.1,16,658.8,663.9,649,637.1,633,631,631,636,651.1,671,680,681.9,632,4,659,664,648.9,637.1,633.1,631.1,631,636,651.1,671,680.1,682,632,0,05.11.2021 17:40,578.17,578.17,05.11.2021 17:40,471.1,471.2,605.3,605.1,486.1,770.5,770,801,800.6,714,82,80,05.11.2021 17:43,32.23,9.16,0.69,05.11.2021 17:41,622.7,618,621.5,613.4,616.3,611.7,622.1,619.4,619.1,614.1,616.9,613.1,626.1,621.7,620.1,615.8,620.7,616.9,556.6,538.8,622.7,618,621.5,613.4,616.3,611.7,622.1,619.4,619.1,614.1,616.9,613.1,626.1,621.7,620.1,615.8,620.7,616.9,556.6,538.8,248195393,5.11.2021 18:37,0.16,1,
05.11.2021 17:38,14,05.11.2021 17:41,168,518.3,497.6,20.3,85.8,534,515.4,41.9,0,546.9,521.7,44.3,0,567.5,539.1,21.7,0,595.8,561.5,9.6,0,623.2,599.8,34.7,9.1,632.9,632.5,13.6,24,632.5,632.7,12.7,24.5,659,664,648.9,636.8,632.8,631,630.8,635.8,650.8,670.9,680,682.1,631.4,13.6,659,663.9,649.2,637.1,633,631.2,631.3,636.1,651.1,671.1,680,682,632.6,0,659,664,649,637.1,633,631,631.1,636.1,651.1,671.1,680,681.9,632.6,0,05.11.2021 17:41,578.11,578.11,05.11.2021 17:41,470.6,470.7,604.5,604.3,486.3,768.6,768.2,800.3,800,713.5,82,80,05.11.2021 17:44,32.3,9.2,0.69,05.11.2021 17:41,623.5,618.6,621.5,613.7,617.8,613.2,623.1,620.9,618.4,613.7,619.3,615,626.9,621.1,619.3,615.9,620.9,616.8,557.4,539,623.5,618.6,621.5,613.7,617.8,613.2,623.1,620.9,618.4,613.7,619.3,615,626.9,621.1,619.3,615.9,620.9,616.8,557.4,539,248195421,5.11.2021 18:37,0.27,0,
05.11.2021 17:38,15,05.11.2021 17:41,168,517.5,499.4,36.5,69.5,535.6,514.8,35.8,0,546.9,520.6,44.6,0,565.9,538.1,36.5,0,592.9,560.7,46.2,0,625.1,599.7,25.4,10.3,632.9,632.6,13.6,23.4,633.2,633.1,6.3,20.9,659,663.9,648.9,636.8,632.9,630.9,630.8,636,650.8,670.9,679.9,682,631.6,12,658.9,664,649,637.1,633.1,631.1,631.2,636.1,651.1,671.1,680,681.9,631.9,4.7,658.9,664,649.1,637.1,633.2,631.1,631,636.1,651,671,680,682,631.9,0,05.11.2021 17:41,578.11,578.11,05.11.2021 17:41,469.5,469.6,603.4,603.2,486.1,770.8,770.3,801.1,800.7,713.7,82,80,05.11.2021 17:44,32.42,9.24,0.69,05.11.2021 17:41,622.9,618.3,621.8,614.6,617.3,612.4,622.4,620.5,618.8,614.2,619.3,614.6,626.8,621.2,619.5,615.2,619.6,615.7,558.1,540.6,622.9,618.3,621.8,614.6,617.3,612.4,622.4,620.5,618.8,614.2,619.3,614.6,626.8,621.2,619.5,615.2,619.6,615.7,558.1,540.6,248195450,5.11.2021 18:37,0.37,0,
05.11.2021 17:39,14,05.11.2021 17:41,168,519.1,501.1,29.9,53.1,535.6,514.1,44.4,0,546.8,519.9,45.5,0,567.8,537.6,19,0,596.4,560.5,13.8,0,625.8,599.8,27.6,9.7,633.3,632.7,9.8,22.7,632.3,633,14.7,21.8,659,663.9,648.9,636.8,632.8,631,630.8,635.9,650.9,670.8,679.9,682.1,631.8,10.3,658.9,664,649.1,637.1,633,631.1,631.1,635.9,651.1,671.1,680,682,631.7,6.7,659,664,649,637.1,633,631,631,635.9,651.1,671,680,682,631.7,8.7,05.11.2021 17:42,578.11,578.11,05.11.2021 17:42,468.3,468.5,602.3,602.1,485.9,772.9,772.6,801.8,801.5,714.1,82,80,05.11.2021 17:45,32.3,9.15,0.69,05.11.2021 17:42,621.7,617.1,621.5,613.3,615.3,610.7,620.2,617.2,618.1,613.4,617.1,613.2,626.1,618.2,617.1,613.6,620,615.8,556.8,535.5,621.7,617.1,621.5,613.3,615.3,610.7,620.2,617.2,618.1,613.4,617.1,613.2,626.1,618.2,617.1,613.6,620,615.8,556.8,535.5,248195482,5.11.2021 18:38,-0.06,1,
05.11.2021 17:39,14,05.11.2021 17:42,168,519.9,501.6,30.9,47.4,537,513.4,37,0,547.2,519.1,42,0,565.6,536.7,39.5,0,593.8,559.9,39,0,626.5,600,29.7,8.1,633,632.7,12.7,22.9,633.4,633,4.6,21.9,658.9,663.9,648.9,636.9,632.9,630.8,630.7,635.8,650.8,670.7,680,682,632,8.4,659,663.9,649.2,637.1,633.1,631.1,631,636,651,671,680,682,631.8,5.9,658.9,664,649,637,633,631,631,636,651.1,671,679.9,681.9,631.8,26.2,05.11.2021 17:42,578.05,578.05,05.11.2021 17:42,467.1,467.1,601.1,600.9,486,771.7,771.3,801.4,801,714.5,82,80,05.11.2021 17:45,32.45,9.2,0.7,05.11.2021 17:42,622.1,616.5,620.7,613.2,616.1,612.1,620.9,618.3,617.6,613.5,616.4,613.9,625.6,620.2,619.3,615.5,619,614.6,556.6,537.5,622.1,616.5,620.7,613.2,616.1,612.1,620.9,618.3,617.6,613.5,616.4,613.9,625.6,620.2,619.3,615.5,619,614.6,556.6,537.5,248195511,5.11.2021 18:38,0.22,0,
05.11.2021 17:39,14,05.11.2021 17:42,168,520.4,501.3,35.2,49.2,536.5,512.7,41.5,0,546.6,518.4,47.6,0,568,536.4,17.2,0,595.7,559.7,20.4,0,627.5,600.4,29.1,4.4,633,632.6,12.7,24.1,632.2,632.7,15.9,24.8,658.9,663.9,648.9,636.8,632.9,630.8,630.8,635.9,650.8,670.8,679.9,682,631.9,9.4,658.9,663.9,649.1,637,633.1,631.1,631.1,636,651,671,679.9,682,632,4.1,659,664,649,636.9,632.9,630.9,630.9,636,650.9,671,679.9,681.9,632,29.8,05.11.2021 17:42,578.05,578.05,05.11.2021 17:43,466.1,466.3,600.6,600.5,485.4,769.9,769.5,800.7,800.3,714.1,82,80,05.11.2021 17:46,32.13,9.22,0.69,05.11.2021 17:43,622,616.9,621,616.5,616.2,611.2,622,619.7,617.8,615.4,616,612.7,625.3,620.3,618.5,615.6,619.4,615.9,558.6,540.3,622,616.9,621,616.5,616.2,611.2,622,619.7,617.8,615.4,616,612.7,625.3,620.3,618.5,615.6,619.4,615.9,558.6,540.3,248195543,5.11.2021 18:39,0.31,0,
05.11.2021 17:40,14,05.11.2021 17:43,168,521.5,500.5,33.5,56.1,536.8,511.9,38.9,0,547.3,517.8,41.3,0,565.7,535.7,38.7,2.3,594.6,559.4,31.4,0,628,600.6,33,2.4,633.3,632.7,9.9,23.4,633.4,632.7,4.7,25,658.9,663.9,648.9,636.9,632.9,631,630.9,635.9,650.8,670.8,679.9,681.9,631.7,11.3,658.9,663.8,649.1,637,633,631.1,631.1,636,650.9,670.9,680,682,632.3,1.1,659.2,664.1,649.1,637.1,633,631,631,636,651,671,680,681.9,632.3,8.6,05.11.2021 17:43,578.05,578.05,05.11.2021 17:43,470.7,470.8,605.3,605.1,485.9,769,768.6,800.2,800,713.6,82,80,05.11.2021 17:46,32.52,9.45,0.71,05.11.2021 17:43,623.9,618.5,621.5,615.7,616.2,610.9,622.4,618.8,617.9,614.3,615.6,612.8,627.7,623.3,619.8,615.9,619.3,615.6,557.2,538.8,623.9,618.5,621.5,615.7,616.2,610.9,622.4,618.8,617.9,614.3,615.6,612.8,627.7,623.3,619.8,615.9,619.3,615.6,557.2,538.8,248195572,5.11.2021 18:39,0.34,0,
05.11.2021 17:40,14,05.11.2021 17:43,168,521.8,499.4,39.4,66.3,536.7,511.2,39.8,2.9,546.6,517.3,47.9,0,567.9,535.5,18.1,3.8,595.5,559.1,22.2,0,629,600.9,32.6,0,632.8,632.7,14.6,23.6,632.3,632.6,15.1,26.3,658.9,663.9,648.8,636.8,632.8,630.9,630.8,635.7,650.7,670.7,679.9,682,631.6,12.4,659,664,649.1,637.1,632.9,631,631,635.9,651,671,679.9,681.9,632.3,1,659,663.9,648.9,636.9,632.9,630.9,631,635.9,651,670.9,679.9,681.9,632.3,0,05.11.2021 17:43,578.05,578.05,05.11.2021 17:44,471.7,471.8,605.6,605.4,486.3,772.8,772.5,801.6,801.3,714.4,82,79,05.11.2021 17:47,32.52,10.82,0.9,05.11.2021 17:44,622.3,616.6,620.3,612.1,615.8,610.8,621.3,618.3,617,612.6,616.2,611.9,626.3,621.4,618.8,614.4,620.4,615.6,556.7,538.2,622.3,616.6,620.3,612.1,615.8,610.8,621.3,618.3,617,612.6,616.2,611.9,626.3,621.4,618.8,614.4,620.4,615.6,556.7,538.2,248195604,5.11.2021 18:40,0.16,1,
05.11.2021 17:41,14,05.11.2021 17:44,168,523.3,498.8,33.9,72.2,536.6,510.6,40.9,8.1,547.1,516.9,43.4,0,565.8,534.9,37.9,9.4,594.6,558.7,31.3,0,629.9,601,29,0,633.1,632.8,11.8,22.9,633.3,632.7,5.7,25.5,659,663.9,648.8,636.8,632.8,630.8,630.8,635.8,650.7,670.8,679.9,681.9,631.6,12.6,659.1,664,649,637,633.1,631.1,631,636,651.1,671,680,681.9,632.3,0.8,659,664,649.1,637.1,633,631,631,636,651.1,671.1,680.1,682,632.3,0,05.11.2021 17:44,578.05,578.05,05.11.2021 17:44,471.1,471.2,604.7,604.5,486.3,772.8,772.4,801.6,801.3,714.9,82,79,05.11.2021 17:47,32.52,10.73,0.91,05.11.2021 17:44,621.9,616.3,621,615.8,616.1,610.3,619.9,617.4,616.9,614.8,614.7,610.7,625.3,619.2,618.3,615.8,618.4,613.2,556.9,537,621.9,616.3,621,615.8,616.1,610.3,619.9,617.4,616.9,614.8,614.7,610.7,625.3,619.2,618.3,615.8,618.4,613.2,556.9,537,248195632,5.11.2021 18:40,0.16,1,
05.11.2021 17:41,15,05.11.2021 17:44,168,523.9,498.7,37.3,73.7,536.7,509.9,39.9,14.5,546.8,516.5,46.3,0,567.7,534.8,20,10.4,595.3,558.5,24,0,629.4,600.9,34,0,632.9,632.7,13.8,24,632.4,632.7,14.4,25.8,659,663.9,648.9,636.8,632.9,630.8,630.8,635.9,650.7,670.8,679.8,681.9,631.7,11.9,659.1,664.1,649.1,637.2,633.1,631.1,631.1,636.2,651.2,671.2,680.1,682.1,632.5,0,659.1,664,649,636.9,633,631,631,636.2,651.1,671.1,680.1,682.1,632.5,0,05.11.2021 17:44,578.05,578.05,05.11.2021 17:45,470,470.1,603.5,603.3,486.3,771,770.6,801,800.6,714.1,82,79,05.11.2021 17:48,32.62,10.91,0.91,05.11.2021 17:45,621.3,616.7,620.2,613.6,615.2,610.2,620.2,617.6,617.3,613.4,615,611.9,627,622.1,620,615,618.4,614.5,556.4,536.6,621.3,616.7,620.2,613.6,615.2,610.2,620.2,617.6,617.3,613.4,615,611.9,627,622.1,620,615,618.4,614.5,556.4,536.6,248195665,5.11.2021 18:41,0.32,0,
05.11.2021 17:42,14,05.11.2021 17:45,168,523.9,499.2,39.7,69.8,536.7,509,40,23.7,547,516,44.6,0,567.5,534.5,21.9,13.6,595.1,558.1,25.7,0,630,600.6,28.6,1.4,633,632.8,12.9,23.5,632.7,633,11.6,23.1,659.1,664,648.9,636.9,632.8,630.9,630.8,635.9,650.8,670.8,679.9,681.9,631.8,11.3,658.9,664,648.8,637,633,631.1,631,636,651,670.9,680.1,682,631.6,7.1,658.9,664,648.9,637,632.9,630.9,631,636,651.1,671.1,680,682,631.6,36.5,05.11.2021 17:45,578.05,578.05,05.11.2021 17:45,467.6,467.6,601.4,601.3,485.8,771.3,770.8,801.1,800.7,714.1,82,79,05.11.2021 17:48,32.52,10.03,0.86,05.11.2021 17:46,620.5,616.4,622.2,613.9,615.2,609.6,617.8,616.2,616.9,612.7,613.6,610.3,623,619.3,617.6,614.1,617.3,613.2,556.5,538.5,620.5,616.4,622.2,613.9,615.2,609.6,617.8,616.2,616.9,612.7,613.6,610.3,623,619.3,617.6,614.1,617.3,613.2,556.5,538.5,248195726,5.11.2021 18:42,0.26,0,
05.11.2021 17:43,14,05.11.2021 17:46,168,524.5,499.8,34.3,64.2,536.9,508.8,38.2,26.2,546.9,515.7,45.7,0.7,566.1,534.5,35.2,13.9,595.1,558.1,26.4,0,629.9,600.4,29.6,3.2,633.4,632.9,9,22.7,632.8,633,10.7,23.2,659,664,648.9,637,632.9,631,630.9,636,650.9,670.9,680,682,631.9,10.4,658.8,664,648.9,637,633,631,630.9,636,651,671,680,681.9,631.4,9.3,658.9,664,649,637,633.1,631,630.9,636,651.1,671,680.1,682,631.4,26.1,05.11.2021 17:46,578.05,578.05,05.11.2021 17:46,466.4,466.5,600.3,600.2,485.5,773.4,773,801.8,801.4,715,82,79,05.11.2021 17:49,32.57,10.25,0.89,05.11.2021 17:46,622.8,617.5,620.9,617.9,617.6,610.1,621.1,618.2,617.8,616,617.8,612.7,627,620.7,618.2,616.5,621.3,615.8,558.7,539,622.8,617.5,620.9,617.9,617.6,610.1,621.1,618.2,617.8,616,617.8,612.7,627,620.7,618.2,616.5,621.3,615.8,558.7,539,248195754,5.11.2021 18:42,0.18,1,
05.11.2021 17:43,14,05.11.2021 17:46,168,524.5,499.8,34.3,64.1,536.7,508.6,40,28.8,547,515.5,44.9,2.3,567.6,534.8,20.9,11.2,594.8,557.9,28.5,0,629.9,600.4,29.7,3.1,632.9,633,13.7,21.9,633,633.1,8.9,22.3,658.9,663.9,648.9,636.8,632.8,630.9,630.9,636,650.9,670.9,679.9,682,631.8,11.4,658.8,663.9,648.9,637,633,631,631,636,650.9,670.9,680,682,631.8,5.7,658.9,664,649.1,637.1,633.1,631,630.9,636,651,671,680,682,631.8,0,05.11.2021 17:46,578.05,578.05,05.11.2021 17:46,469.9,470,604.6,604.4,486,772.1,771.7,801.3,801,714.8,82,79,05.11.2021 17:49,32.62,10.17,0.9,05.11.2021 17:47,621.2,615.3,619.3,610,615.4,609.7,619.6,617,615.9,610.6,614.8,611.2,625.5,619.9,618.3,612.4,619.4,613.9,556.9,537.2,621.2,615.3,619.3,610,615.4,609.7,619.6,617,615.9,610.6,614.8,611.2,625.5,619.9,618.3,612.4,619.4,613.9,556.9,537.2,248195787,5.11.2021 18:43,0.17,1,
05.11.2021 17:44,15,05.11.2021 17:47,168,524.8,499.9,31.5,63,536.8,508.7,39.2,28.7,547.1,515.4,43.9,3,566.3,534.8,33.3,11.3,595.3,557.9,24.4,0,630.1,600.4,27.9,3.2,633.1,632.9,11.9,22.9,632.8,633,10.9,23.3,659,664,649,636.9,632.9,631,630.9,635.9,650.9,671,680,682.1,632,9.6,658.9,663.9,649,637.1,632.9,630.9,630.9,635.8,651,671,680,682,632.2,2,659,664,649,637.1,633.1,631,631.1,635.8,651.1,671,679.9,682,632.2,0,05.11.2021 17:47,578.05,578.05,05.11.2021 17:47,471.6,471.6,605.5,605.3,485.9,770.3,769.8,800.6,800.3,714.5,82,79,05.11.2021 17:50,32.52,10.3,0.89,05.11.2021 17:47,622,616.5,620.7,611.8,615.1,609.8,620.7,617.5,616.9,612.1,615,611,625.9,620.7,619.3,613.7,618.7,613.4,560.1,539.1,622,616.5,620.7,611.8,615.1,609.8,620.7,617.5,616.9,612.1,615,611,625.9,620.7,619.3,613.7,618.7,613.4,560.1,539.1,248195815,5.11.2021 18:43,0.12,1,
05.11.2021 17:44,14,05.11.2021 17:47,168,525.1,499.8,28.6,63.8,536.6,508.9,41,27.5,546.9,515.2,46,4.8,567.4,535,22.8,9.4,594.4,557.6,32.3,0,629.8,600.3,30.9,4.1,633.3,632.9,10,23.1,632.8,633,10.9,23.4,659,664,649,636.9,632.9,630.9,631,635.9,650.9,670.9,679.9,682.1,631.9,10.6,659,663.9,649,636.9,633,631.1,631,635.9,651,671,680,681.9,632.4,0,659,664,649,637,633,630.9,630.9,635.9,651,671,680,682,632.4,0,05.11.2021 17:47,578.05,578.05,05.11.2021 17:47,471.2,471.3,604.8,604.6,486,769.5,769.1,800.3,800,714.1,82,80,05.11.2021 17:50,32.52,10.22,0.88,05.11.2021 17:48,621.4,616.5,619.3,610,615.7,611.2,620.8,617.6,617,611.4,617.4,613.8,626.1,619.1,616.9,612.4,619,615.8,557.4,536.8,621.4,616.5,619.3,610,615.7,611.2,620.8,617.6,617,611.4,617.4,613.8,626.1,619.1,616.9,612.4,619,615.8,557.4,536.8,248195847,5.11.2021 18:44,0.19,1,
05.11.2021 17:45,14,05.11.2021 17:48,168,524.3,499.6,36.2,65.7,537,509.3,37.3,24.2,546.9,515.1,46.1,5.7,566.4,535,32.3,9.4,595.7,557.8,20.5,0,630,600.4,29,3.2,633.3,632.9,9.9,23.2,633.1,633.2,8.2,21.5,658.9,663.9,648.9,636.9,632.9,631,630.9,635.9,650.8,670.9,679.9,682,631.9,10.6,659.2,664.1,649.1,637.1,633,631.1,631,635.9,651,671,680,682,632.4,0,659.1,664,649,637,633,631,631,635.9,651,671,679.8,681.9,632.4,0,05.11.2021 17:48,578.05,578.05,05.11.2021 17:48,470.3,470.4,603.7,603.5,486.3,773.2,772.8,801.7,801.3,714.9,82,79,05.11.2021 17:51,32.52,10.25,0.89,05.11.2021 17:48,620.5,615.9,621.3,613.5,615.2,609.1,617.7,616.2,616.2,612.7,613.5,609.9,623.2,619.3,617.4,613.5,617.4,612.5,556.6,536.5,620.5,615.9,621.3,613.5,615.2,609.1,617.7,616.2,616.2,612.7,613.5,609.9,623.2,619.3,617.4,613.5,617.4,612.5,556.6,536.5,248195876,5.11.2021 18:44,0.44,0,
05.11.2021 17:45,14,05.11.2021 17:48,168,524.5,499.7,34.4,64.8,536.7,509.7,40.1,20.8,547,515,45.3,6.6,567.3,535.1,23.7,8.4,594,557.3,36.1,0,630.2,600.4,27.2,3.2,633.1,632.9,11.8,23.4,632.8,633,11,23.4,658.9,663.9,648.9,636.8,632.9,630.9,630.9,635.9,650.8,670.9,680,682.1,631.8,11.6,659.2,664.1,649.3,637.1,633.1,631.2,631.1,635.9,650.9,670.9,679.9,682,632.2,1.7,659,664.1,649,637,633,631,631,635.9,651,671,679.9,681.9,632.2,25.8,05.11.2021 17:48,578.05,578.05,05.11.2021 17:48,469,469.1,602.6,602.4,486.2,772.8,772.4,801.5,801.1,715.1,82,79,05.11.2021 17:51,32.57,10.21,0.88,05.11.2021 17:49,620.6,615.8,619.8,612.4,614.9,609.5,620.9,618.2,616.9,611.7,615.8,612.1,625.9,620.5,618.3,614.6,620.5,615.2,558,537.6,620.6,615.8,619.8,612.4,614.9,609.5,620.9,618.2,616.9,611.7,615.8,612.1,625.9,620.5,618.3,614.6,620.5,615.2,558,537.6,248195908,5.11.2021 18:45,0.19,1,
05.11.2021 17:46,14,05.11.2021 17:49,168,524.2,499.5,37.2,66.6,536.7,510.5,40.1,13,547.4,515.1,41.6,5.6,567.1,535.2,25.5,7.2,594,557.3,36.1,0,630.2,600.4,27.3,3.1,633,633,12.8,22.7,632.9,633,10.1,23.6,659,663.9,648.9,636.9,632.9,630.9,630.9,635.8,650.8,670.8,679.9,681.9,631.8,11.9,659,664.1,649.3,637.1,633.2,631.1,631,636,651.1,671,680,682.1,631.9,4.5,659.1,664,649,637,633,631,631.1,636,651,671.1,680.1,682.2,631.9,40.4,05.11.2021 17:49,577.95,577.95,05.11.2021 17:49,466.6,466.8,600.6,600.4,486.3,769.3,768.8,800.2,799.9,713.8,82,79,05.11.2021 17:52,32.13,10.29,0.93,05.11.2021 17:50,620.4,616.7,620.2,612.9,615.1,610.4,620,616.9,617.4,613.4,616.9,613,625.4,618.7,617.1,613.9,620.7,615.6,558,534.7,620.4,616.7,620.2,612.9,615.1,610.4,620,616.9,617.4,613.4,616.9,613,625.4,618.7,617.1,613.9,620.7,615.6,558,534.7,248195969,5.11.2021 18:46,0,1,
05.11.2021 17:47,14,05.11.2021 17:50,168,525,499.7,29.7,64.8,536.7,510.8,40.1,9.8,547.3,515.1,42.5,5.5,566.5,535,31.4,9.1,595.9,557.4,18.3,0,629.9,600.5,30.2,2.1,633.1,633.1,11.8,21.8,632.9,632.9,10.1,24.6,659,664,648.9,636.8,632.9,630.8,630.9,635.8,650.8,670.9,679.9,681.9,631.8,12,658.9,664,649.1,637.2,633.1,631.2,631.2,636.1,651.1,671,680,682,631.8,5.5,659.1,664,649,637,633,630.9,631.1,636.1,651.2,671.1,680,682.2,631.8,1.5,05.11.2021 17:50,577.95,577.95,05.11.2021 17:50,469.4,469.4,604.2,604,486.2,771.9,771.5,801.1,800.8,714.3,82,79,05.11.2021 17:53,32.84,10.35,0.89,05.11.2021 17:50,621.3,617.5,620.9,611,615.3,611.2,621.9,619.6,618.3,611.4,616.3,613,625.7,620.7,618.7,613.2,619.3,614.7,558.1,534.8,621.3,617.5,620.9,611,615.3,611.2,621.9,619.6,618.3,611.4,616.3,613,625.7,620.7,618.7,613.2,619.3,614.7,558.1,534.8,248195998,5.11.2021 18:46,0.06,1,
05.11.2021 17:47,14,05.11.2021 17:50,168,524.2,499.5,37.3,66.8,536.8,511.1,39.2,6.4,547.1,514.9,44.4,7.4,567,535,26.4,9,594.2,557.2,34.1,0,630.1,600.4,28.3,3,633.1,633,11.8,22.8,632.9,632.9,10.1,24.6,659.2,664.1,649,636.9,632.9,630.9,630.9,635.9,650.8,670.8,679.8,681.8,631.9,11.1,659.1,664,649,637.1,633.1,631.1,631.1,636,651.1,671,680.1,682.1,631.8,5.6,658.9,663.9,649,636.9,633.1,630.9,631,636,651,671,680,682.1,631.8,0,05.11.2021 17:50,577.95,577.95,05.11.2021 17:50,472.3,472.4,606.3,606.1,486.5,773.6,773.2,801.7,801.4,715.4,82,79,05.11.2021 17:54,32.52,10.33,0.89,05.11.2021 17:50,620.9,615.7,620.3,610.8,615.6,611,620.5,616.8,616.2,611,614.8,612.3,626.3,621.2,618.5,613.5,620.2,614.1,560.8,537.2,620.9,615.7,620.3,610.8,615.6,611,620.5,616.8,616.2,611,614.8,612.3,626.3,621.2,618.5,613.5,620.2,614.1,560.8,537.2,248196026,5.11.2021 18:46,0,1,
05.11.2021 17:48,10,05.11.2021 17:51,168,527.3,505.5,7.8,7.5,535,512.2,55.4,0,550.6,519.9,10.5,0,567.7,538.9,19.5,0,593.3,560.2,42.3,0,627.6,602.8,51.4,0,633.7,634.6,6,6.4,632.7,633.6,11.9,17.2,658.9,664,649,636.9,632.9,630.8,630.9,635.9,651,671,680,682.1,632.4,6.3,659.1,664,649,637.1,633.1,631,631,636,651.1,671,680,682,631.8,5.7,659.1,664.1,649.1,637,633,631.1,631,636,651.1,671,680,681.9,631.8,0,05.11.2021 17:51,578.05,578.05,05.11.2021 17:51,470.1,470.2,603.7,603.5,486,768.3,767.9,800.4,800,715.3,82,79,05.11.2021 17:54,32.62,10.26,0.89,05.11.2021 17:52,620.5,616.7,621.1,612.6,615.3,610.9,620.9,618.4,618.2,613.2,617.6,613.7,624.8,619.9,618.5,614.6,619.4,616,557.4,535.7,620.5,616.7,621.1,612.6,615.3,610.9,620.9,618.4,618.2,613.2,617.6,613.7,624.8,619.9,618.5,614.6,619.4,616,557.4,535.7,248196100,5.11.2021 18:48,0.3,0,
05.11.2021 17:49,14,05.11.2021 17:52,168,523.3,503.2,46.3,26.6,538.9,512.2,19.9,0,545.1,519,62.6,0,566.3,538.2,33.5,0,597.3,560.4,5.6,0,631.1,602.7,18,0,633.2,633.7,10.9,14.3,633.6,633.3,3.9,19.9,658.9,663.9,649.1,637.1,633,631.1,631,636,651,671,680,682.1,632.4,6.1,658.9,663.8,649.1,637,633,631.2,631,636,651.2,671,680.1,682,631.9,4.9,659,664,649,637,633,631,630.9,636,651,671,679.9,681.9,631.9,8.6,05.11.2021 17:52,578.05,578.05,05.11.2021 17:52,468.8,468.9,602.5,602.3,486.1,770.1,769.6,801,800.6,714,82,79,05.11.2021 17:55,32.72,10.05,0.88,05.11.2021 17:52,622.6,616.9,620,613.4,615.4,609.6,621.8,618.9,617.4,613.4,616.8,612.5,626.5,621,618.7,614.5,619.8,615.7,558.8,539.4,622.6,616.9,620,613.4,615.4,609.6,621.8,618.9,617.4,613.4,616.8,612.5,626.5,621,618.7,614.5,619.8,615.7,558.8,539.4,248196129,5.11.2021 18:48,0.33,0,
05.11.2021 17:49,14,05.11.2021 17:52,168,525.3,500.7,26.9,48.7,534.8,512,57.7,0,547.9,518.6,36.5,0,567.4,537.6,22.6,0,593.2,559.3,43.9,0,630.1,602.1,28.2,0,632.7,632.5,15.5,25.6,632,632.5,18.8,27.5,658.9,663.9,649,636.9,632.9,630.8,630.9,635.9,650.9,670.9,680,682,632.2,7.8,658.9,664,649,637,633,631,631,636,651,671,680,681.9,631.9,5,659.2,664.1,649.1,637,633,630.9,630.9,636,651,671,680,681.9,631.9,58.1,05.11.2021 17:52,578.05,578.05,05.11.2021 17:52,467.5,467.6,601.4,601.2,486,772.5,772.1,801.8,801.5,714.7,82,80,05.11.2021 17:55,32.84,10.32,0.92,05.11.2021 17:53,619.8,615.6,621.2,614.6,614.8,609.1,617.2,615.8,616.1,613,613.7,610.4,622.7,618.5,617.2,614,617.4,613.4,558.3,538.5,619.8,615.6,621.2,614.6,614.8,609.1,617.2,615.8,616.1,613,613.7,610.4,622.7,618.5,617.2,614,617.4,613.4,558.3,538.5,248196161,5.11.2021 18:49,0.23,0,
05.11.2021 17:50,15,05.11.2021 17:53,168,524.4,496.8,35.8,86.9,535.3,511.1,53.2,4.7,547,517.2,45,0,567.6,536.2,20.7,0,592.9,558.4,47.3,0,631.6,601.3,14,0,632.7,632.2,15.7,29.5,632.2,632.4,17.1,29.1,659,663.9,648.9,636.9,632.9,631,630.9,635.9,650.9,670.8,679.9,682,631.8,11.6,659,664,648.9,637,633.1,631,630.9,636,651,670.9,679.9,681.9,632.1,3,659,664,649.1,637.1,633.1,631.1,631,636,651.1,671.1,680.2,682.1,632.1,9.7,05.11.2021 17:53,578.05,578.05,05.11.2021 17:53,470.3,470.5,605.5,605.3,485.8,769.6,769.1,800.6,800.3,714.3,82,79,05.11.2021 17:56,32.54,10.58,0.91,05.11.2021 17:53,623.2,618.1,621.9,612.8,617.8,611.6,621.1,617.6,618.2,612.5,615.8,612.1,626.8,620.2,617.6,612.7,620.2,614.7,558,536.6,623.2,618.1,621.9,612.8,617.8,611.6,621.1,617.6,618.2,612.5,615.8,612.1,626.8,620.2,617.6,612.7,620.2,614.7,558,536.6,248196218,5.11.2021 18:49,0.18,1,
05.11.2021 17:51,14,05.11.2021 17:53,168,524.6,496.5,34.2,91.5,538,510.8,27.9,7,547.4,516.7,41.1,0,566.1,535.5,35.3,4,597.5,558.7,4.4,0,628.4,600.6,44,0.9,633.5,632.6,8.1,26.2,633.7,632.8,2.9,25.6,659.1,663.9,649,637,632.9,630.9,630.9,635.9,650.9,670.8,679.8,681.8,631.6,13.7,659.2,664.1,649,637,633,631.1,631.1,636,651,670.9,680,682,632.2,2,659,664.1,649,637.1,633,631,630.9,636,651.1,671.1,680.1,682.1,632.2,0,05.11.2021 17:54,578.05,578.05,05.11.2021 17:54,473.8,473.8,607.6,607.4,486.3,768.9,768.6,800.5,800.1,714.3,82,79,05.11.2021 17:57,32.62,9.92,0.88,05.11.2021 17:54,622.8,618.1,621.1,612.3,617,611.8,621.7,619.1,618.8,612.8,617.8,613.5,626.8,622.4,620.4,614.6,621.4,617.1,558.2,536.5,622.8,618.1,621.1,612.3,617,611.8,621.7,619.1,618.8,612.8,617.8,613.5,626.8,622.4,620.4,614.6,621.4,617.1,558.2,536.5,248196250,5.11.2021 18:50,0.25,0,
05.11.2021 17:53,14,05.11.2021 17:56,168,524.7,501.7,32.7,42.6,538.5,509.7,22.7,17,546.4,516.2,50.1,0,568.3,535.3,14.7,5.3,597.5,558.4,3.5,0,630.5,600.6,23.9,0.4,633.5,633.3,8,19.3,633.3,633,6.5,23.5,658.9,663.9,648.9,636.9,632.9,631,630.9,635.9,651,671,680,682,632.1,9.4,659,664,649.2,637.1,633,631.1,631.1,636,651.2,671.1,680,682,631.8,5.8,659.1,664,649,637,633,631,631,636,651.1,671,679.9,681.9,631.8,0,05.11.2021 17:56,577.95,577.95,05.11.2021 17:56,469.6,469.8,603.1,602.9,486,769,768.6,800.4,800.1,714.4,82,80,05.11.2021 17:59,32.3,9.9,0.87,05.11.2021 17:56,621,615.6,617.8,609.7,614.7,608.7,621,618.3,616.7,611.9,615,611.2,625.3,620.2,617.9,613.3,619.3,614.2,557.9,537,621,615.6,617.8,609.7,614.7,608.7,621,618.3,616.7,611.9,615,611.2,625.3,620.2,617.9,613.3,619.3,614.2,557.9,537,248196383,5.11.2021 18:52,0.34,0,
05.11.2021 17:54,14,05.11.2021 17:57,168,524.9,498.2,30.9,75.3,536.9,509.7,37.7,17.9,546.9,514.9,45.5,7.1,567.5,534.5,22.1,13.3,597.6,557.6,2.5,0,628.6,600,42.3,6.3,633.1,632.9,11.8,23.8,632.7,633,12.2,24,659.1,663.9,649,636.9,632.9,630.9,631,636,650.9,670.9,680,681.9,631.9,11.5,658.9,664,649,637,633.1,631.2,631.1,636,651.1,671.2,680,682,632,4.1,658.9,663.9,648.9,636.9,632.8,630.9,631,636,651.1,671.1,680.1,682.2,632,0,05.11.2021 17:58,577.95,577.95,05.11.2021 17:58,472.1,472.1,606.5,606.3,486.5,769.2,768.8,800.3,800,714.4,82,79,05.11.2021 18:01,32.62,10.1,0.88,05.11.2021 17:58,622,616.6,619.6,612.8,615.3,610.6,621,617.8,616.9,613.4,616.1,612.8,626.1,621.5,618.3,614.8,620.7,616.4,558,537.3,622,616.6,619.6,612.8,615.3,610.6,621,617.8,616.9,613.4,616.1,612.8,626.1,621.5,618.3,614.8,620.7,616.4,558,537.3,248196504,5.11.2021 18:54,0.23,0,
05.11.2021 17:55,14,05.11.2021 17:58,168,524.3,498,36.5,78,536.5,509.8,41.6,17.2,547.2,514.7,42.8,9.1,566.2,534.4,34,14.5,592.8,557.2,48.1,0,630.7,600.2,22.3,4.5,632.9,633,13.6,22.9,633.2,633.2,7.5,22.1,659.1,664.2,649,637,633,631,631,636,650.9,671,680,681.9,632,10.5,658.8,663.9,649.1,636.9,633,631,631,636,651,671,679.9,681.9,632,4.1,658.9,663.9,649,637,633,631.1,631,636,651,671,680.1,682.1,632,0,05.11.2021 17:58,577.95,577.95,05.11.2021 17:58,473.2,473.3,606.8,606.6,487.1,771.4,770.9,801.1,800.8,714.5,82,79,05.11.2021 18:01,32.59,10.16,0.88,05.11.2021 17:58,620.7,616,620.1,611.9,615.2,610.1,619.9,617.5,617.1,612.3,614.1,611.6,625.7,620.7,619.4,613.1,617.2,613.5,558.1,537,620.7,616,620.1,611.9,615.2,610.1,619.9,617.5,617.1,612.3,614.1,611.6,625.7,620.7,619.4,613.1,617.2,613.5,558.1,537,248196533,5.11.2021 18:54,0.34,0,
05.11.2021 17:56,14,05.11.2021 17:59,168,524.1,499.3,38.4,67,536.9,510.1,37.8,14.4,547.4,514.6,41,10.3,566,534.6,35.8,13,593.7,557.1,39.5,0,629.5,600.2,33.6,4.7,633.1,633.2,11.6,21.1,633,633,9.4,23.9,659,663.9,648.9,637,633,631,631,636,651,671,680,682.1,632,10.5,658.9,663.9,648.9,636.9,633,630.9,630.9,635.9,651,671,680,681.9,632,4.1,658.9,664,649,637.1,633,631.1,631.1,635.9,651,671,680,682.1,632,0,05.11.2021 17:59,577.95,577.95,05.11.2021 17:59,471.7,471.8,604.9,604.6,486.7,772.3,771.9,801.4,801,715.1,82,79,05.11.2021 18:02,32.84,10.45,0.92,05.11.2021 17:59,621.4,616.7,620.2,612.1,615.1,610.3,621.1,618.4,616.9,611.9,615.5,612.6,625.6,621.7,619,613.2,618,614.1,557.1,539.2,621.4,616.7,620.2,612.1,615.1,610.3,621.1,618.4,616.9,611.9,615.5,612.6,625.6,621.7,619,613.2,618,614.1,557.1,539.2,248196594,5.11.2021 18:55,0.11,1,
05.11.2021 17:57,15,05.11.2021 18:00,168,525.3,500.1,26.9,59,536.4,510.3,42.5,12.3,546.6,514.7,48.5,9.9,567.9,535.1,18.1,8.4,595.5,557,22,0,630,600.3,29,3.7,632.7,632.9,15.4,24,633.2,632.8,7.7,26,659.1,664,649,637,633,630.9,631,635.9,651,671,680.1,682,631.7,13.6,659.3,664.1,649.3,637.1,633,631,631.1,635.9,651.1,671,679.9,682.1,631.9,5,659.1,664,648.9,636.9,632.9,631,630.9,635.9,651,671,679.9,681.9,631.9,20,05.11.2021 18:00,577.92,577.92,05.11.2021 18:01,468,468.1,601.6,601.4,486.5,773.2,772.8,801.7,801.3,715.5,82,79,05.11.2021 18:03,32.84,10.22,0.84,05.11.2021 18:01,620.9,615.4,619.3,614.5,615.4,609.5,620.3,617.5,616.8,614.1,615.6,610.8,625,619.7,618,615.2,620.5,614.4,557.6,534.5,620.9,615.4,619.3,614.5,615.4,609.5,620.3,617.5,616.8,614.1,615.6,610.8,625,619.7,618,615.2,620.5,614.4,557.6,534.5,248196687,5.11.2021 18:57,0.07,1,
05.11.2021 18:02,14,05.11.2021 18:05,168,524.7,499.7,32.8,63.8,537.1,509.8,36,16.9,547.3,515,42,6.8,567.1,535,25.3,9.2,594.6,556.5,30.1,0,630.1,600.2,28.1,5.1,633.1,633,11.6,23.7,632.8,633,11.5,24.4,659,664,649,636.9,633,630.9,631,635.9,650.9,671,680,682.1,631.9,12.2,658.9,663.9,649.2,637,633,631,631,635.9,651.1,671.1,680,682,632.2,2,658.9,664,649.1,637.1,633.1,631,630.9,635.9,650.9,670.9,679.9,681.8,632.2,8.1,05.11.2021 18:05,577.92,577.92,05.11.2021 18:05,470.2,470.3,604.1,604,486.3,773.1,772.6,801.5,801.1,715.5,82,79,05.11.2021 18:08,32.84,9.93,0.82,05.11.2021 18:05,620.1,615.5,620.1,611.9,614.4,609,619.4,616.4,615.6,612.1,613.6,610,623.7,619.8,617.4,612.3,616.5,612.6,559.8,536.3,620.1,615.5,620.1,611.9,614.4,609,619.4,616.4,615.6,612.1,613.6,610,623.7,619.8,617.4,612.3,616.5,612.6,559.8,536.3,248197243,5.11.2021 19:01,0.01,1,
05.11.2021 18:03,14,05.11.2021 18:06,168,524.8,499.4,31.9,66.9,536.5,510,41.6,15.1,547.2,514.8,43,8.9,566.6,534.9,30.1,10.1,595.6,556.5,20.8,0,629.8,600.3,30.9,4.3,633,633.1,12.5,22.9,633.1,633.2,8.7,22.5,659,664,649,637,633,631,630.9,636,651,671,680,681.9,632.1,10.3,659,664,649.1,637,633.1,631.1,631,635.9,650.9,671,680,682,632.1,2.6,659,664,649.1,637,633,631.1,631,635.9,650.9,671,679.9,681.9,632.1,7.8,05.11.2021 18:07,577.92,577.92,05.11.2021 18:07,467.3,467.3,601.2,601,486.3,772.5,772,801.3,800.9,714.8,82,79,05.11.2021 18:10,32.84,10.05,0.81,05.11.2021 18:07,621.2,616.4,620,612.4,615.8,611.5,621.1,618.5,616.2,612.2,617.2,613.4,624.6,620.1,618.2,613.6,619.5,615,558.2,533,621.2,616.4,620,612.4,615.8,611.5,621.1,618.5,616.2,612.2,617.2,613.4,624.6,620.1,618.2,613.6,619.5,615,558.2,533,248197336,5.11.2021 19:03,0.26,0,
05.11.2021 18:04,14,05.11.2021 18:07,168,525.3,499.4,27.2,67.2,536.3,510,43.6,15.1,547.3,514.9,42,8.1,566.7,534.9,29.1,10.1,595.4,556.4,22.7,0,629.9,600.3,30,4.3,633.2,633.1,10.6,23,632.9,633.1,10.6,23.4,658.9,664,648.9,636.9,632.9,631,630.9,635.9,651,670.9,680,682,632,11.1,659,664,649,637,632.9,630.9,630.9,635.9,650.9,670.9,680,681.9,631.9,4.6,659,664,649.1,637,633,631,631,635.9,651.1,671,680,682.1,631.9,18.3,05.11.2021 18:07,577.92,577.92,05.11.2021 18:08,468.9,469,603.5,603.2,486.5,773,772.6,801.4,801,715.3,82,79,05.11.2021 18:11,32.84,10.02,0.82,05.11.2021 18:08,620.5,615.9,619.6,615,615.7,609.5,620,617.2,616.8,614.5,615.6,610.7,625.7,620.4,617.8,615.4,619.6,615.1,560.4,538.5,620.5,615.9,619.6,615,615.7,609.5,620,617.2,616.8,614.5,615.6,610.7,625.7,620.4,617.8,615.4,619.6,615.1,560.4,538.5,248197397,5.11.2021 19:04,0.22,0,
05.11.2021 18:05,14,05.11.2021 18:08,168,524.3,499.4,36.7,67.4,537.2,510.1,35.1,14.1,547.1,514.9,44,8.1,567,534.9,26.1,10.1,594.4,556.3,31.9,0,630.1,600.4,28.1,3.3,632.9,632.9,13.5,24.9,632.9,633.1,10.6,23.4,658.9,663.9,649,637,633,631,630.9,635.8,650.9,671,680,681.9,632,11.1,659,664,649,636.8,633.1,631,630.9,635.9,650.9,670.8,680,682,631.9,4.6,659,664,649,637,633,631,631,635.9,651.1,671,680.1,682.1,631.9,0,05.11.2021 18:08,577.92,577.92,05.11.2021 18:08,469.3,469.3,603.3,603.2,486.5,771.2,770.8,800.7,800.3,715,82,79,05.11.2021 18:11,33.03,9.94,0.81,05.11.2021 18:08,621.4,616.3,618.8,611.5,615,610.1,620.9,617.9,616.4,611.3,615.6,611.4,626.1,620.7,618.2,612.9,619.1,614.6,556.1,534.9,621.4,616.3,618.8,611.5,615,610.1,620.9,617.9,616.4,611.3,615.6,611.4,626.1,620.7,618.2,612.9,619.1,614.6,556.1,534.9,248197426,5.11.2021 19:04,0.23,0,
05.11.2021 18:05,14,05.11.2021 18:08,168,525.2,499.6,28,65.6,536.2,510,44.5,15.1,547.1,514.9,44,8.2,566.7,535,29.1,9.1,595.4,556.4,22.6,0,629.9,600.3,30,4.2,633.1,633,11.6,24.1,633,633.2,9.7,22.4,659.1,664,649.1,637,633.1,631,631,636,650.9,670.9,680,681.9,631.9,12.1,659.2,664.1,649.2,637,632.9,631.1,631,636,651.1,670.9,680,682,632,3.7,659,664,649,637,633,631.1,631.1,636,651,671.1,680.1,682.1,632,0,05.11.2021 18:08,577.92,577.92,05.11.2021 18:09,468.5,468.5,602.4,602.1,486.6,770.1,769.6,800.4,800,714.8,82,79,05.11.2021 18:12,33.03,9.94,0.81,05.11.2021 18:09,621.3,616.6,618.8,614.3,615,609.7,621.2,618.6,616.5,613.2,615.7,611.2,626.2,619.6,617.6,614.5,619.9,615.3,558.7,536.8,621.3,616.6,618.8,614.3,615,609.7,621.2,618.6,616.5,613.2,615.7,611.2,626.2,619.6,617.6,614.5,619.9,615.3,558.7,536.8,248197458,5.11.2021 19:05,0.27,0,
05.11.2021 18:06,14,05.11.2021 18:09,168,525,499.6,29.7,65.7,536.3,510.1,43.7,14.1,547.1,514.9,44,8.2,566.5,534.9,31,10.1,595.4,556.3,22.6,0,630,600.2,29,5.3,632.9,632.9,13.5,25.2,633,633.1,9.7,23.3,659.1,664.1,649.1,637.1,633.1,631.1,631.1,636,651,670.9,679.9,682,631.9,12.3,659.1,664,649.3,637.1,633,631.2,631.2,636.1,651,671,680,682,631.9,4.6,659,664,648.9,637,633,631,631,636.1,651,671.1,680,682,631.9,0,05.11.2021 18:09,577.92,577.92,05.11.2021 18:10,466.2,466.3,600.5,600.3,485.8,773.1,772.7,801.5,801,715.6,82,79,05.11.2021 18:12,33.13,9.97,0.81,05.11.2021 18:10,620,615,619.8,612.3,613.8,609.7,619.1,615.5,616,612.6,615,611.3,624.9,617.9,615.9,612.6,616.3,612.4,558.4,535.5,620,615,619.8,612.3,613.8,609.7,619.1,615.5,616,612.6,615,611.3,624.9,617.9,615.9,612.6,616.3,612.4,558.4,535.5,248197519,5.11.2021 19:06,0.16,1,
05.11.2021 18:07,14,05.11.2021 18:10,168,524.3,499.5,36.6,66.7,537.2,510.2,35.3,13,547,514.9,45.1,8.2,566.9,535,27.1,9.2,594.5,556.2,31,0,630.2,600.2,27.2,5.3,633.3,633.1,9.7,23.3,633,633.1,9.8,23.3,659,664,649.1,637.1,633.1,630.9,631,636.2,651.1,671,680,682,632,11.4,659.1,664,649.1,637,633,630.9,630.9,635.9,651,671,680,682,631.9,4.7,658.9,664,649,637,632.9,631,630.9,635.9,651,671,680.1,682,631.9,0,05.11.2021 18:10,577.92,577.92,05.11.2021 18:10,469.6,469.6,604.8,604.5,485.9,771.4,771,800.8,800.4,715,82,79,05.11.2021 18:13,33.11,10,0.81,05.11.2021 18:10,618.9,615,621.2,614.5,614.1,609,617.2,615.4,616,613.3,613.4,610.5,623.1,618.7,617,614.3,616.9,612.2,560.4,538.6,618.9,615,621.2,614.5,614.1,609,617.2,615.4,616,613.3,613.4,610.5,623.1,618.7,617,614.3,616.9,612.2,560.4,538.6,248197547,5.11.2021 19:06,0.28,0,
05.11.2021 18:07,15,05.11.2021 18:10,168,524.6,499.5,33.6,66.8,536.5,510.2,41.8,12.9,547.1,514.9,44.1,8.3,566.9,535,27.3,9.2,595.4,556.4,22.6,0,630,600.2,29.1,5.4,633,633.2,12.6,22.4,632.9,633,10.7,24.3,659,664,648.9,637,633,631.1,631,636,651.1,671,680.1,682.2,632,11.4,659.1,664,649.1,637.1,632.9,630.9,630.9,635.9,651,671.1,680.1,682.1,632,3.8,658.9,663.9,648.9,636.9,633,631.1,631.1,635.9,650.9,670.9,679.9,681.9,632,14.4,05.11.2021 18:10,577.92,577.92,05.11.2021 18:10,472.5,472.5,606.6,606.4,486.5,769.6,769.1,800.1,799.8,714.4,82,79,05.11.2021 18:13,32.59,9.96,0.8,05.11.2021 18:11,620.2,615.6,619.3,614.1,614.1,607.3,619.9,616.2,615.9,613.4,613.6,609.7,624.6,619.9,617.6,613.9,618.6,613,560.1,537.3,620.2,615.6,619.3,614.1,614.1,607.3,619.9,616.2,615.9,613.4,613.6,609.7,624.6,619.9,617.6,613.9,618.6,613,560.1,537.3,248197580,5.11.2021 19:07,0.31,0,
05.11.2021 18:08,14,05.11.2021 18:11,168,524.8,499.5,31.8,66.8,537.2,510.2,35.3,12.8,547.2,514.9,43.2,8.3,566.8,535,28.1,9.2,594.7,556.2,29.1,0,630.1,600.4,28.1,3.6,633.5,633.3,7.8,21.4,633,633,9.8,24.4,659,664,649.1,637,633,631,630.9,636.2,651.1,671,680.1,682,632,11.4,658.9,664,648.9,637,632.8,630.9,630.9,635.9,651,671,680.1,682,632.1,2.8,659,663.9,649.1,637,633,631,631,635.9,651,671,679.9,681.9,632.1,32,05.11.2021 18:11,577.92,577.92,05.11.2021 18:11,472.5,472.6,606.1,605.9,486.6,772.9,772.6,801.3,801,715.3,82,79,05.11.2021 18:14,33.11,9.34,0.77,05.11.2021 18:11,620.5,614.9,618.9,612.8,614.3,609.1,620.2,616.9,615.6,612.4,614.8,611,625.1,619.3,617.4,614.2,618.5,614.2,559.7,533.3,620.5,614.9,618.9,612.8,614.3,609.1,620.2,616.9,615.6,612.4,614.8,611,625.1,619.3,617.4,614.2,618.5,614.2,559.7,533.3,248197608,5.11.2021 19:07,0.32,0,
05.11.2021 18:08,15,05.11.2021 18:11,168,524.8,499.4,31.7,67.9,536.4,510.1,42.8,13.6,547.2,514.9,43.1,8.3,567,535.1,26.3,8.2,595.3,556.4,23.4,0,629.8,600.4,31,3.6,633.1,633.2,11.6,22.3,633,633.1,9.8,23.5,659.1,664,649,637,632.9,631,631,636.1,651.1,671,680,682.1,632,11.4,658.9,664,649,636.9,632.9,630.9,631,636,651,671.1,680.1,682,632.1,2.8,659.2,664,649.1,636.9,632.9,631,631,636,651,670.9,679.9,681.8,632.1,28.6,05.11.2021 18:11,577.92,577.92,05.11.2021 18:11,471.5,471.6,605,604.8,486.3,774.3,774,801.9,801.5,715.7,82,79,05.11.2021 18:14,32.84,9.5,0.77,05.11.2021 18:12,620.5,615,618.7,612.4,614.5,609.1,619.7,616.4,615.8,612.6,614.8,611.4,625,618.8,616.9,614,618.7,614.6,557.4,534.3,620.5,615,618.7,612.4,614.5,609.1,619.7,616.4,615.8,612.6,614.8,611.4,625,618.8,616.9,614,618.7,614.6,557.4,534.3,248197641,5.11.2021 19:08,0.13,1,
05.11.2021 18:09,14,05.11.2021 18:12,168,524.3,499.5,36.5,67.1,537.3,510,34.3,14.5,547.2,514.9,43.1,8.3,566.7,535.1,29,8.2,594.8,556.2,28.1,0,630.1,600.4,28,3.5,633.2,633.2,10.6,22.3,633.1,633.1,8.9,23.5,658.9,663.9,648.9,636.9,632.9,630.9,630.9,636.1,650.9,671,680,681.9,632,11.4,658.8,663.9,649,637,633,631.1,631,636,651,670.9,680,681.9,632,3.8,659,664,649.1,637,633,631.1,631.1,636,651,671,679.9,682,632,0,05.11.2021 18:12,577.92,577.92,05.11.2021 18:12,470.3,470.5,604,603.8,486.6,773,772.6,801.3,801,715.5,82,79,05.11.2021 18:15,33.03,9.68,0.79,05.11.2021 18:12,620.6,615.3,618,611.9,614.6,609,619.9,616.9,615.6,611.4,614.1,611,625.2,619.9,618,613.3,619.3,613,557.5,532.7,620.6,615.3,618,611.9,614.6,609,619.9,616.9,615.6,611.4,614.1,611,625.2,619.9,618,613.3,619.3,613,557.5,532.7,248197669,5.11.2021 19:08,0.31,0,
05.11.2021 18:10,14,05.11.2021 18:13,168,524.4,499.6,35.5,66.3,537.1,509.9,36.3,15.5,547.1,515,44.1,7.3,566.6,534.9,30,10,595,556.2,26.2,0,630,600.4,29,3.4,633.1,633.1,11.6,23.3,633.2,633.1,7.9,23.4,658.9,663.9,649,636.9,632.9,630.9,630.9,636,651,671,680,681.9,631.9,12.4,658.9,663.9,649.1,636.9,633,631,631,635.9,650.9,670.9,680,681.9,631.9,4.7,659.2,664.1,649.1,637.1,633.1,631,631.1,635.9,651.1,671,680,682,631.9,0,05.11.2021 18:13,577.92,577.92,05.11.2021 18:13,468,468.1,601.9,601.6,486.3,770,769.6,800.3,799.9,714.8,81,79,05.11.2021 18:16,33.01,9.8,0.8,05.11.2021 18:13,620.5,615.8,620,616.1,614.6,609.5,620.4,617.7,617,614.4,614.9,611.1,625.1,620.9,618.3,615.2,619.8,613.5,560.5,539.2,620.5,615.8,620,616.1,614.6,609.5,620.4,617.7,617,614.4,614.9,611.1,625.1,620.9,618.3,615.2,619.8,613.5,560.5,539.2,248197730,5.11.2021 19:09,0.37,0,
05.11.2021 18:10,15,05.11.2021 18:13,168,524.6,499.7,33.5,65.3,536.5,510,41.9,14.6,547.2,515,43.2,7.3,567,535,26.2,9,594.9,556.2,27.1,0,630.1,600.3,28,4.3,633,633.1,12.6,23.3,632.7,633,12.6,24.3,659,663.9,649,636.9,633,631,631,636,650.9,670.9,679.9,681.9,632,11.5,659.1,664,649.2,636.9,632.9,630.9,630.9,635.8,650.9,671,679.9,682,631.8,5.8,659,664,649,637,633.1,631.1,631.1,635.8,651.1,671.1,680.1,682.2,631.8,10.6,05.11.2021 18:13,577.92,577.92,05.11.2021 18:13,466.8,466.9,600.8,600.6,486.1,774,773.6,801.6,801.3,715.8,82,79,05.11.2021 18:16,33.13,9.78,0.8,05.11.2021 18:14,619.3,614.7,618.7,611.1,614.7,608.1,619.3,617,615.7,612.4,613.5,609.7,625.7,619.6,617.6,613.9,616.4,610.9,560.2,535.1,619.3,614.7,618.7,611.1,614.7,608.1,619.3,617,615.7,612.4,613.5,609.7,625.7,619.6,617.6,613.9,616.4,610.9,560.2,535.1,248197763,5.11.2021 19:10,0.41,0,
05.11.2021 18:11,14,05.11.2021 18:14,168,524.3,499.8,36.4,64.3,537,510,37.3,14.5,547.1,515,44.1,7.3,566.9,535,27.1,9,595,556.2,26.2,0,630.2,600.4,27.1,3.4,633.2,633.2,10.7,22.4,633.2,633,7.9,24.4,659.1,664.1,649.1,637,633,631,631,636,650.9,670.9,679.9,681.8,632,11.5,659.2,664,649.1,637.1,633.1,631.1,631,635.9,650.9,670.9,679.9,682,631.8,5.9,659,664,649,637,632.9,631,630.9,635.9,651.1,671.1,680.1,682.1,631.8,13.9,05.11.2021 18:14,577.92,577.92,05.11.2021 18:14,467.2,467.3,602.1,602,486.6,773.7,773.3,801.6,801.2,715.8,81,79,05.11.2021 18:17,33.03,9.91,0.8,05.11.2021 18:14,619.5,615.1,619.2,612,613.7,608.5,617.2,615.3,615.6,612.4,613.4,610.3,622.6,618.9,616.8,613.5,616.6,612.2,559.4,536.3,619.5,615.1,619.2,612,613.7,608.5,617.2,615.3,615.6,612.4,613.4,610.3,622.6,618.9,616.8,613.5,616.6,612.2,559.4,536.3,248197791,5.11.2021 19:10,0.19,1,
05.11.2021 18:11,14,05.11.2021 18:14,168,525.1,499.8,28.8,64.2,536.5,510,42,14.5,547.1,515,44.1,7.2,566.7,534.9,29,9.9,594.8,556.1,28,0,630.1,600.3,28.1,4.3,633,633.2,12.6,22.4,632.7,633,12.7,24.5,659.1,664,649,637,633,631,631,635.9,651,670.9,680,681.9,632,11.5,659.1,664,649.4,637.1,632.9,631.1,631,635.9,651,671,680,682.1,632,4,659,664,649,637,632.9,631,631,635.9,651,671,680.1,682.2,632,0,05.11.2021 18:14,577.92,577.92,05.11.2021 18:14,472.1,472.1,606.5,606.3,486.7,772.1,771.7,801,800.6,715.1,82,79,05.11.2021 18:17,32.72,9.98,0.81,05.11.2021 18:15,620.5,614.6,618.7,611,615.9,610.5,619.6,615.9,615.6,611,615.5,612,625.7,618.7,617,612.8,618.3,615,558.2,537.3,620.5,614.6,618.7,611,615.9,610.5,619.6,615.9,615.6,611,615.5,612,625.7,618.7,617,612.8,618.3,615,558.2,537.3,248197824,5.11.2021 19:11,0.18,1,
05.11.2021 18:12,14,05.11.2021 18:15,168,524.8,499.8,31.5,64.2,536.7,509.9,40,15.6,547.2,515,43.1,7.2,566.9,535,27.1,9,594.8,556.2,27.9,0,630,600.3,29,4.4,632.9,633,13.6,24.3,632.9,633.2,10.8,22.5,659,664,649,637,633,631.1,631,635.9,651,670.9,680,682,631.9,12.5,659,663.9,649,636.9,632.9,630.9,630.9,635.9,651,670.9,680,681.9,632.5,0,658.9,663.9,649,636.9,632.9,631.1,631,635.9,651,671,679.9,681.9,632.5,6.5,05.11.2021 18:15,577.92,577.92,05.11.2021 18:15,472.1,472.2,605.6,605.3,487,772.5,772,801.1,800.8,715.3,82,79,05.11.2021 18:18,32.59,9.93,0.8,05.11.2021 18:15,620.7,615,618.7,609.6,614.5,608.7,619.5,616.2,615,610.4,614.2,610.5,624.9,619.6,617.6,611.9,616.9,613,558.3,535.2,620.7,615,618.7,609.6,614.5,608.7,619.5,616.2,615,610.4,614.2,610.5,624.9,619.6,617.6,611.9,616.9,613,558.3,535.2,248197881,5.11.2021 19:11,0.2,1,
05.11.2021 18:13,14,05.11.2021 18:15,168,524.7,499.8,32.4,64.1,536.9,509.9,38.2,15.6,547,515,45.1,7.2,566.8,535,28.1,9,595.1,556.2,25.3,0,630.3,600.3,26.2,4.4,633.3,633.1,9.8,23.4,633,633.1,9.8,23.4,659,664.1,649,637,633,630.9,631,635.9,651,671.1,680.1,682.1,631.9,12.6,658.9,663.9,648.9,636.9,633,630.9,631,635.9,651,670.9,680,681.9,632.3,0.9,659,664,649,637,633,631,631.1,635.9,651,671.1,680,682,632.3,9.8,05.11.2021 18:16,577.92,577.92,05.11.2021 18:16,471.1,471.1,604.5,604.3,486.8,774.4,774,801.8,801.4,716,82,79,05.11.2021 18:19,32.81,9.94,0.8,05.11.2021 18:16,620.6,615.8,619.5,610.5,614.7,609.2,620.3,616.9,615.9,610.9,615.2,610.5,625,619.9,617.8,613,619.2,613.5,559,535.6,620.6,615.8,619.5,610.5,614.7,609.2,620.3,616.9,615.9,610.9,615.2,610.5,625,619.9,617.8,613,619.2,613.5,559,535.6,248197913,5.11.2021 19:12,0.28,0,
05.11.2021 18:13,14,05.11.2021 18:16,168,524.8,499.7,31.5,65,536.8,509.9,39.1,15.6,547.4,515,41.2,7.2,566.9,535,27,8.9,594.9,556.1,26.9,0,629.7,600.3,31.8,4.4,632.9,633.1,13.6,23.4,633,633,9.9,24.3,658.9,663.9,649,637,632.9,631,631.1,636.2,651.1,671,680,682.1,631.9,12.6,659.1,663.9,649.1,637,632.9,630.9,630.9,635.9,650.8,670.9,680,682,632,3.7,659,663.9,648.9,637,633,631,631,635.9,650.9,670.9,680,682,632,20.3,05.11.2021 18:16,577.92,577.92,05.11.2021 18:16,470,470,603.5,603.2,487,773.1,772.7,801.3,801,715.6,82,79,05.11.2021 18:19,33.03,9.91,0.8,05.11.2021 18:16,620.4,615,618.8,610.4,614.2,609.3,620,616.9,615.2,610.4,613.9,610.8,626.1,620.2,618.2,613,619.1,613.4,557.2,537.5,620.4,615,618.8,610.4,614.2,609.3,620,616.9,615.2,610.4,613.9,610.8,626.1,620.2,618.2,613,619.1,613.4,557.2,537.5,248197942,5.11.2021 19:12,0.32,0,
05.11.2021 18:14,14,05.11.2021 18:17,168,525,499.4,29.6,68.1,536.6,509.9,41,15.7,547,515,45,7.2,566.9,534.9,27.1,9.8,594.9,556.1,27,0,629.8,600.4,30.9,3.5,633.4,633.2,8.9,22.4,633.2,633.2,8,22.5,659,664,649.2,637,633,631,631.1,636.1,651,670.9,680.1,682.1,632.1,10.7,659.3,664.1,649.4,637.1,633.1,630.9,630.9,635.8,651,670.9,680,682.1,631.6,7.8,659.1,664,649.1,637,633,631,631,635.8,650.9,671,679.9,681.9,631.6,0,05.11.2021 18:17,577.92,577.92,05.11.2021 18:17,467.5,467.6,601.4,601.2,486.5,770.2,769.7,800.3,800,714.8,82,79,05.11.2021 18:20,32.72,9.95,0.81,05.11.2021 18:17,620.7,615.8,619.1,610.9,614.6,609.7,620.7,617.3,616,612.8,615.4,611.4,625.9,620.3,617.2,614.1,620,615.6,558.7,535.1,620.7,615.8,619.1,610.9,614.6,609.7,620.7,617.3,616,612.8,615.4,611.4,625.9,620.3,617.2,614.1,620,615.6,558.7,535.1,248198002,5.11.2021 19:13,0.25,0,
05.11.2021 18:15,14,05.11.2021 18:18,168,524.8,499.3,31.4,69.4,536.8,510,39.1,14.8,547.2,515,43.1,7.1,566.9,534.9,27,9.8,594.9,556.1,27,0,630.3,600.3,26.2,4.4,633.7,633.2,5.8,22.3,633.3,633.2,7,22.4,659,663.9,649,637.1,633.1,631.1,631.1,636.1,651,670.9,680,682,632,11.6,659,664,649.3,637.3,633.2,631.2,631.2,636.2,651.3,671.1,680,682.1,632.1,3.2,659.1,664.1,649.1,637,633,631.1,631.2,636.2,651,671,679.9,682,632.1,0,05.11.2021 18:18,577.92,577.92,05.11.2021 18:18,469,469,604,603.7,486.8,773.7,773.3,801.5,801.1,715.6,82,79,05.11.2021 18:21,32.59,9.65,0.79,05.11.2021 18:18,620.1,614.8,618.1,613.1,613.9,608.2,619.3,616.1,615.4,612.6,614,610.9,625,620.2,617.6,614.3,618.7,613.2,558.3,537.6,620.1,614.8,618.1,613.1,613.9,608.2,619.3,616.1,615.4,612.6,614,610.9,625,620.2,617.6,614.3,618.7,613.2,558.3,537.6,248198063,5.11.2021 19:14,0.28,0,
05.11.2021 18:15,14,05.11.2021 18:18,168,525.1,499.7,28.5,65.8,536.8,510,39.1,14.8,547.5,515,40.2,7.1,566.7,534.9,29,9.9,595.2,556.1,24.2,0,629.8,600.3,30.8,4.4,632.7,633,15.4,24.2,632.7,633.1,12.7,23.3,659,664,648.9,637,633,631,631,636,651,671,679.9,681.9,632,11.6,658.9,663.9,649.1,637.1,633.2,631.1,631.1,636.1,651.1,671,680,682,632.3,1.2,659,663.9,649.1,636.9,632.9,630.9,631,636.1,651.1,671.1,680.1,682.1,632.3,0,05.11.2021 18:18,577.92,577.92,05.11.2021 18:19,471.3,471.5,605.6,605.4,486.8,772.1,771.6,800.9,800.5,715.4,82,79,05.11.2021 18:21,33.03,10.02,0.81,05.11.2021 18:19,620.8,615.6,619.3,610.1,615,609.5,620.2,617.5,615.8,610.9,616.7,611.5,624.3,619.5,616.9,612.3,619.1,615.1,559.4,536.8,620.8,615.6,619.3,610.1,615,609.5,620.2,617.5,615.8,610.9,616.7,611.5,624.3,619.5,616.9,612.3,619.1,615.1,559.4,536.8,248198096,5.11.2021 19:15,0.24,0,
05.11.2021 18:16,14,05.11.2021 18:19,168,524.3,499.7,36,65.8,536.9,510.1,38.2,13.8,547,514.9,44.9,8.1,567,534.9,26.1,9.9,594.7,556,28.8,0,630.3,600.3,26.1,4.4,633,633,12.4,24.3,633.1,633.1,8.9,23.2,659,664,649,637,632.9,630.9,631,636,650.9,670.9,680,681.9,631.9,12.6,658.9,663.9,649,637,632.9,631,631.1,635.9,651,670.9,680,681.9,632.3,1,659.1,664.1,649.1,636.9,633,631.1,631,635.9,650.9,671.1,680,682.1,632.3,9.1,05.11.2021 18:19,577.92,577.92,05.11.2021 18:19,471.3,471.4,605,604.8,486.7,770.1,769.7,800.3,799.9,715,82,79,05.11.2021 18:22,33.03,10.01,0.8,05.11.2021 18:19,618.7,613.9,617.7,611.8,613.2,608,618.2,615.5,614.6,611.2,613.7,609,624,618.7,616.9,612.7,617.2,612.4,557.8,534.3,618.7,613.9,617.7,611.8,613.2,608,618.2,615.5,614.6,611.2,613.7,609,624,618.7,616.9,612.7,617.2,612.4,557.8,534.3,248198124,5.11.2021 19:15,0.19,1,
05.11.2021 18:16,14,05.11.2021 18:19,168,525.2,499.8,27.4,64.7,536.5,510,41.9,14.7,547.2,514.9,43.1,8.1,566.6,534.8,29.9,10.9,594.9,555.9,27.1,0,630,600.3,29,4.5,633.4,633.1,8.8,23.4,633,633.1,9.9,23.3,659,664,649.1,637,632.9,631,630.9,636,651,670.9,680,681.9,631.8,13.7,659.2,664,649.1,637.2,633,631,630.9,635.9,651,670.9,679.9,682,632.2,1.8,659,663.9,649.1,637,633,631.1,631,635.9,651.1,671,680.1,682.1,632.2,16,05.11.2021 18:19,577.92,577.92,05.11.2021 18:19,470.4,470.5,604,603.8,486.9,772.8,772.4,801.2,800.8,715.4,81,79,05.11.2021 18:22,33.03,9.56,0.69,05.11.2021 18:20,619.6,614.8,618.1,613.3,613.6,608.5,619.5,617,615.8,612.4,613.7,609.8,624.5,618.5,617.2,614.1,616.4,611.5,557.7,536.6,619.6,614.8,618.1,613.3,613.6,608.5,619.5,617,615.8,612.4,613.7,609.8,624.5,618.5,617.2,614.1,616.4,611.5,557.7,536.6,248198157,5.11.2021 19:16,0.22,0,
05.11.2021 18:17,15,05.11.2021 18:20,168,524.5,499.6,34.1,66.7,536.8,510,39.1,14.7,547.1,514.8,44,9.1,567,534.8,26.1,10.9,594.9,556,27,0,630.1,600.3,28,4.5,632.8,633,14.4,24.4,632.8,633,11.7,24.2,659,664.1,649,637.1,633.1,631,631,636,650.9,670.9,679.9,681.8,631.8,13.8,659.2,664.1,649.2,637.1,632.9,631,630.9,635.9,651,671,680,682,632,3.7,658.9,663.9,649,636.9,633,631,631,635.9,651.1,671.1,680.1,682.1,632,12.3,05.11.2021 18:20,577.92,577.92,05.11.2021 18:20,469.3,469.3,603,602.8,486.6,774.6,774.3,801.8,801.5,715.7,82,79,05.11.2021 18:23,32.91,9.11,0.62,05.11.2021 18:20,619.1,614.2,617.8,612.6,613.6,607.8,619.1,615.7,615.1,611.4,614.4,610.4,625.2,618.4,616.9,614.4,619.3,614,557.9,533.2,619.1,614.2,617.8,612.6,613.6,607.8,619.1,615.7,615.1,611.4,614.4,610.4,625.2,618.4,616.9,614.4,619.3,614,557.9,533.2,248198185,5.11.2021 19:16,0.16,1,
05.11.2021 18:17,14,05.11.2021 18:20,168,524.8,499.7,31.1,65.7,536.6,510.1,41,13.7,547.1,514.8,44,9.2,566.7,534.8,29,11,594.8,555.9,28,0,630.2,600.3,27.1,4.5,633.3,633.2,9.6,22.6,633.1,633,8.9,24.3,659.1,664.1,649,637.1,633,631.1,631.1,636,651,670.9,679.9,682,631.8,13.9,659.1,664,649.3,637,633,630.9,630.9,636,651,670.9,679.9,682,631.7,6.6,659.1,664.1,649.1,637.1,633,631,631.1,636,651.2,671,680.1,682,631.7,5.1,05.11.2021 18:20,577.92,577.92,05.11.2021 18:20,468.1,468.2,602,601.8,486.6,773.5,773.1,801.5,801,715.8,81,79,05.11.2021 18:23,31.71,9.16,0.7,05.11.2021 18:21,618.6,613.9,617.5,612.2,613.4,607,618.4,615.2,614.4,611.3,612.5,608.9,624.1,618.5,616.7,613,617.2,611.7,559.3,538.1,618.6,613.9,617.5,612.2,613.4,607,618.4,615.2,614.4,611.3,612.5,608.9,624.1,618.5,616.7,613,617.2,611.7,559.3,538.1,248198217,5.11.2021 19:17,0.14,1,
05.11.2021 18:18,14,05.11.2021 18:21,168,524.7,499.7,32.3,65.8,537.2,510,35.4,14.6,547.1,514.8,44.1,9.3,566.8,534.8,28.1,11.1,595,555.9,26.1,0,630.1,600.3,28,4.6,633.3,633.2,9.8,22.6,632.8,633.1,11.8,23.4,658.9,664,648.9,636.9,633,631.1,631,636.1,651.1,671,679.9,682,631.9,13,659.3,664.1,649.3,637.1,633.1,631,631,636,651.1,671.1,680,682.1,631.6,7.7,658.9,663.9,649,637,633,631,631,636,651,671.1,680.1,682,631.6,4.8,05.11.2021 18:21,577.92,577.92,05.11.2021 18:21,466.9,467,601.1,600.8,486.1,771.6,771.3,800.8,800.4,715.5,81,79,05.11.2021 18:29,32.62,9.92,0.8,05.11.2021 18:21,620.2,614.4,618.2,611.7,614.4,608.5,620.1,617.6,615.7,611.8,616.3,611.1,623.7,618.5,616.8,613.7,618.4,613.3,559.4,537.1,620.2,614.4,618.2,611.7,614.4,608.5,620.1,617.6,615.7,611.8,616.3,611.1,623.7,618.5,616.8,613.7,618.4,613.3,559.4,537.1,248198246,5.11.2021 19:17,0.29,0,
05.11.2021 18:26,14,05.11.2021 18:29,168,522.9,500.4,24.7,51.4,537.5,514.9,23.9,0,546.2,523.8,46.6,0,568.4,541.2,12.1,0,598.1,563.3,0,0,626.7,602.2,34.1,0,633.4,632.6,8.7,23.8,633.5,632.6,4.3,24.6,659,664,648.9,636.9,632.8,630.9,630.9,635.9,650.8,671,680,681.9,632.1,8.3,659.1,664,648.9,637,633,631.1,631.1,636,651,671,680,682,632,4,659.1,664.1,648.9,637.1,633,631,631,636,651.1,671,680,682,632,0,05.11.2021 18:29,578.15,578.15,05.11.2021 18:29,464.6,464.8,600.5,600.2,485.8,765.9,765.5,800.5,800.1,713.1,82,80,05.11.2021 18:32,32.84,9.47,0.75,05.11.2021 18:30,622.5,618.2,620.3,613.6,616.4,612,622.4,619.4,618.3,614.4,618.4,615.3,626.3,619.6,618.2,614.9,619.5,615.2,556.2,542,622.5,618.2,620.3,613.6,616.4,612,622.4,619.4,618.3,614.4,618.4,615.3,626.3,619.6,618.2,614.9,619.5,615.2,556.2,542,248198794,5.11.2021 19:26,0.19,1,
05.11.2021 18:27,15,05.11.2021 18:30,168,521.5,499,46.5,64.5,535.5,514.2,49,0,547.1,522.5,38.3,0,565.3,539.7,41,0,592.1,561.9,54.5,0,628.9,601.8,22.2,0,633.2,632.2,10.7,28.1,632.5,632.5,14,26,659,664,649,636.8,633,630.9,630.9,635.9,650.7,670.8,679.9,681.9,631.9,10.2,658.9,664,649.1,636.9,633,630.9,630.9,635.9,650.9,671,680,681.9,631.9,5,659,664,649,637,633,630.9,630.9,635.9,651,671.1,680.1,682,631.9,46,05.11.2021 18:30,578.15,578.15,05.11.2021 18:30,468,468.1,604.7,604.5,486.1,765.6,765.2,800.3,800,712.5,82,80,05.11.2021 18:33,32.62,9.47,0.75,05.11.2021 18:30,622.4,617.3,622.6,613,616.7,611.6,622.7,619.1,618.2,613,615.8,612.9,626.8,621.8,620.1,614.8,619.8,615.7,557,537.5,622.4,617.3,622.6,613,616.7,611.6,622.7,619.1,618.2,613,615.8,612.9,626.8,621.8,620.1,614.8,619.8,615.7,557,537.5,248198822,5.11.2021 19:26,0.43,0,
05.11.2021 18:29,14,05.11.2021 18:32,168,524.3,498.6,36,71.6,536.5,512,40.1,0,547.1,518.5,39.5,0,565.8,536.4,36.6,0,593.5,559.6,41.5,0,629.8,600.5,29.9,2.2,633.2,632.8,10.6,24,633.1,633,8.4,22.1,659,664,648.9,636.9,632.9,630.8,630.8,635.8,650.8,670.9,679.9,681.9,631.8,11.4,659.1,664,649.3,637.2,633.1,631.1,631,636,651.1,671.1,680,682.1,632,4,659,664.1,649,637.1,633.1,631,631,636,651,671.1,680.1,682,632,0,05.11.2021 18:32,578.08,578.08,05.11.2021 18:32,468.9,469,603.7,603.5,486.3,766.8,766.5,800.3,799.9,713.5,82,79,05.11.2021 18:35,32.59,9.64,0.76,05.11.2021 18:32,622.8,617.4,620.7,615.5,616.2,611.1,621.3,618,617.5,615,617.6,613.4,627.2,621.8,619.1,616.3,620.7,617.6,558.5,539.8,622.8,617.4,620.7,615.5,616.2,611.1,621.3,618,617.5,615,617.6,613.4,627.2,621.8,619.1,616.3,620.7,617.6,558.5,539.8,248198944,5.11.2021 19:29,0.2,1,
05.11.2021 18:29,15,05.11.2021 18:32,168,525,499.3,29.4,65.4,536.4,511.4,41,0.7,546.6,517.8,44.3,0,567.6,535.9,20,0.6,596,559.2,17.3,0,629.8,600.4,30.1,3.1,632.9,632.8,13.4,24.2,632.5,632.8,13.9,24.1,659,664,648.9,636.9,632.9,631,630.9,635.8,650.9,670.9,680,682,631.8,11.5,659.1,664.1,649.3,637.2,633,631.1,631.2,636.1,651.1,671.2,680.1,682.1,632.1,3.1,658.9,664,649.1,637,633,631.1,631,636.1,651.1,671,680,682,632.1,0,05.11.2021 18:32,578.01,578.01,05.11.2021 18:32,467.6,467.8,602.4,602.2,486.1,769.1,768.7,801.1,800.7,713.1,82,79,05.11.2021 18:35,32.91,9.62,0.76,05.11.2021 18:33,621.3,616.5,621.2,613.2,614.7,610.3,621.5,618.6,617.2,612.6,616.7,612.8,625.9,620.6,618.5,614.2,619.9,614.8,560.8,537.6,621.3,616.5,621.2,613.2,614.7,610.3,621.5,618.6,617.2,612.6,616.7,612.8,625.9,620.6,618.5,614.2,619.9,614.8,560.8,537.6,248198976,5.11.2021 19:29,0.34,0,
05.11.2021 18:30,14,05.11.2021 18:32,168,524.3,499.6,36,62.7,536.8,510.8,37.5,5.7,546.8,517.3,42.8,0,565.7,535.3,37.7,6,594.4,558.9,33,0,629.9,600.3,29.2,4.1,633.4,633,8.8,22.4,633.4,632.9,5.6,23.3,659,663.9,649,636.9,633,630.9,630.9,636,650.9,671,680.1,682.1,631.8,11.6,659,664,649.1,637.2,633.1,631.1,631,636,651.1,671.2,680,682,632,4,659,664,649,637.1,633.1,631,630.9,636,651,671,680,682,632,0,05.11.2021 18:33,578.01,578.01,05.11.2021 18:33,466.1,466.3,601.1,601,485.8,771.2,770.8,801.7,801.3,714.1,82,79,05.11.2021 18:36,32.72,9.68,0.75,05.11.2021 18:33,622.8,617.2,621,612.3,616.8,611.7,621.9,618.9,617.8,612.8,616.1,613,626.7,622,619.9,614.5,620.9,617.5,557.4,536,622.8,617.2,621,612.3,616.8,611.7,621.9,618.9,617.8,612.8,616.1,613,626.7,622,619.9,614.5,620.9,617.5,557.4,536,248199004,5.11.2021 19:29,0.28,0,
05.11.2021 18:30,14,05.11.2021 18:33,168,524.5,499.8,34.3,60.8,536.6,510.1,39.4,12,546.6,516.7,44.8,0,567.8,535.1,18.2,7.8,595.3,558.5,23.8,0,629.8,600.2,30.2,5.1,632.9,633,13.4,22.5,632.5,632.8,14,24.3,659,664,648.9,636.8,632.9,630.9,630.9,636,650.8,670.9,680,682.1,631.8,11.8,658.9,664,649.2,637.1,633.1,631.3,631.2,635.9,651.1,671.1,680,682,631.9,4.9,659,664,649,637,633,631,631,635.9,651,671,679.9,682,631.9,0,05.11.2021 18:33,577.97,577.97,05.11.2021 18:33,465.5,465.6,600.8,600.6,485.5,770,769.6,801.2,800.8,714.1,82,80,05.11.2021 18:36,33.03,9.67,0.75,05.11.2021 18:33,621.5,616.4,621.2,612.9,615.4,610.9,621.2,618.3,616.9,613,616.5,612.7,626.1,619.9,619.1,614.6,619.3,616,558.6,536.1,621.5,616.4,621.2,612.9,615.4,610.9,621.2,618.3,616.9,613,616.5,612.7,626.1,619.9,619.1,614.6,619.3,616,558.6,536.1,248199033,5.11.2021 19:30,0.38,0,
05.11.2021 18:31,14,05.11.2021 18:33,168,524.6,499.9,33.5,59.8,536.7,509.5,38.5,17.8,547,516.4,41.3,0,565.7,534.7,37.9,11.6,595,558.5,27.2,0,629.8,600.2,30.2,5.2,633.3,633,9.6,22.6,633.5,633,4.7,22.6,658.9,664,648.9,637,633,630.9,630.9,635.9,650.8,670.9,680,682,631.7,12.8,658.9,663.9,649.1,637,633,630.9,631,635.9,651.1,671.2,680,682,631.9,5,659,664,649,637,633.1,631,630.9,635.9,650.9,671,680,681.9,631.9,0,05.11.2021 18:34,577.97,577.97,05.11.2021 18:34,470.8,470.8,606.2,606,486,768.2,767.8,800.5,800.2,713.6,82,79,05.11.2021 18:37,32.74,9.72,0.75,05.11.2021 18:34,621.5,615.9,620.8,610.6,615.2,609.2,620.3,616.9,616.4,612.4,614.1,610.4,625.6,619.9,618.3,614.6,617.8,613,559.6,535.5,621.5,615.9,620.8,610.6,615.2,609.2,620.3,616.9,616.4,612.4,614.1,610.4,625.6,619.9,618.3,614.6,617.8,613,559.6,535.5,248199065,5.11.2021 19:30,0.1,1,
05.11.2021 18:31,14,05.11.2021 18:34,168,524.7,499.6,32.5,62.6,536.8,509,37.7,22.9,546.5,516.1,46.2,0,567.8,534.7,18.2,11.8,594.7,558.1,29.4,0,630,600.2,28.5,5.2,632.9,633,13.5,22.7,632.5,632.8,14.1,24.6,658.9,663.8,648.8,636.8,632.8,630.9,630.8,635.9,650.9,670.9,680,682,631.7,13,659,663.9,649,637,633,631.1,631.1,636,650.9,671,680,682,631.9,5,659,664.1,649,637,633,631,631,636,651,671,679.9,681.9,631.9,0,05.11.2021 18:34,577.97,577.97,05.11.2021 18:34,471.9,472.1,606.5,606.3,486,767.5,767.1,800.3,800,712.8,82,79,05.11.2021 18:37,32.54,9.71,0.74,05.11.2021 18:34,621.3,616.4,619.8,612.6,615.8,610.4,620.8,617.9,616.7,613.9,617.3,612.6,626.6,620.4,618.6,615.5,619.6,615.9,560.4,536.3,621.3,616.4,619.8,612.6,615.8,610.4,620.8,617.9,616.7,613.9,617.3,612.6,626.6,620.4,618.6,615.5,619.6,615.9,560.4,536.3,248199094,5.11.2021 19:31,0.16,1,
05.11.2021 18:33,13,05.11.2021 18:36,168,524.4,499.1,35.6,68.8,536.8,509.1,38.1,25.5,547.1,515,41.5,6.9,566.3,534.9,32.5,10.7,595.5,557.6,22,0,630.2,600.4,26.8,3.2,633.1,633,11.5,23.1,632.7,633,12.2,23.4,659.1,664,649.1,637,632.9,631,630.9,635.9,650.8,670.8,679.9,681.9,632.1,9.6,659.3,664.1,649.2,637.1,633.1,631,631,635.9,651,671,679.9,682,632,4.3,659,664,649,637,633,631,631.1,635.9,651.1,671,680,682.1,632,0,05.11.2021 18:36,577.97,577.97,05.11.2021 18:37,466.7,466.8,601.1,600.9,485.6,769.5,769,800.9,800.5,713.9,82,79,05.11.2021 18:39,32.84,9.78,0.77,05.11.2021 18:37,621.7,616.6,619.5,613.5,616,610.3,621.7,618.8,617.5,613.5,618.2,613.8,625.9,620.3,618.3,614.6,619.6,615.2,559.2,536.5,621.7,616.6,619.5,613.5,616,610.3,621.7,618.8,617.5,613.5,618.2,613.8,625.9,620.3,618.3,614.6,619.6,615.2,559.2,536.5,248199248,5.11.2021 19:47,0.29,0,
05.11.2021 18:48,14,05.11.2021 18:51,168,524.5,499.4,34.5,68.1,536.4,509.8,43.7,16.6,546.7,514.9,47.8,8,566.9,534.9,27,9.9,594.9,556.3,27,0,630,600.4,28.9,3.4,633.1,633.2,11.3,22.3,633.1,632.8,8.7,26.2,659,663.9,649,637.1,633.1,631.1,631,636,650.9,671,680.1,682,631.8,13.6,659,664.1,649.1,637.1,633.1,631.1,631.1,636,651.1,671,680,682,632.5,0,659,664,649,636.9,633,631,631,636,650.9,671,679.9,681.9,632.5,9,05.11.2021 18:51,577.9,577.9,05.11.2021 18:51,465.8,466,600.9,600.6,486.3,770.5,770.1,800.8,800.5,714.9,82,79,05.11.2021 18:54,32.84,10.07,0.76,05.11.2021 18:51,619.2,614.5,619.6,611.1,614.3,608.9,617.2,615.3,615.4,610.8,613.2,610.5,622.6,619.1,617,612.6,616.9,612.1,558.2,535.6,619.2,614.5,619.6,611.1,614.3,608.9,617.2,615.3,615.4,610.8,613.2,610.5,622.6,619.1,617,612.6,616.9,612.1,558.2,535.6,248200157,5.11.2021 19:53,0.14,1,
05.11.2021 18:54,14,05.11.2021 18:57,168,525.1,502.1,29.9,35.7,538.3,511.3,27.8,0.7,546.5,518.5,50.5,0,568.7,537.7,10,0,598.4,558.9,0,0,627.5,601.8,52.1,0,633.7,633.2,5.6,19.9,634.1,633.2,0,22.1,658.9,663.9,649,637,633,631,631,636,651,670.9,680.1,681.9,632.3,8.5,658.9,663.9,648.9,637.1,633.1,631.1,631.2,636,651,671,680,682,632.2,2,659,664.1,649.1,637,633.1,631.1,631,636,651,671.1,680.1,682.2,632.2,54.2,05.11.2021 18:57,577.9,577.9,05.11.2021 18:57,467.7,467.8,602.9,602.6,486.5,770.4,770,801,800.6,715.3,82,79,05.11.2021 19:00,32.84,9.69,0.72,05.11.2021 18:57,618.3,614.1,620.2,611.8,613.8,607.6,615.7,614.1,615.2,610.9,612.6,608.6,621.7,617.4,616.1,612.2,617.4,612.4,558.2,534.7,618.3,614.1,620.2,611.8,613.8,607.6,615.7,614.1,615.2,610.9,612.6,608.6,621.7,617.4,616.1,612.2,617.4,612.4,558.2,534.7,248200555,5.11.2021 19:54,0.42,0,
05.11.2021 18:54,15,05.11.2021 18:57,168,524,499.8,40,56.5,536.3,511.3,46.2,0.2,547.6,518.1,39.9,0,565.4,536.7,40.9,0,591.8,557.8,56.9,0,632.7,602,3.4,0,632.9,632.5,13.4,26.7,632.3,632.5,16.6,28.9,659.1,664,649,636.9,632.9,630.9,631,636,650.9,671,680,681.9,632.1,10.3,659,664,649,637,633.1,630.9,631,635.9,651,671,680.1,681.9,632,3.8,659,664,649.1,637.1,632.9,631,631.1,635.9,651.1,671,680.1,682,632,61.9,05.11.2021 18:57,577.9,577.9,05.11.2021 18:57,466.5,466.6,601.8,601.7,486.3,768.6,768.2,800.3,800,714.5,82,79,05.11.2021 19:00,32.33,9.7,0.72,05.11.2021 18:58,621.9,616.1,620.5,615.6,616.3,610.6,621,617.6,616.8,614.7,617.6,613.4,625.9,620.7,619,616.4,618.8,614,560.6,538.6,621.9,616.1,620.5,615.6,616.3,610.6,621,617.6,616.8,614.7,617.6,613.4,625.9,620.7,619,616.4,618.8,614,560.6,538.6,248200587,5.11.2021 19:57,0.3,0,
05.11.2021 18:58,14,05.11.2021 19:01,168,525.2,500.6,28.2,53.7,537.4,509.4,35.2,17.4,546.9,514.9,46.5,7.6,568.2,534.4,14.6,15.1,595.1,556.6,25.9,0,630,600,28.8,7.4,632.8,633.2,14.1,21.5,632.3,632.8,16.4,26.1,658.9,663.9,648.9,636.9,632.9,631,631,635.9,651,671,680.1,682.2,632.1,10.5,659.1,663.9,649.1,637.1,633,631.2,631.2,636,651,671,680.1,682.1,632.2,2.1,659.1,664,649,637,633,631,631,636,651,671,679.9,681.8,632.2,0,05.11.2021 19:01,577.9,577.9,05.11.2021 19:01,468,468.2,603.3,603.1,486,772.7,772.3,801.6,801.2,715.5,82,79,05.11.2021 19:04,33.03,9.5,0.71,05.11.2021 19:01,619.4,615.6,620,614.3,614.1,609.7,620,617.3,616.6,613.6,614.5,611.8,625.6,620.7,618.5,614.6,620.3,614,558.6,538.1,619.4,615.6,620,614.3,614.1,609.7,620,617.3,616.6,613.6,614.5,611.8,625.6,620.7,618.5,614.6,620.3,614,558.6,538.1,248200798,5.11.2021 19:57,0.2,1,
05.11.2021 18:58,15,05.11.2021 19:01,168,524.2,500.5,37.7,54.2,537,509.3,38.8,18.7,547.8,514.8,37.9,8.6,565.6,534.4,39.1,15.5,595.2,556.6,25.6,0,630.1,600.2,27.9,5.6,633.2,633.3,10.3,20.5,633.9,633,1.4,24.4,658.9,664,648.9,636.9,632.9,630.9,631.1,636.1,651,671.1,680,681.9,632,11.4,659,664,649.1,637.2,633.2,631.2,631,635.9,651.1,671.1,680.1,682.1,632.1,3,659,664.1,649,637,633,631,631,635.9,650.9,671,680,681.9,632.1,16.1,05.11.2021 19:01,577.9,577.9,05.11.2021 19:01,466.8,466.9,602.3,602.1,486.2,770.9,770.5,801,800.6,715.1,82,80,05.11.2021 19:04,32.72,9.78,0.71,05.11.2021 19:01,620.4,615.1,617.8,610.1,613.9,608.6,620.5,617.6,615.6,610.9,614.3,610.6,625,619.4,618.5,613.5,617.6,612.1,559.2,535.2,620.4,615.1,617.8,610.1,613.9,608.6,620.5,617.6,615.6,610.9,614.3,610.6,625,619.4,618.5,613.5,617.6,612.1,559.2,535.2,248200827,5.11.2021 19:58,0.06,1,
05.11.2021 18:59,14,05.11.2021 19:01,168,525,500.3,30,55.6,537.2,509.3,36.8,19.1,547,514.6,45.4,10.6,568,534.8,16.5,11.9,594.8,556.5,28.7,0,629.9,600.3,29.9,4.7,633.1,633.2,11.3,21.4,632.4,632.9,15.4,25.4,658.9,664,649,636.9,633,631,631,635.9,651,670.9,680,682,631.9,12.4,659,664,649.2,637,633.1,631.1,631.1,636,651,671.1,680,682,632.1,2.9,659,664,649,636.9,632.9,631.1,630.9,636,650.9,670.9,679.9,681.9,632.1,19.6,05.11.2021 19:02,577.9,577.9,05.11.2021 19:02,465.6,465.8,601.4,601.1,486.3,769,768.6,800.3,799.9,714.7,82,79,05.11.2021 19:05,32.52,9.11,0.68,05.11.2021 19:02,620.9,616,618.3,611.1,614,608.3,620.7,618.1,616.2,610.3,613.8,610.3,623.5,619.2,618,612.9,618.4,613,559,536.3,620.9,616,618.3,611.1,614,608.3,620.7,618.1,616.2,610.3,613.8,610.3,623.5,619.2,618,612.9,618.4,613,559,536.3,248200859,5.11.2021 19:59,0.19,1,
05.11.2021 18:59,14,05.11.2021 19:02,168,524.9,499.3,31,64.9,537,509.3,38.4,19.9,547.2,514.5,43.3,11.9,567.8,535.2,18.2,8.2,594.6,556.4,30.5,0,629.9,600.4,29.8,3.7,632.9,633,13.1,23.3,632.6,633.1,13.5,23.6,659,663.9,649,636.9,633,631,630.9,635.9,650.9,670.9,680,682,632.1,10.6,659.1,663.9,649,637,633,631,631,635.9,650.9,670.9,680,682,631.9,4.8,659,664.1,649,637,633.1,631.1,631,635.9,651,671.1,680.2,682.2,631.9,15.8,05.11.2021 19:03,577.9,577.9,05.11.2021 19:03,468.6,468.7,605.2,605.1,486.6,773.6,773.1,801.8,801.5,716.1,82,79,05.11.2021 19:06,32.84,9.55,0.7,05.11.2021 19:03,618.9,614.6,620.4,613.9,614.3,608.1,617,615.2,615.2,612.6,613,609.6,622.8,618.8,616.9,613.5,617.3,612.2,558.3,536.3,618.9,614.6,620.4,613.9,614.3,608.1,617,615.2,615.2,612.6,613,609.6,622.8,618.8,616.9,613.5,617.3,612.2,558.3,536.3,248200920,5.11.2021 19:59,0.27,0,
05.11.2021 19:00,15,05.11.2021 19:03,168,524.1,499,38.5,68,537.2,509.5,36.4,18.4,547.2,514.6,43.3,11.1,566,535.1,35.3,9,595.5,556.5,22.4,0,630.2,600.5,27,2.7,633.3,633,9.4,23.4,633.4,633.3,5.9,21.7,659.1,664.2,649.1,637,633,631,631,636,651,671,680,681.9,632.2,9.6,658.9,664,649,637,633,630.9,630.9,635.9,651,671,680,682,631.9,4.9,659.1,664.1,649.2,637.2,633.2,631.1,631.1,635.9,651.2,671.1,680.2,682.2,631.9,8.6,05.11.2021 19:03,577.9,577.9,05.11.2021 19:03,470.7,470.8,606.4,606.2,486.7,772.4,772,801.3,801,715.4,82,79,05.11.2021 19:06,32.72,9.44,0.69,05.11.2021 19:03,620.7,615.6,619.7,613.4,615,609.7,620.4,617.6,616.5,613,616.6,612,625,620.2,618,614.6,619,615,556.8,534.5,620.7,615.6,619.7,613.4,615,609.7,620.4,617.6,616.5,613,616.6,612,625,620.2,618,614.6,619,615,556.8,534.5,248200949,5.11.2021 20:00,0.09,1,
05.11.2021 19:11,15,05.11.2021 19:14,168,525,499.4,29.4,66.8,536.4,510.3,42.7,11.4,547,515,44.5,7.1,567.1,534.9,25,9.9,595,556,25.9,0,630.1,600.2,27.9,5.4,632.7,633,14.9,24.2,632.7,633.1,12.5,23.1,659,664.1,649.1,637,633,631.1,631,636,651,670.9,680,682,632,11.7,658.9,664,648.9,637.1,633,631,630.9,636,651,671,679.9,681.9,632,4.2,659,664,649,637,633,631.1,631,636,651,671,680,682.1,632,31.4,05.11.2021 19:14,577.9,577.9,05.11.2021 19:15,469.8,470,605.6,605.5,486.8,769.8,769.5,800.3,800,715.1,81,79,05.11.2021 19:17,33.13,9.53,0.7,05.11.2021 19:15,619.8,614.6,618.3,610.8,613.6,608.4,618.5,615.8,614.9,610.9,613.6,610.3,625.2,618.4,616.1,612.6,618.2,614.1,558.2,533.5,619.8,614.6,618.3,610.8,613.6,608.4,618.5,615.8,614.9,610.9,613.6,610.3,625.2,618.4,616.1,612.6,618.2,614.1,558.2,533.5,248201935,5.11.2021 21:11,0.09,1,
05.11.2021 20:11,14,05.11.2021 20:14,168,524.4,499.6,35.1,64.9,536.5,509.9,40.3,15.2,546.9,515,43.9,6.6,566.8,535,27,8.8,595,556.3,25.1,0,630.2,600.4,26.2,2.6,633.3,633.2,9.2,20.9,633.1,633.1,8.4,22.5,659,664,649,636.9,632.9,631,631.1,636.1,651,671,680,682,632.1,9.3,659,664,649.1,637.1,633,631,631.1,636.1,651,671.2,680.1,682,632,4.2,659,664,649,637.1,633.1,631.1,631,636.1,651.1,671,680.1,682,632,11.4,05.11.2021 20:14,577.9,577.9,05.11.2021 20:14,463,463.1,601.8,601.6,485.5,769.8,769.4,800.6,800.3,714.7,82,80,05.11.2021 20:17,32.33,10.26,0.72,05.11.2021 20:15,621.1,615.7,618.7,612.4,614.5,608.7,620.2,617.3,616.4,612.3,614,611.1,626,620.4,618.5,614.3,619.1,613.4,560.2,538.3,621.1,615.7,618.7,612.4,614.5,608.7,620.2,617.3,616.4,612.3,614,611.1,626,620.4,618.5,614.3,619.1,613.4,560.2,538.3,248206025,5.11.2021 21:45,0.05,1,
05.11.2021 20:46,15,05.11.2021 20:49,168,524.4,499.8,34,63.8,536.9,510.1,37,13.2,547.2,514.9,41.3,7.5,567,535,25.2,8.7,595.1,556,24.2,0,629.8,600.3,29.9,4.2,632.9,633,13,22.7,632.7,633.1,12.2,22,659,663.9,649,637,633,631,630.9,636,651,670.9,679.9,681.9,631.9,11.5,659,663.9,649.1,637,633.1,631.1,631,636.1,651.1,671,680,682,632.1,4.1,658.9,664,648.9,637,633,631.1,631,636.1,651.1,671.2,680.1,682.2,632.1,0,05.11.2021 20:49,577.93,577.93,05.11.2021 20:49,464.4,464.5,605,604.8,484.8,771.7,771.4,801.1,800.7,714.6,83,80,05.11.2021 20:52,32.45,9.14,0.72,05.11.2021 20:49,619.8,615.2,618.9,611.3,615.2,608.9,619.2,616.3,615.6,611.4,614.1,609.1,625.4,619.8,617.9,613.2,618.5,612.6,557.5,537.2,619.8,615.2,618.9,611.3,615.2,608.9,619.2,616.3,615.6,611.4,614.1,609.1,625.4,619.8,617.9,613.2,618.5,612.6,557.5,537.2,248208251,5.11.2021 21:54,0.08,1,
05.11.2021 20:55,14,05.11.2021 20:58,168,524.5,499.8,33.3,64.4,536.9,509.9,37,15,547.2,515.1,41.4,5.8,566.8,535,27,8.1,594.8,556.1,27,0,630.2,600.4,26.2,3,633.3,633,9.3,23,633.2,633.1,7.3,22.2,659,664,649.1,637,633,631.1,631.1,635.9,651.1,671,680,682.2,631.8,12.5,659,664,649.1,637.2,633.3,631.2,631.1,636,651.2,671.1,680,682,632,5.1,659.1,664,649.1,637,633,631.1,631,636,651,671,679.9,681.9,632,0,05.11.2021 20:58,577.93,577.93,05.11.2021 20:58,463.6,463.6,603.5,603.3,484.8,772.1,771.6,801.1,800.7,714.8,83,80,05.11.2021 21:01,32.62,10.03,0.77,05.11.2021 20:58,619.8,615.3,619.6,611.7,614,609.1,618,615.8,616,611,614,610.6,623.5,619.5,617.6,612.8,619,613.7,558.5,535,619.8,615.3,619.6,611.7,614,609.1,618,615.8,616,611,614,610.6,623.5,619.5,617.6,612.8,619,613.7,558.5,535,248208800,5.11.2021 21:59,0.06,1,
05.11.2021 21:00,10,05.11.2021 21:03,168,528.7,505.7,0,7.2,536.1,511,44,4.3,551,519.3,5,0,567.3,538.3,21.9,0,593.6,558.6,37.8,0,627.1,602.3,54.9,0,633.5,634.5,7.1,7.8,632.9,633.9,10,13.6,659,664,649.1,637,633.1,630.9,631.1,636,651.2,671.1,680.1,682.1,632.5,6.2,659,664,649.2,637.2,633.1,631.2,631.1,636.1,651.1,671.2,680.1,682.1,631.8,7.1,659.1,664.1,649,637.1,633.1,631.1,631.1,636.1,651.1,671,679.9,682,631.8,0,05.11.2021 21:03,577.93,577.93,05.11.2021 21:03,463.8,463.7,605.6,605.5,484.8,771.5,771.1,801.3,801,715.6,82,80,05.11.2021 21:06,32.74,10.02,0.78,05.11.2021 21:03,622.4,617,619.6,611,616.3,610.3,620.2,617.9,617,612.1,617.8,613.6,625.7,620.7,617.8,613.9,619,613.4,556.3,536.8,622.4,617,619.6,611,616.3,610.3,620.2,617.9,617,612.1,617.8,613.6,625.7,620.7,617.8,613.9,619,613.4,556.3,536.8,248209135,5.11.2021 22:08,0.16,1,
05.11.2021 21:08,14,05.11.2021 21:11,168,524.4,499.4,34.5,69,537,510.3,36.4,11.2,547.4,515.2,39.9,5.2,565.9,535,35.9,8.5,594.4,556.2,31.8,0,630.2,600.5,26,2.5,633.2,633.2,10.1,21.4,632.9,633,10.3,23.2,659,664,649.1,637.1,633.1,631.1,631,636,650.9,670.9,679.9,681.9,632,11.3,659,664,649.1,637.1,633,631,630.9,636,651,671,680,682,632,4.8,658.9,663.9,648.9,636.8,632.8,631,631,636,651.1,671.1,680,682,632,14.3,05.11.2021 21:11,577.93,577.93,05.11.2021 21:12,463.2,463.3,604.9,604.6,484.7,772.6,772.3,801.3,801,715,82,80,05.11.2021 21:18,32.25,9.64,0.78,05.11.2021 21:12,619.6,615.4,620.4,612.3,613.6,608.4,617.5,615.8,615.7,611.9,613.6,609.8,622.9,618.8,617,612.7,616.9,612,559.2,537,619.6,615.4,620.4,612.3,613.6,608.4,617.5,615.8,615.7,611.9,613.6,609.8,622.9,618.8,617,612.7,616.9,612,559.2,537,248209940,5.11.2021 22:11,0.4,0,
05.11.2021 21:12,14,05.11.2021 21:15,168,518.8,501.8,24,42.5,534.3,514.3,38.5,0,547.4,525.3,36.6,0,567.9,542.6,16,0,596.8,564,8.7,0,624.5,604.4,57.3,0,631.7,632.4,24.4,27.3,632.8,632.4,11.7,26.3,658.9,663.9,649,636.9,633,630.9,631.1,635.9,651,671,680.1,682.1,632.3,6.3,659.1,664.1,649.2,637,633.1,631.1,631.1,636,651,671,680,682,632.1,3.8,659,664,649,637.1,633.1,631.1,631,636,651.1,671.1,680,682,632.1,0,05.11.2021 21:15,578.17,578.17,05.11.2021 21:16,463.4,463.6,604.7,604.6,485.1,770.5,770.1,802,801.6,714.1,82,80,05.11.2021 21:19,32.45,9.48,0.76,05.11.2021 21:16,622.8,616.4,619.7,611.8,617,611.7,621.4,619.4,617.2,612,617.6,614.3,626.3,620.1,618.8,614.3,619.9,614,556.4,538.8,622.8,616.4,619.7,611.8,617,611.7,621.4,619.4,617.2,612,617.6,614.3,626.3,620.1,618.8,614.3,619.9,614,556.4,538.8,248210197,5.11.2021 22:15,0.63,0,
05.11.2021 21:16,14,05.11.2021 21:19,168,524.2,501.6,33.7,48.2,537.3,511.3,32.5,0.9,547.1,517.3,40.6,0,565.7,535.4,37.5,4.4,596.3,558.9,14.3,0,630.3,600.7,25.2,0.2,633.3,633.4,9.4,20.1,633.7,632.9,3.3,22.5,659,663.9,649,636.9,632.9,630.8,630.9,635.9,650.9,670.9,680,681.9,632.1,9.4,659,663.9,648.9,637.1,632.9,631.1,631.1,636,651,671.1,680,681.9,632,4.9,659,664,649,637,632.9,631.1,631,636,651.1,671,680.2,682.2,632,0,05.11.2021 21:19,577.97,577.97,05.11.2021 21:19,461.6,461.8,602.9,602.7,484.2,767.7,767.3,800.2,799.9,713.3,82,80,05.11.2021 21:22,32.72,9.56,0.77,05.11.2021 21:19,621.7,616.6,620.1,612.6,616.3,610,621.2,618.3,617,612.6,614.9,611.7,626.5,620.9,618.7,614.6,619.6,615.5,558.4,536.5,621.7,616.6,620.1,612.6,616.3,610,621.2,618.3,617,612.6,614.9,611.7,626.5,620.9,618.7,614.6,619.6,615.5,558.4,536.5,248210408,5.11.2021 22:16,-0.08,1,
05.11.2021 21:17,15,05.11.2021 21:20,168,524.8,501.6,30.9,45.7,537,510.2,35.4,10.4,547.1,516.4,40.7,0,566.4,534.8,31,9.8,596.2,558.3,15.1,0,630.7,600.3,21.3,3.9,633.3,633.1,9.3,22.9,633.3,632.9,7,22.8,659.1,664.1,649,636.9,633,631,631,636,650.9,670.9,680,681.9,632.1,9.3,658.9,664,649,637,633.1,631.1,631,636,651,671,680,682,632.1,3.8,659.1,664,649,637,633,631,631.1,636,651,670.9,680,682,632.1,0,05.11.2021 21:20,577.97,577.97,05.11.2021 21:20,459.4,459.6,600.7,600.5,483.8,772.1,771.7,801.7,801.3,714.2,82,80,05.11.2021 21:23,32.52,9.56,0.77,05.11.2021 21:20,620.9,615.9,621.2,613.2,614.6,609,620.1,616.8,616,611.5,613.7,610.1,625.4,618.8,616.1,611.6,619,612,556.5,535.5,620.9,615.9,621.2,613.2,614.6,609,620.1,616.8,616,611.5,613.7,610.1,625.4,618.8,616.1,611.6,619,612,556.5,535.5,248210469,5.11.2021 22:17,0.07,1,
05.11.2021 21:17,14,05.11.2021 21:20,168,524.3,500.5,35.6,55.3,536.5,509.6,40.2,16.1,546.6,515.8,45.8,0,566.8,534.5,27,12.8,593.6,557.7,39.1,0,629.8,600.1,30,6,633.3,633,9.3,23.9,632.8,633,11.9,22,659,664,649,637,632.9,631.1,631,635.9,650.9,671,680,682,632,10.2,658.9,664,649,637,632.9,631,631,635.9,651,671,680,681.9,632.1,3.8,659,664,648.9,637,633,631.1,631,635.9,651,671,680.1,682,632.1,0,05.11.2021 21:20,577.92,577.92,05.11.2021 21:20,461.1,461.2,603.2,603,484.5,770.8,770.5,801.2,800.8,714.1,82,79,05.11.2021 21:23,32.74,9.5,0.76,05.11.2021 21:21,621.2,616.9,621.2,612.6,615.9,610.1,621.5,618.9,618,612.8,617.6,613,626.3,620.7,618.5,613.5,620.1,614.9,556.7,535.8,621.2,616.9,621.2,612.6,615.9,610.1,621.5,618.9,618,612.8,617.6,613,626.3,620.7,618.5,613.5,620.1,614.9,556.7,535.8,248210502,5.11.2021 22:17,0.16,1,
05.11.2021 21:18,14,05.11.2021 21:21,168,524.4,499.4,34.8,65.5,536.8,509.1,37.3,21.1,547.1,515.6,41.1,1.2,566.6,534.4,29.3,14,596.6,557.9,11.2,0,629.6,600.1,31.6,6,632.9,633,13,23.9,632.9,632.9,10.7,23,659,664,649,637,633,631,631,636.1,650.9,671,680.1,682.2,631.9,11.2,659.1,663.9,649,636.9,633.1,631,630.9,636,651,671,680,682,632,4.7,659,664,649,637,633,631.1,631.1,636,651,671,679.9,681.9,632,0.8,05.11.2021 21:21,577.92,577.92,05.11.2021 21:21,464,464.1,605.3,605.1,485,768.9,768.5,800.5,800.1,713.5,82,80,05.11.2021 21:24,32.62,9.47,0.79,05.11.2021 21:21,621.6,616,620,613.3,616.2,610,621.1,618.3,616.3,612.8,616.5,611.7,625.8,620.1,617.6,614.1,620.2,615.2,557.1,536.1,621.6,616,620,613.3,616.2,610,621.1,618.3,616.3,612.8,616.5,611.7,625.8,620.1,617.6,614.1,620.2,615.2,557.1,536.1,248210531,5.11.2021 22:18,0.11,1,
05.11.2021 21:18,14,05.11.2021 21:21,168,524.6,498.7,33.1,72.5,536.8,508.8,37.3,24.6,546.9,515.3,43.1,3.8,566.8,534.5,27.1,13.3,593.2,557.4,42.8,0,630.8,600.4,20.5,3.3,633.2,633,10.2,24,633.3,633,7.2,22.1,659,664,649,637,633,631,631,635.9,650.9,671.1,680.1,682.1,631.8,12.2,659.2,664.1,649.3,637.1,633.1,631,631,636,651.1,671.1,680,682,632,4.7,658.9,664,649,637,633,631.1,631.1,636,651,671,680,682,632,4,05.11.2021 21:21,577.92,577.92,05.11.2021 21:21,463.9,464,604.7,604.5,484.6,768.6,768.1,800.5,800.1,713,82,80,05.11.2021 21:24,32.72,9.54,0.79,05.11.2021 21:22,621,615.8,618.7,613,614.4,608.6,620.4,618.2,616.4,612.9,614.6,611.4,625.7,620.5,618.8,614.8,619.7,612,556.1,536,621,615.8,618.7,613,614.4,608.6,620.4,618.2,616.4,612.9,614.6,611.4,625.7,620.5,618.8,614.8,619.7,612,556.1,536,248210563,5.11.2021 22:19,0.09,1,
05.11.2021 21:20,15,05.11.2021 21:22,168,524.4,499.1,34.9,70.5,536.9,508.8,36.5,26.6,547,514.8,42.4,8.5,567.2,535,23.7,9.1,597,557.5,7.1,0,629.8,600.4,30,3.3,633.2,633.2,10,22.1,632.3,633,16.4,22.4,658.9,663.9,649,636.9,633,631,631,635.9,650.9,671,680.1,681.9,632,10.6,659.1,664.1,649.4,637.2,633.1,631,631,636,651.1,671,680,682,632,4.8,659,664,648.9,636.9,632.9,631,630.9,636,651,670.9,680,681.9,632,3.3,05.11.2021 21:23,577.92,577.92,05.11.2021 21:23,460.8,460.9,601.6,601.4,484.7,770.6,770.2,801.1,800.6,714.3,82,79,05.11.2021 21:26,32.84,9.33,0.76,05.11.2021 21:23,620.3,616,620,612.7,615.1,609.3,617.4,615.7,616.4,612.9,613.6,610.3,623.1,618.4,616.7,613.8,617.5,612.4,557.8,534.2,620.3,616,620,612.7,615.1,609.3,617.4,615.7,616.4,612.9,613.6,610.3,623.1,618.4,616.7,613.8,617.5,612.4,557.8,534.2,248210652,5.11.2021 22:19,0.15,1,
05.11.2021 21:20,14,05.11.2021 21:23,168,525.3,499.6,26.3,65.9,536.4,509.1,41.2,24.4,547.1,514.7,41.6,9.5,566.4,534.9,30.9,10,593,556.9,44.6,0,630,600.3,28,4.2,633,633.2,12,22.1,633.7,633,3.2,22.4,659,663.9,649,636.9,632.9,631,631,636,650.9,670.9,680,681.9,632,10.6,658.9,664.1,649.3,637,632.9,631,631,636.1,651.1,671,680.1,682.1,632,4.8,659,664,649,637,633,630.9,630.9,636.1,651,671,679.9,682,632,3,05.11.2021 21:23,577.92,577.92,05.11.2021 21:23,459.7,459.8,600.6,600.4,484.8,768.8,768.4,800.4,800,713.8,82,80,05.11.2021 21:26,32.62,9.37,0.76,05.11.2021 21:23,621.5,616.9,620.5,613.7,615.9,610,620.2,617.6,617.6,613.9,615.8,611.5,626.1,621.8,619.8,614.9,620.2,614.4,558.6,536.4,621.5,616.9,620.5,613.7,615.9,610,620.2,617.6,617.6,613.9,615.8,611.5,626.1,621.8,619.8,614.9,620.2,614.4,558.6,536.4,248210681,5.11.2021 22:20,0.55,0,
05.11.2021 21:21,15,05.11.2021 21:23,168,524.2,499.9,36.8,63.1,537,509.4,35.6,21.9,547.1,514.8,41.6,8.7,567.4,535.2,21.8,7.1,596.9,557.3,7.8,0,630,600.4,28,3.2,633.1,633.2,10.9,22.1,632.5,633,14.5,22.5,659,663.9,649,636.9,632.9,631,631,635.9,650.9,670.9,680,681.9,632,10.6,659,664,649.2,637.1,633,631,631.2,636,651.1,671.1,680.1,682,632.1,3.8,659.1,664.1,649.1,637,633.1,631.1,631,636,651,671.1,680,682.1,632.1,6.2,05.11.2021 21:24,577.92,577.92,05.11.2021 21:24,462,462.1,603.6,603.5,484.8,770.7,770.2,801.1,800.6,713.5,82,79,05.11.2021 21:27,32.23,9.37,0,05.11.2021 21:24,619.9,614.7,618.1,612.4,614,608,619.6,616.3,615.5,611.8,613.5,609.3,625.5,620.7,617.8,613.6,619.6,612,558.7,535.3,619.9,614.7,618.1,612.4,614,608,619.6,616.3,615.5,611.8,613.5,609.3,625.5,620.7,617.8,613.6,619.6,612,558.7,535.3,248210713,5.11.2021 22:21,0.01,1,
05.11.2021 21:23,14,05.11.2021 21:26,168,525,499.5,28.9,65.9,536.4,510.9,41.5,6.9,547.3,515.1,40.1,6,566.1,534.9,33.9,9.6,594,556.7,35.3,0,630.3,600.3,25.1,4.2,633.2,633.1,10.1,23.2,632.9,633,10.6,22.7,658.9,664.1,649,637,633,631,630.9,635.9,651,671,680,682,632,10.7,659,664,649,637,633,631,630.9,636,651,671,680,681.9,631.9,5.5,658.9,664,649,637,633,631,631,636,650.9,671,679.9,681.9,631.9,1.6,05.11.2021 21:26,577.92,577.92,05.11.2021 21:26,461.6,461.7,601.9,601.8,484.3,773,772.6,801.8,801.3,714.5,82,79,05.11.2021 21:29,32.84,9.44,0.76,05.11.2021 21:26,620.1,614.7,618.7,611.8,614.7,609,619.3,616.2,615.4,611.6,614.3,610.3,624.8,619.1,617.8,613.6,618.8,613,557.2,535.4,620.1,614.7,618.7,611.8,614.7,609,619.3,616.2,615.4,611.6,614.3,610.3,624.8,619.1,617.8,613.6,618.8,613,557.2,535.4,248210863,5.11.2021 22:23,0.33,0,
05.11.2021 21:24,14,05.11.2021 21:27,168,524.6,499.6,32.8,65.2,536.6,510.8,39.6,6.9,547.3,515.1,40.3,5.9,566,534.8,34.9,10.6,594.7,556.7,28.8,0,630,600.3,28,4.2,632.9,633.2,12.9,22.2,632.6,633,13.5,22.8,658.9,663.9,649,636.9,633,630.9,631,636,651,671,680,682.1,631.9,11.7,659.1,664.2,649.3,637.1,633.1,631.2,631.2,636,651,671,680,682.1,631.9,5.5,659,663.9,649.1,637.1,633,631.1,631,636,650.9,671,679.9,681.8,631.9,4.6,05.11.2021 21:27,577.92,577.92,05.11.2021 21:27,460.1,460.1,601.1,600.8,484.1,770,769.6,800.6,800.3,714,82,80,05.11.2021 21:30,32.84,9.44,0.76,05.11.2021 21:27,620.7,616.1,620.5,615.1,616.3,609.4,621,618.3,617,613.9,616,610.9,625.7,620.5,618.3,614.3,621,614.8,559.5,537.2,620.7,616.1,620.5,615.1,616.3,609.4,621,618.3,617,613.9,616,610.9,625.7,620.5,618.3,614.3,621,614.8,559.5,537.2,248210924,5.11.2021 22:24,0.05,1,
05.11.2021 21:24,14,05.11.2021 21:27,168,525,499.9,29.1,62.3,536.9,510.6,36.8,8.4,547.1,515.2,42.1,4.9,567.7,535,18.9,8.7,595.2,556.7,23.5,0,630,600.4,28.1,3.2,633.2,633.3,10.1,21.2,633.4,633.1,5.9,21.9,659,664,649.1,637,633,631.1,631,636.1,650.9,671,680,682.1,631.9,11.8,659.2,664.1,649.4,637.1,633,631.1,631,636.1,651.2,671.1,680,682.1,632,4.6,659,664,649,637,633,631,631,636.1,650.9,671,680,681.9,632,7.9,05.11.2021 21:27,577.92,577.92,05.11.2021 21:27,465.4,465.5,606.3,606.1,484.8,769.2,768.8,800.4,800.1,713.7,82,79,05.11.2021 21:30,32.62,9.46,0.77,05.11.2021 21:28,618.7,614.3,621,614.3,614,607.6,616.2,614.6,615.2,612.7,612.9,608.3,621.7,617.5,616.4,613.6,617.9,612.1,557.6,537,618.7,614.3,621,614.3,614,607.6,616.2,614.6,615.2,612.7,612.9,608.3,621.7,617.5,616.4,613.6,617.9,612.1,557.6,537,248210956,5.11.2021 22:24,0.1,1,
05.11.2021 21:25,14,05.11.2021 21:28,168,524.6,500,32.8,61.2,536.7,510.4,38.8,10,547.2,515.1,41.2,5.8,566,534.9,35,9.7,595.1,556.7,25,0,630.1,600.4,27.1,3.2,633.3,633.3,9.2,21.1,632.7,633,12.6,22.9,659,663.9,649,636.9,632.9,630.9,631,636,651,671,680,682,631.8,12.8,659.1,664,649.2,637.2,633.2,631.4,631.2,636.1,651.1,671.1,680,682.1,632,4.6,659,663.9,648.9,637,633,630.9,631,636.1,651,671,679.9,681.9,632,25.5,05.11.2021 21:28,577.92,577.92,05.11.2021 21:28,466.3,466.5,606.5,606.2,484.9,773,772.6,801.7,801.3,714.4,82,79,05.11.2021 21:31,32.74,9.44,0.76,05.11.2021 21:28,620.8,615.8,619.6,612.4,615.3,608.6,620.4,617.8,616.8,613,615.2,611.3,625.8,620.7,618.5,614.4,619.4,613.7,556,535.5,620.8,615.8,619.6,612.4,615.3,608.6,620.4,617.8,616.8,613,615.2,611.3,625.8,620.7,618.5,614.4,619.4,613.7,556,535.5,248210985,5.11.2021 22:25,0.14,1,
05.11.2021 21:25,14,05.11.2021 21:28,168,524.7,500,31.8,61,536.9,510.2,36.8,11.7,547,515.1,43.2,5.7,567.8,535,17.9,8.7,594.7,556.5,28.2,0,629.9,600.4,29,3.2,633,633.2,11.9,22,633.1,633,8.8,22.9,659,663.9,649.1,637,633,631.1,630.9,635.9,650.9,670.9,680,682,631.9,11.9,659,664,649.2,637.1,633.3,631.2,631.2,636.1,651.1,671.1,680.1,682,632.1,3.7,659.1,664,649,637,633.1,631.1,631.1,636.1,651,671,680,682,632.1,22,05.11.2021 21:28,577.92,577.92,05.11.2021 21:28,465.8,466,605.6,605.4,485.1,772.8,772.4,801.6,801.2,714.5,82,79,05.11.2021 21:31,32.84,9.34,0.75,05.11.2021 21:29,620.7,615,618.8,613.2,614.9,609.3,619.6,616.3,615.9,612.6,614.8,611.4,624.9,620.2,618.4,614.3,620.7,613.1,560.4,535.7,620.7,615,618.8,613.2,614.9,609.3,619.6,616.3,615.9,612.6,614.8,611.4,624.9,620.2,618.4,614.3,620.7,613.1,560.4,535.7,248211017,5.11.2021 22:25,0.08,1,
05.11.2021 21:26,14,05.11.2021 21:29,168,524.8,499.7,30.7,63.8,536.6,509.8,39.8,15.5,547.7,515.1,36.5,5.7,566.1,534.8,34,10.6,595.4,556.7,22.1,0,630.2,600.5,26.1,2.2,633.4,633.3,8.1,21,633,632.9,9.7,23.9,658.9,663.9,649,637,633,631,631,636,651,670.9,680,682,632,11,659,664,649,637,633,631,631,636.1,651.1,671.1,680.1,682,632.1,3.6,659.1,664.1,649.2,637,633,631.1,631.1,636.1,651.2,671,680.1,682,632.1,7.8,05.11.2021 21:29,577.92,577.92,05.11.2021 21:29,464.9,465,604.6,604.4,485.1,771.2,770.8,801,800.6,714,82,79,05.11.2021 21:32,32.91,9.26,0.75,05.11.2021 21:29,620,615.6,620.4,613.9,615.2,610.4,619.5,616.8,616.6,614.3,614.1,610.9,624.1,620.2,618.4,614.6,617.5,612.6,557.4,533.9,620,615.6,620.4,613.9,615.2,610.4,619.5,616.8,616.6,614.3,614.1,610.9,624.1,620.2,618.4,614.6,617.5,612.6,557.4,533.9,248211046,5.11.2021 22:26,-0.18,1,
05.11.2021 21:26,15,05.11.2021 21:29,168,524.3,499.5,35.6,65.7,537,509.8,35.9,15.6,546.8,514.9,45,7.5,567.4,535,21.6,8.8,594.5,556.5,30.1,0,629.9,600.3,29,4.1,632.8,633.1,13.8,22.9,632.9,633,10.6,23.1,659,663.9,649,637,632.9,631,631,636,650.8,670.8,679.9,681.8,632,11,658.8,663.9,649.2,637,633,631.1,631.1,636.1,651.1,671,680.1,682,632.4,0.5,659,664,649.1,637,633.1,631.2,631,636.1,651,671,680,682.1,632.4,0,05.11.2021 21:29,577.92,577.92,05.11.2021 21:29,463.7,463.8,603.6,603.3,484.8,769.1,768.7,800.3,800,713.8,82,79,05.11.2021 21:32,32.62,9.68,0.78,05.11.2021 21:30,620.8,615.5,619.4,611.8,615.2,609.6,619.8,616.4,616,612.1,614.6,611,625.2,619.6,618.3,613.8,618,614,559.1,537,620.8,615.5,619.4,611.8,615.2,609.6,619.8,616.4,616,612.1,614.6,611,625.2,619.6,618.3,613.8,618,614,559.1,537,248211078,5.11.2021 22:27,-0.03,1,
05.11.2021 21:27,15,05.11.2021 21:30,168,524.3,499.2,35.6,69,536.9,509.5,36.9,18.8,547.1,514.9,42.3,7.6,567,534.9,25.4,9.7,594.7,556.5,28.2,0,630.3,600.4,25.3,3.1,633,633,11.9,23.9,632.9,633.1,10.7,22.1,659,664.1,649,637,632.9,631,631,636,651,670.9,679.9,681.9,632,10.9,659.1,664.1,649.3,637,633,630.9,630.9,635.9,651,670.9,680,682,632.1,3,659,664.1,649.1,637.1,633.1,631,631.1,635.9,651,671.1,680.1,682.1,632.1,0,05.11.2021 21:30,577.92,577.92,05.11.2021 21:30,461.4,461.6,601.6,601.4,484.3,773.5,773,801.8,801.5,714.6,82,79,05.11.2021 21:33,32.72,9.47,0.76,05.11.2021 21:31,620.4,616,620.7,615,614.4,608.8,620.2,618.2,616.8,613.7,615.2,610.6,625.5,620.7,618.4,614.5,619.6,614.2,559.2,537.1,620.4,616,620.7,615,614.4,608.8,620.2,618.2,616.8,613.7,615.2,610.6,625.5,620.7,618.4,614.5,619.6,614.2,559.2,537.1,248211139,5.11.2021 22:28,0.38,0,
05.11.2021 21:28,14,05.11.2021 21:31,168,524.5,499.6,33.7,65.5,536.9,509.4,36.9,20.3,547.1,514.9,42.4,7.6,567,535,25.4,8.8,594.5,556.4,30.1,0,630.3,600.3,25.2,4.1,633.3,633.1,9.1,23.1,633,633.1,9.7,22,659,664,649,637,632.9,631,631.1,636.1,651,671,680,682,631.9,11.8,659,664.1,649.4,637.1,633.1,631.1,631.2,636,651,671,680,682.1,631.8,5.9,659,664,649.1,637,633,631,630.9,636,651,670.9,680.1,682.1,631.8,14.4,05.11.2021 21:31,577.92,577.92,05.11.2021 21:31,461.7,461.7,602.8,602.6,484.3,770.5,770.1,800.8,800.4,714.1,82,79,05.11.2021 21:34,33.03,8.87,0.73,05.11.2021 21:32,621,615.2,618.9,613.2,615.4,608.4,619.3,616.3,616.4,613,616.1,611.3,624.8,618.3,616.9,614.2,620.7,614.9,560.1,533.8,621,615.2,618.9,613.2,615.4,608.4,619.3,616.3,616.4,613,616.1,611.3,624.8,618.3,616.9,614.2,620.7,614.9,560.1,533.8,248211200,5.11.2021 22:28,0.07,1,
05.11.2021 21:29,14,05.11.2021 21:31,168,524.4,499.9,34.7,62.6,536.9,509.6,36.9,18.7,547,514.8,43.3,8.6,566.7,535,28.4,8.8,595.4,556.5,21.8,0,629.8,600.2,29.9,5.1,633.1,633.2,11,22.1,632.9,632.9,10.6,24,658.9,664,649,637,633,630.9,630.9,635.9,650.9,671,680,682,631.8,12.8,659.1,664.1,649.2,637.1,633.2,631.1,631,636,651.2,671.1,680,682,631.8,6,658.9,663.9,648.9,637,633,631,631,636,651,671.1,680,681.9,631.8,21.5,05.11.2021 21:32,577.92,577.92,05.11.2021 21:32,464,464.1,604.6,604.4,484.9,769.1,768.7,800.3,799.9,714.1,82,79,05.11.2021 21:35,32.72,9.15,0.74,05.11.2021 21:32,620.2,616.1,620.4,612,615.2,609.3,618.3,616.4,616.9,612.7,614.6,610.8,624.8,620.6,618.7,613.5,619.4,614,560.8,534.6,620.2,616.1,620.4,612,615.2,609.3,618.3,616.4,616.9,612.7,614.6,610.8,624.8,620.6,618.7,613.5,619.4,614,560.8,534.6,248211228,5.11.2021 22:29,0.31,0,
05.11.2021 21:30,10,05.11.2021 21:33,168,527.4,506.8,6.2,0,534.3,511.5,60.7,0.2,550.2,520.6,12.4,0,566.5,539.2,29.6,0,592.6,559.9,47.3,0,628.9,603.4,37.7,0,633.4,635,8,3.8,632.8,633.8,11.5,14.3,659.1,664,649.1,637,633,631,631,635.8,651,670.9,680,682,632.5,6.1,658.9,664,649.2,637,632.9,631,631.2,636,651.1,671.1,680,682.1,631.9,5.2,659,664,649,637,633,631,631.1,636,651,671.1,680,682.1,631.9,0,05.11.2021 21:33,577.92,577.92,05.11.2021 21:33,461.3,461.4,601.8,601.5,484.5,770,769.6,801.2,800.8,715.3,82,79,05.11.2021 21:36,32.59,9.35,0.76,05.11.2021 21:33,620.8,615.6,619.6,613.7,615.9,611.2,619.6,617,616.5,612.8,617.5,613.4,625.6,621.4,619.1,615,619.5,615,555.1,537.7,620.8,615.6,619.6,613.7,615.9,611.2,619.6,617,616.5,612.8,617.5,613.4,625.6,621.4,619.1,615,619.5,615,555.1,537.7,248211305,5.11.2021 22:30,0.14,1,
05.11.2021 21:31,14,05.11.2021 21:34,168,525,500.8,29,48.3,534.3,511.6,61.3,0,547.8,519.1,35.7,0,566.5,537.8,29.8,0,592.6,558.9,47.8,0,630.1,602.2,26.6,0,632.2,632.6,19.5,25.7,632.2,632.5,17.3,26.4,659.1,664.1,649,636.9,633,631,631,636.1,651.1,671.1,679.9,682.1,632.3,7.6,658.9,664,649.1,637,633,631,631,636,651.1,671.1,680,682,632.1,3.3,658.9,664,649,637,632.9,630.9,631,636,651,671,680,681.9,632.1,67.4,05.11.2021 21:34,577.92,577.92,05.11.2021 21:34,460.6,460.8,602.4,602.1,484.4,768.7,768.3,800.6,800.3,713.8,82,79,05.11.2021 21:37,32.54,9.5,0.77,05.11.2021 21:34,622.1,617.3,620.5,611.8,616.9,612.4,621.8,619.4,617,612.1,617,614,625.3,621.5,619,613.6,618.9,613.8,558.9,538.8,622.1,617.3,620.5,611.8,616.9,612.4,621.8,619.4,617,612.1,617,614,625.3,621.5,619,613.6,618.9,613.8,558.9,538.8,248211366,5.11.2021 22:31,0.25,0,
05.11.2021 21:31,14,05.11.2021 21:34,168,524.3,497.8,36.2,76.9,539.1,511.4,16.7,0.6,546.7,518.3,45.9,0,566.9,537.1,26.7,0,597.7,559.2,0.3,0,629,601.4,36.7,0,633.8,632.3,4.4,29,633.7,632.4,3.3,27.6,659,663.9,649,637,633,631,631,636,651.1,671,680,682.2,632,10.3,659,663.9,649,637,633,631,631,636,651,671.1,680.1,682,632.1,3.3,659,664,649,637,633,631.1,631.1,636,651,671,679.9,681.9,632.1,64.7,05.11.2021 21:34,577.92,577.92,05.11.2021 21:34,464.9,465,606.1,605.9,484.5,772.5,772.1,802,801.6,714.1,82,79,05.11.2021 21:37,32.74,9.49,0.77,05.11.2021 21:35,621.2,615.6,619.3,612.6,614.8,608.3,620.2,617.1,616.3,612.3,614.6,610.7,626.1,621.5,618.8,613.6,618.3,612.7,557.7,538.4,621.2,615.6,619.3,612.6,614.8,608.3,620.2,617.1,616.3,612.3,614.6,610.7,626.1,621.5,618.8,613.6,618.3,612.7,557.7,538.4,248211399,5.11.2021 22:37,0.12,1,
05.11.2021 21:37,14,05.11.2021 21:40,168,524.8,499,30.9,70,536.6,510,39.9,14.8,547.5,515.1,38.9,6.4,565.8,535.2,36.8,7.6,594.9,556.6,27.3,0,629.9,600.4,28.8,3.6,633.5,633.2,7.4,22,633.2,633.1,7.9,22.3,659,664.2,649,637,633,630.9,631.1,636.1,651,671.1,680,682.1,631.9,12.1,659,664,648.9,637.1,633.1,631.1,631.1,636,651,671,679.9,681.9,632.2,1.7,659,663.9,649,636.9,632.9,630.9,631,636,651,670.9,680,681.9,632.2,22.3,05.11.2021 21:40,577.92,577.92,05.11.2021 21:41,462.1,462.3,602.3,602.2,485.1,771.6,771.3,801.3,800.9,714.5,82,79,05.11.2021 21:43,32.33,9.1,0.73,05.11.2021 21:41,620.2,615.6,618.4,612.1,614.1,607.2,619.3,616.5,615.7,611.8,613.6,609.4,623.7,617.2,616.6,614,617.8,611.9,559.5,536.3,620.2,615.6,618.4,612.1,614.1,607.2,619.3,616.5,615.7,611.8,613.6,609.4,623.7,617.2,616.6,614,617.8,611.9,559.5,536.3,248211792,5.11.2021 22:37,0.07,1,
05.11.2021 21:38,14,05.11.2021 21:41,168,524.9,499.2,30,68.5,537,510.3,36.1,11.9,546.7,515,46.4,7.3,568,535.4,16.2,5.5,594.7,556.5,28.7,0,630.3,600.5,25.1,2.6,633,633.1,12.1,22.9,632.8,633,11.7,23.3,659,664,649,637,633.1,631,631,635.9,651,671,680.1,682.1,631.9,12.1,658.8,663.9,648.9,637,633,631,630.9,635.9,651,671,680,681.9,632.1,2.5,659.1,664,649,637,633,631,631,635.9,650.9,670.9,679.9,681.9,632.1,15.2,05.11.2021 21:41,577.92,577.92,05.11.2021 21:41,461,461.1,601.5,601.3,485,773.4,773,801.8,801.5,715,82,79,05.11.2021 21:45,32.59,9.1,0,05.11.2021 21:41,619.6,614.4,617.3,610.8,614.6,609.6,619.5,616.4,615.5,611.3,615,611.7,624.9,618.8,617.2,614.2,617.9,613.7,555.9,533.5,619.6,614.4,617.3,610.8,614.6,609.6,619.5,616.4,615.5,611.3,615,611.7,624.9,618.8,617.2,614.2,617.9,613.7,555.9,533.5,248211821,5.11.2021 22:39,0.32,0,
05.11.2021 21:40,14,05.11.2021 21:43,168,524,500,38.2,60.6,537,510.5,36,9.1,547.2,515.1,41.7,6.1,567.5,535,20.7,8.9,594.2,556.2,33.3,0,629.7,600.3,30.8,4.4,632.6,632.9,15.9,24.8,632.9,633.2,10.7,21.2,659.1,663.9,648.9,637,633,631,631,635.9,650.9,671,680,681.9,632.4,7.2,659.1,664.1,649.5,637.1,633,631.2,631,635.9,651,671,680,682.1,631.9,4.6,659,664,649,637,633.1,631.1,631,635.9,651.1,671.1,680.1,682.1,631.9,43.4,05.11.2021 21:43,577.92,577.92,05.11.2021 21:43,463.4,463.6,603.8,603.6,484.6,771.5,771.1,801.5,801.1,714.4,82,79,05.11.2021 21:46,32.54,9.4,0.76,05.11.2021 21:44,620.6,615.2,619.6,613.9,615.1,609.9,619.7,617,616,613,615.8,611.4,625.6,620.1,617.6,614.6,620.7,614.5,556.3,535.5,620.6,615.2,619.6,613.9,615.1,609.9,619.7,617,616,613,615.8,611.4,625.6,620.1,617.6,614.6,620.7,614.5,556.3,535.5,248211943,5.11.2021 22:41,0.11,1,
05.11.2021 21:41,14,05.11.2021 21:44,168,524.5,499.6,33.4,64.2,536.5,510.2,40.7,11.2,547,515,43.5,7,566.8,534.9,27.4,9.8,595.6,556.5,20.3,0,630.2,600.5,26.1,2.5,632.8,633.2,13.9,22,633,632.8,9.7,25.1,659,664,649,637,633,631.1,631.1,636,651.1,671,680,681.9,631.9,11.7,659,664.1,649.2,637.2,633.2,631.1,631,636.1,651.2,671.1,680,682.1,632.1,2.8,658.9,663.9,649,637,633,631.1,631.1,636.1,651.1,671.2,680.1,682,632.1,0,05.11.2021 21:44,577.92,577.92,05.11.2021 21:44,460.1,460.3,600.8,600.7,484.7,770.1,769.7,800.8,800.6,714.2,82,79,05.11.2021 21:49,32.15,9.4,0.76,05.11.2021 21:46,620,614.9,618.6,614.1,615,609.3,620,616.9,616.2,613.5,615.2,611,625.9,621,618.9,614.8,618.4,613.2,557,535.6,620,614.9,618.6,614.1,615,609.3,620,616.9,616.2,613.5,615.2,611,625.9,621,618.9,614.8,618.4,613.2,557,535.6,248212036,5.11.2021 22:42,0.61,0,
05.11.2021 21:43,99,05.11.2021 21:46,168,525.8,508.8,100,0,535.5,512.4,47.6,0,548.7,524,25,0,566.1,541.6,32.3,0,594.3,562.5,30.3,0,627.3,605.4,51.8,0,633.4,635,8.2,3.7,632.2,633.6,17.2,14.9,659,664,649,637,632.9,630.9,631.1,636,651.1,671,680.1,682.1,632.7,3.7,658.8,663.9,649.1,637.1,633,631.3,631.3,636.1,651.1,671.1,680,682,632,3.7,659,664,649,637.1,633,631.1,631,636.1,651.1,671,680,682,632,0,05.11.2021 21:46,577.92,577.92,05.11.2021 21:46,464.7,464.9,605.3,605,485.2,767.9,767.5,801.1,800.8,714.8,82,79,05.11.2021 21:49,31.81,9.38,0.75,05.11.2021 21:47,619.1,615.3,621.1,614.2,616.1,610.9,618.3,616.2,616.9,613.7,618.2,614.1,624.4,620.1,618.7,615.5,620.7,615.4,555.4,537.1,619.1,615.3,621.1,614.2,616.1,610.9,618.3,616.2,616.9,613.7,618.2,614.1,624.4,620.1,618.7,615.5,620.7,615.4,555.4,537.1,248212153,5.11.2021 22:43,0.56,0,
05.11.2021 22:12,13,05.11.2021 22:15,168,510,490.1,29.6,100,530.5,519.6,28.6,0,546.7,528.8,44.1,0,562.4,542,30.1,0,585.1,561.3,6.4,0,610.1,597.7,45.1,30.5,632,631,18.3,31.7,631.4,631.6,18.8,32.1,659,663.9,648.6,636.6,632.6,630.6,630.4,635.6,650.5,670.5,679.9,682,630.9,14.2,659,664,649.2,637,633.1,631,631,636.1,650.9,670.9,680,682,631.9,4.8,658.9,663.9,649,637,633,630.9,631,636.1,651,671,679.9,681.9,631.9,34.3,05.11.2021 22:15,578.1,578.1,05.11.2021 22:15,466.8,467.1,602.4,602.2,482.1,756.6,756.2,800.6,800.3,707.9,83,80,05.11.2021 22:18,31.91,9.51,0.76,05.11.2021 22:16,624.2,620,626.8,620.1,622.5,616,622.7,620.3,620.9,617.4,618.9,615.1,627.9,623.6,620.7,617.2,620.7,616.2,556.8,543.4,624.2,620,626.8,620.1,622.5,616,622.7,620.3,620.9,617.4,618.9,615.1,627.9,623.6,620.7,617.2,620.7,616.2,556.8,543.4,248214285,5.11.2021 23:14,0.37,0,
05.11.2021 22:15,14,05.11.2021 22:18,168,514.1,496.5,34.4,61.9,533.7,515.8,43.1,0,546.8,522.4,45.5,0,565.5,538.1,40.1,0,586.9,558,33.5,0,615.9,599.5,32.7,18.6,632.7,632.2,13.2,24.5,633.2,632.9,3.6,22.1,658.9,663.8,648.7,636.6,632.6,630.7,630.5,635.6,650.5,670.5,679.7,681.8,631.6,10,659,664.1,649.2,637.1,633,631.3,631.3,636.1,651.1,671.2,680,682.1,631.9,5,659,664,649,637,633,630.9,631.1,636.1,650.9,671,680,682.1,631.9,0,05.11.2021 22:18,578,578,05.11.2021 22:18,470.4,470.6,603.9,603.7,483.1,758,757.6,800.1,799.9,708.3,82,80,05.11.2021 22:21,32.13,8.72,0.7,05.11.2021 22:19,625.7,619.3,623.3,616.2,620,615.6,623.2,620.7,620,615.6,620.3,617.2,628.3,624.2,622.3,618,621.4,616.9,557.4,539.2,625.7,619.3,623.3,616.2,620,615.6,623.2,620.7,620,615.6,620.3,617.2,628.3,624.2,622.3,618,621.4,616.9,557.4,539.2,248214433,5.11.2021 23:15,0.46,0,
05.11.2021 22:16,14,05.11.2021 22:19,168,516.7,496.6,36.4,65.6,536.4,513.3,41,0,546.5,520.4,49.2,0,567.1,537,25.8,0,590.1,557.6,29.1,0,619.2,600.3,27.5,11.5,632.3,632.2,17.3,25.9,632.1,632.7,14.8,24.5,659,664.1,648.6,636.7,632.6,630.7,630.6,635.6,650.4,670.5,679.8,681.8,631.6,10.6,659,664,649,636.9,633.1,631.1,631.1,636,651,671,680,682,632,4.1,659,664,649.1,637,633,631,631.1,636,651,671.1,680.2,682,632,0,05.11.2021 22:19,578,578,05.11.2021 22:19,467.6,467.8,601.2,601.1,483,762.3,762,801.4,801.1,709.6,82,80,05.11.2021 22:22,32.13,9.05,0.73,05.11.2021 22:20,625.2,620.6,622.8,617,620.2,615.3,623.7,619,619.6,616.9,620.3,617,627.6,620.2,618.9,617.2,620.2,616.9,558.6,542.4,625.2,620.6,622.8,617,620.2,615.3,623.7,619,619.6,616.9,620.3,617,627.6,620.2,618.9,617.2,620.2,616.9,558.6,542.4,248214522,5.11.2021 23:24,0.08,1,
05.11.2021 22:24,14,05.11.2021 22:27,168,524.4,499,36.9,64.8,537.2,510.8,35.8,9.3,547,515.6,46.4,1.2,567.4,534.9,24,9.4,595.6,557.4,21.8,0,629.9,600.7,30.5,3.1,633.3,632.8,9.4,25.2,633.1,633,7.6,24,659,664,648.9,636.9,632.9,630.9,631,636,650.8,670.9,679.9,682,631.9,11.3,659,664,648.9,637.1,633,631,630.9,636,651,671,680,682,631.9,4.8,659,664,649,636.9,633,630.9,631,636,651,671,680,681.8,631.9,0.8,05.11.2021 22:27,578,578,05.11.2021 22:27,476.3,476.3,606.2,606,485.3,766.6,766.3,801.8,801.5,711.6,82,79,05.11.2021 22:30,32.52,8.91,0.71,05.11.2021 22:28,622.7,617.5,621.1,615.7,617.8,612.3,621.5,619.3,618.2,615.4,617.7,613,627.6,622.4,620.1,616.9,621.5,614.9,559.1,539.2,622.7,617.5,621.1,615.7,617.8,612.3,621.5,619.3,618.2,615.4,617.7,613,627.6,622.4,620.1,616.9,621.5,614.9,559.1,539.2,248215041,5.11.2021 23:33,0.38,0,
05.11.2021 22:34,15,05.11.2021 22:37,168,516,495.6,48.3,99.9,533.4,513.6,56.4,0,547,522.9,43.5,0,565.8,540.3,37.8,0,591.9,562.4,56.9,0,629.7,603.4,13.8,0,633.1,631.9,11.8,34.1,632.9,632.1,10.5,31.3,659,664,648.9,636.9,632.9,630.9,631,635.9,650.9,670.9,680,681.9,631.6,12.8,659.1,664.1,649.2,637.1,633.1,631.1,631.1,636.1,651,670.9,680,681.9,632,3.9,658.9,663.9,649.1,637,633,631,631,636.1,651.1,671,679.9,682.1,632,0,05.11.2021 22:37,578,578,05.11.2021 22:37,469,469.2,600.3,600.1,486.1,761.4,761,800.3,800,711.2,82,80,05.11.2021 22:40,32.62,9.44,0.77,05.11.2021 22:37,625.3,620.7,623.1,615.6,618.5,614.3,624.1,622.4,620.2,615.3,620,616.1,627.4,622.6,620.9,616.7,620.7,617.6,557.3,538.3,625.3,620.7,623.1,615.6,618.5,614.3,624.1,622.4,620.2,615.3,620,616.1,627.4,622.6,620.9,616.7,620.7,617.6,557.3,538.3,248215647,5.11.2021 23:38,0.31,0,
05.11.2021 22:38,14,05.11.2021 22:41,168,524.5,499,36,69.3,536.7,508.9,39.7,25.3,547.1,515.3,43.8,3,565.9,534.2,37.3,16.7,594.1,557.7,36.1,0,630.3,600.1,27.1,7.3,633.1,633,11.7,25.6,633.1,632.9,8.7,24.5,659.1,664.1,648.9,637,633,631.1,630.8,635.9,650.9,670.9,680,681.9,631.7,13.6,658.9,664,649,636.9,632.8,630.7,630.7,635.7,650.7,670.8,679.9,681.9,632.7,0,659,664,649,637,633,631,631,635.7,651,671,680,682.1,632.7,0,05.11.2021 22:41,578,578,05.11.2021 22:42,474.3,474.3,605.3,605.2,486.5,768.8,768.4,801.8,801.5,713.1,82,79,05.11.2021 22:44,32.62,9.58,0.77,05.11.2021 22:42,621.2,616.3,620.1,615.2,616.2,610.2,620.4,617.8,617.4,614.8,616.2,612.7,625,620.5,619.7,616.5,620.5,615.9,557.8,537.6,621.2,616.3,620.1,615.2,616.2,610.2,620.4,617.8,617.4,614.8,616.2,612.7,625,620.5,619.7,616.5,620.5,615.9,557.8,537.6,248215952,6.11.2021 02:05,0.31,0,
06.11.2021 01:06,14,06.11.2021 01:09,168,517.6,497.5,40.9,76,530.2,510.5,47.2,16.2,546.3,515.5,57.7,3,563.9,535.3,28.4,11.7,584.6,555.6,28.7,6.8,619.3,601.1,28,9.2,632.9,632.8,11.2,24.9,632.6,632.9,11.8,25.2,659.1,664,648.8,636.7,632.7,630.8,630.7,635.8,650.5,670.6,679.9,681.9,631.7,12.5,659.2,664,649.3,637.1,633,631.1,631.1,635.9,651,671,680,682,631.9,4.9,659,664,649,636.9,632.9,630.9,631.1,635.9,651,671,680.1,682.1,631.9,19.6,06.11.2021 01:09,578.1,578.1,06.11.2021 01:09,479.6,479.8,605.3,605.1,487,762.1,761.8,801.3,801,710.1,82,79,06.11.2021 01:12,32.72,9,0.71,06.11.2021 01:10,626.4,620.2,623.9,617,618.5,613.8,625.4,621.5,620.3,617,619.6,615.9,628.8,625.3,622.6,618.3,623,618.5,560.5,539,626.4,620.2,623.9,617,618.5,613.8,625.4,621.5,620.3,617,619.6,615.9,628.8,625.3,622.6,618.3,623,618.5,560.5,539,248258939,6.11.2021 02:06,0.55,0,
06.11.2021 01:07,14,06.11.2021 01:09,168,518.8,497.9,39,73.3,531.7,510.5,41.9,15.9,547.2,515.4,49.4,3.7,563.4,535.2,41.8,12.5,585.6,555.9,28.8,3.6,619.6,601.1,34,8.8,632.2,632.7,18,26,632.5,632.8,12.6,26.2,659.1,664,648.8,636.8,632.8,630.9,630.7,635.9,650.7,670.8,679.8,682,631.7,12.7,659.2,664.1,649.4,637.2,633.1,631.2,631.2,636.1,651.1,671,680,682.1,631.9,5,659,664,649.1,636.9,633,631,631,636.1,650.9,671,680,682,631.9,26.6,06.11.2021 01:10,578.1,578.1,06.11.2021 01:10,478.7,478.9,604.2,604,487,764.1,763.8,801.8,801.6,711.2,82,79,06.11.2021 01:13,32.52,9.01,0.71,06.11.2021 01:10,624.1,619,621.4,617.3,618.5,613.2,623.4,620.7,619.1,616.5,620.4,615.8,626.9,620.8,620.4,618.3,621.1,617.2,561.5,542.6,624.1,619,621.4,617.3,618.5,613.2,623.4,620.7,619.1,616.5,620.4,615.8,626.9,620.8,620.4,618.3,621.1,617.2,561.5,542.6,248258971,6.11.2021 02:06,0.54,0,
06.11.2021 01:07,14,06.11.2021 01:10,168,519.6,498,41,73.3,532.2,510.5,46,15.6,546.7,515.1,54.2,6.4,565.6,535.3,30.2,11.4,586.2,555.8,31.5,4.2,621.6,601.3,24.5,6.4,633.4,632.8,7,25.4,633.1,632.9,7.3,25.4,659,664,648.9,636.7,632.7,630.8,630.7,635.9,650.7,670.8,679.8,682.1,631.8,11.9,659,664,649.2,637.2,633,631.2,631.2,636.1,651.1,671.1,680,682.1,631.9,5,659,664,649,636.9,632.9,631,631.1,636.1,651.1,671.1,680,682,631.9,1.8,06.11.2021 01:10,578.1,578.1,06.11.2021 01:10,477.6,477.7,603,602.8,487.1,763.1,762.7,801.4,801.1,710.6,82,79,06.11.2021 01:13,32.59,9.09,0.72,06.11.2021 01:11,625.2,619.9,623.3,618.4,617.9,610.8,624.4,621.5,620.9,618.3,617.3,613.8,629.2,625.3,623.5,620.5,620.4,614.8,560.4,541.3,625.2,619.9,623.3,618.4,617.9,610.8,624.4,621.5,620.9,618.3,617.3,613.8,629.2,625.3,623.5,620.5,620.4,614.8,560.4,541.3,248259000,6.11.2021 02:07,0.36,0,
06.11.2021 01:07,14,06.11.2021 01:10,168,520.9,498.1,38,73.3,533.2,510.3,45.7,17.3,547.2,515,49.6,7.3,565.3,535.4,41.7,10.2,587.6,556.1,27.4,0.9,621.4,601.3,35.3,5.8,632.2,632.8,18.4,25.5,632.2,632.9,15.7,25.5,658.9,664,648.9,636.9,632.8,630.8,630.6,635.9,650.7,670.8,679.9,682.1,631.7,13,659,664,649.1,637.1,633.1,631,631,636,651.2,671.1,680,682,632,4.1,658.9,664,648.9,637.1,632.9,631.1,630.9,636,650.9,671,680,682,632,0,06.11.2021 01:11,578,578,06.11.2021 01:11,476.3,476.5,602,601.8,487,761.4,761,800.7,800.5,710.8,82,79,06.11.2021 01:14,32.62,8.98,0.73,06.11.2021 01:11,623.3,618.5,621.7,616.7,618.2,611.5,622.5,619.3,618.6,615.5,617.2,612.4,627.9,623.1,620.6,617.2,622,616.3,560.3,541.7,623.3,618.5,621.7,616.7,618.2,611.5,622.5,619.3,618.6,615.5,617.2,612.4,627.9,623.1,620.6,617.2,622,616.3,560.3,541.7,248259033,6.11.2021 02:08,0.47,0,
06.11.2021 01:09,14,06.11.2021 01:12,168,523.3,498.5,42.3,71.9,535.9,509.9,47.1,20.9,547,514.8,51.5,9.4,567.1,535.6,29.3,7.3,589.6,556.3,35.1,0,624.6,601.4,32.4,3,632.9,632.8,12.1,26,633.2,633,6.7,24.7,658.9,663.8,648.8,636.8,632.7,630.8,630.7,635.8,650.6,670.7,679.9,682,631.6,14.5,658.9,663.9,649,636.9,632.9,630.8,630.8,635.9,651,671.1,680,681.9,632.1,3.1,659,664,648.9,637,633,631,630.9,635.9,651,670.9,679.9,681.9,632.1,0,06.11.2021 01:12,578,578,06.11.2021 01:12,480.2,480.3,606.1,606,487.5,764.7,764.3,801.7,801.4,711.4,81,79,06.11.2021 01:15,32.91,8.97,0.72,06.11.2021 01:13,622.2,617,620,613.9,617.8,611.3,621.9,618.2,617.4,614.2,616.6,612.1,626.9,622.3,619.4,615.6,621.7,614.8,560.2,540.9,622.2,617,620,613.9,617.8,611.3,621.9,618.2,617.4,614.2,616.6,612.1,626.9,622.3,619.4,615.6,621.7,614.8,560.2,540.9,248259122,6.11.2021 02:09,0.48,0,
06.11.2021 01:09,15,06.11.2021 01:12,168,523.8,498.5,38.1,72.5,536.8,510,41.3,20,547.1,514.7,50.6,10.4,566.4,535.4,36,8.9,591.2,556.4,29.2,0,625.4,601.4,33.9,2.4,632.8,632.8,13.2,26.2,632.3,632.9,15.3,25.7,659,663.9,648.8,636.8,632.7,630.7,630.7,635.8,650.7,670.7,679.9,681.9,631.7,13.7,659.2,664.1,648.9,636.8,632.8,630.7,631.3,635.9,650.9,670.8,680,682,633.8,0,659.1,664,649.1,637,632.9,630.9,631,635.9,650.9,670.9,679.8,681.9,633.8,1.8,06.11.2021 01:12,578,578,06.11.2021 01:13,481,481.1,606.1,606,487.6,763.3,762.9,801.1,800.8,711.3,82,79,06.11.2021 01:16,32.52,9.02,0.72,06.11.2021 01:13,623.4,618.1,621.1,615.1,617.6,611.2,622.7,620.4,618.9,614.9,619.8,614,626.6,620.8,620.2,616.5,622,616.9,559.4,540.5,623.4,618.1,621.1,615.1,617.6,611.2,622.7,620.4,618.9,614.9,619.8,614,626.6,620.8,620.2,616.5,622,616.9,559.4,540.5,248259154,6.11.2021 02:10,0.38,0,
06.11.2021 01:12,14,06.11.2021 01:15,168,523.9,498.6,39.5,76.2,536.5,510.3,45.1,16.7,547.3,515.2,48.6,5.7,567.1,535,29.4,11.9,594.8,556.9,29.2,0,629.4,601.6,33.6,0,632.7,633,14.7,25,632.6,633,12.9,25.2,659,663.9,649,637,632.9,631,630.8,636,650.8,670.9,680,682.1,631.9,12.4,658.9,664,648.9,636.8,632.8,630.8,630.9,635.7,650.8,670.7,679.9,682,633.1,0,659,663.9,649,637,633,631,631,635.7,651,671,680,682,633.1,0,06.11.2021 01:15,578,578,06.11.2021 01:15,474.6,474.7,600.8,600.6,487.5,762.2,761.8,800.4,800.1,711.5,82,79,06.11.2021 01:18,32.86,8.78,0.72,06.11.2021 01:16,621.9,617.6,623.2,616.4,617.8,610.3,619.3,617.6,618.3,615.3,615.7,611.5,624.8,620.8,619.3,616.1,619.6,614.1,556.8,539.1,621.9,617.6,623.2,616.4,617.8,610.3,619.3,617.6,618.3,615.3,615.7,611.5,624.8,620.8,619.3,616.1,619.6,614.1,556.8,539.1,248259337,6.11.2021 02:15,0.54,0,
06.11.2021 01:18,13,06.11.2021 01:20,168,525.5,501.9,24.6,38.5,539.8,511.5,12.6,1.1,550,520.2,18.4,0,568,538.6,18,0,597,560.7,8.6,0,631.6,604.7,14.9,0,633.6,633.6,6.3,17.1,633.7,633.2,2.8,21.8,659,664,649.1,637,633.1,630.9,631,636,651,671,680.1,682,632.2,9.6,659,664.1,649,637,633,631,630.8,635.8,650.9,670.9,679.9,682.1,632.1,2.5,659,664,649,637,633,631.1,631,635.8,651,671,680,682,632.1,57.3,06.11.2021 01:21,578,578,06.11.2021 01:21,479.2,479.4,605.8,605.6,488.6,766.5,766.2,802,801.8,713.3,81,79,06.11.2021 01:24,33.13,8.75,0.72,06.11.2021 01:22,623.9,619.3,621.3,613.4,618,610.9,622.6,620.9,620.1,613.7,618.2,612.8,624.8,620.5,620.3,614.9,621.1,612.7,559,541,623.9,619.3,621.3,613.4,618,610.9,622.6,620.9,620.1,613.7,618.2,612.8,624.8,620.5,620.3,614.9,621.1,612.7,559,541,248259677,6.11.2021 02:19,0.55,0,
06.11.2021 01:20,13,06.11.2021 01:23,168,526.6,500,100,54.4,539.4,511.3,15.7,0.5,549.4,521,21.4,0,568.8,539.1,10,0,597.5,561.7,3.1,0,630.7,605.4,24.4,0,633.5,633.3,7.4,18.8,633.7,633.2,3,21.4,658.9,663.9,649,636.9,632.9,630.8,631,636,651,671.1,680.1,682.1,632.1,10.4,658.9,664,649,636.8,632.9,631,631,635.8,650.8,670.9,680,682,632,3.5,658.9,664,648.9,637,633,631,631.1,635.8,651.1,671.1,680,682,632,0,06.11.2021 01:23,578,578,06.11.2021 01:23,472.3,472.4,600.5,600.2,487.7,765.6,765.2,801.8,801.4,713.5,82,79,06.11.2021 01:26,32.84,8.75,0.73,06.11.2021 01:24,625.3,619.1,621.8,614,616.1,607.7,623.2,619.1,618.1,613.1,615,609.8,627.5,623,620,614.6,620.9,612.8,558.9,542.2,625.3,619.1,621.8,614,616.1,607.7,623.2,619.1,618.1,613.1,615,609.8,627.5,623,620,614.6,620.9,612.8,558.9,542.2,248259814,6.11.2021 02:20,0.36,0,
06.11.2021 01:23,13,06.11.2021 01:25,168,526.4,500.9,16.1,42,540.1,510.6,8,4.3,549.3,521.4,19.6,0,569.4,539.1,3.5,0,598.1,562.6,0,0,630.8,605.7,24.3,0,633.5,633.2,7.4,18.4,634.2,633.4,0,18.9,659,664,648.9,636.9,632.9,630.8,631,635.7,650.9,670.8,680,681.8,632.1,9.9,659.1,664,649.1,637.1,632.9,630.8,630.9,635.9,650.8,670.9,679.9,682,632.1,2.4,659.1,664,648.9,637,633,631,631,635.9,651.1,671.1,680,682.1,632.1,0,06.11.2021 01:26,578,578,06.11.2021 01:26,471.8,472.1,600.7,600.5,487.7,764.6,764.3,801.3,801,713,81,79,06.11.2021 01:29,32.89,8.83,0.74,06.11.2021 01:27,623.9,618,620.7,615.1,616.9,610.6,623.6,620,618.5,614.6,619.6,613.2,627.6,623.7,620,616.8,622.6,615.6,559.9,544.9,623.9,618,620.7,615.1,616.9,610.6,623.6,620,618.5,614.6,619.6,613.2,627.6,623.7,620,616.8,622.6,615.6,559.9,544.9,248259998,6.11.2021 02:24,0.4,0,
06.11.2021 03:17,14,06.11.2021 03:19,168,512.3,496.2,100,74.5,517.3,508.7,36.8,22,537,515.8,45.5,0,554.1,533.6,23.1,24.1,575,553.9,18.6,20.4,607,598.9,44.1,27.5,631.2,631.2,24.3,33.6,631.5,631.8,19.9,32.3,659.1,663.9,648.6,636.5,632.5,630.5,630.4,635.5,650.3,670.5,679.8,682,631.5,11.3,658.8,663.9,648.8,636.7,632.8,630.6,630.7,635.6,650.7,670.7,679.9,681.9,632.4,0,659,664,649,636.9,632.9,630.9,631,635.6,651,671,680.1,682,632.4,13.8,06.11.2021 03:20,578.2,578.2,06.11.2021 03:20,475.1,475.3,606.1,605.9,486.1,754.5,754.2,800.5,800.2,706.6,82,79,06.11.2021 03:23,31.54,8.98,0.72,06.11.2021 03:20,628.5,622.4,625,617.6,622.6,616.8,626,622.8,621.7,617.4,623,618.5,630.2,623.5,621.8,618.8,622,617.8,558,546.1,628.5,622.4,625,617.6,622.6,616.8,626,622.8,621.7,617.4,623,618.5,630.2,623.5,621.8,618.8,622,617.8,558,546.1,248267805,6.11.2021 04:17,0.02,1,
06.11.2021 03:18,14,06.11.2021 03:20,168,513.8,494.6,37.5,94.7,518.5,508.4,43.9,26.5,538,513.6,55.3,20.5,556.1,532.8,22.3,33.9,576.5,553.3,23.3,27.8,611,599.1,25.3,27.2,632.2,631.3,16,35,631.7,632,18.7,31.8,659,663.8,648.7,636.6,632.7,630.6,630.4,635.6,650.3,670.5,679.8,681.9,631.3,13.9,658.8,664,648.8,636.9,632.8,630.8,630.9,635.6,650.7,670.6,679.8,681.9,632.1,1.8,659,664,649,636.9,632.8,630.8,631.1,635.6,651,671.1,680,681.9,632.1,24.5,06.11.2021 03:21,578.2,578.2,06.11.2021 03:21,473.8,474,603.6,603.5,486,759.1,758.8,801.5,801.3,707.8,82,79,06.11.2021 03:24,31.32,9.26,0.72,06.11.2021 03:21,626.2,621.4,625.7,619.5,620.4,614.1,626.7,623.7,622.5,618.8,622.3,616.3,628.9,623.3,622.2,619.4,622.3,617.3,558,546.8,626.2,621.4,625.7,619.5,620.4,614.1,626.7,623.7,622.5,618.8,622.3,616.3,628.9,623.3,622.2,619.4,622.3,617.3,558,546.8,248267866,6.11.2021 04:19,0.13,1,
06.11.2021 03:19,14,06.11.2021 03:22,168,517.8,497.8,38.5,73.3,522.2,508.4,45.3,30.3,541.7,513.6,58.4,23.7,559.8,534.8,23.5,18.4,578.9,554.9,36.9,15.2,614.8,600.7,25.9,12.9,632.7,632.8,12.6,22.8,632.4,632.8,13.1,25.4,659,663.8,648.8,636.7,632.7,630.6,630.5,635.6,650.5,670.6,679.9,682,631.3,15.5,659.1,664.1,649.2,636.9,632.9,630.9,630.9,635.8,650.9,670.9,679.9,682.1,631.9,3.5,659.1,664,649.1,636.9,632.9,630.9,630.9,635.8,650.9,671,679.9,681.9,631.9,0,06.11.2021 03:22,578.2,578.2,06.11.2021 03:23,475.8,475.9,604.8,604.7,486.6,761.3,761.1,801.7,801.4,709,82,79,06.11.2021 03:26,31.64,9.07,0.72,06.11.2021 03:23,626,621.2,625,618.2,621.1,616.6,622.8,620.7,621.3,617.6,620.9,617.3,628.7,624.6,621,618.2,621,616.5,560.2,544.9,626,621.2,625,618.2,621.1,616.6,622.8,620.7,621.3,617.6,620.9,617.3,628.7,624.6,621,618.2,621,616.5,560.2,544.9,248267988,6.11.2021 04:20,0.22,0,
06.11.2021 03:20,15,06.11.2021 03:23,168,519.7,498.9,39.8,64.4,524.2,508.6,44.6,30.1,543.7,514.9,58,12.1,561.4,535.8,26,8.6,580.8,555.8,37.3,6.3,616.3,600.8,30.3,11.3,632.5,632.5,15,26.1,632.6,632.7,11.6,26.6,658.9,663.8,648.7,636.6,632.6,630.8,630.5,635.6,650.4,670.6,679.8,682,631.5,14.3,659,664,649.2,636.9,632.8,630.8,630.8,635.9,651,670.9,679.9,682,631.9,3.6,659,664.1,649.1,637,632.9,630.9,630.9,635.9,650.9,671,679.9,682,631.9,0,06.11.2021 03:23,578.2,578.2,06.11.2021 03:24,474.6,474.8,602.8,602.6,486.4,758.3,758,800.4,800.1,708.5,82,79,06.11.2021 03:26,31.62,8.98,0.72,06.11.2021 03:24,622.6,618.8,624.2,617.5,618.1,612.4,621.1,619.4,620.2,616.5,616.9,613.2,625.8,622.8,621.1,617.5,620.5,615.6,558.9,543.2,622.6,618.8,624.2,617.5,618.1,612.4,621.1,619.4,620.2,616.5,616.9,613.2,625.8,622.8,621.1,617.5,620.5,615.6,558.9,543.2,248268049,6.11.2021 04:20,0.08,1,
06.11.2021 03:21,14,06.11.2021 03:24,168,520.2,498.7,44.5,66.8,525.5,508.9,41.2,27.9,544.9,515.4,56.2,7.3,560.7,535.8,42,8.1,583.9,556.2,17.5,2.1,617.6,601,27.5,9.1,633,632.4,10.6,27.5,632.6,632.6,11.7,27.8,659,663.9,648.8,636.6,632.6,630.6,630.6,635.8,650.5,670.6,679.8,681.9,631.6,13.5,659,664,649,637,632.9,630.9,631,635.8,650.9,670.9,680,682,632,2.7,659.1,664,649,637,633.1,631,631.1,635.8,650.9,671,680,682.1,632,0,06.11.2021 03:24,578.2,578.2,06.11.2021 03:24,473.4,473.6,601.6,601.4,486,759.8,759.5,800.8,800.5,709,82,79,06.11.2021 03:27,31.54,9.06,0.72,06.11.2021 03:24,627.5,621.5,624,619.1,620.5,615.5,625.9,622.7,621.7,618.7,621.5,617.4,630,626.4,623.5,620.2,624.2,619.2,560.3,544,627.5,621.5,624,619.1,620.5,615.5,625.9,622.7,621.7,618.7,621.5,617.4,630,626.4,623.5,620.2,624.2,619.2,560.3,544,248268077,6.11.2021 04:22,0.12,1,
06.11.2021 03:22,14,06.11.2021 03:25,168,523.1,497.8,43.1,77.6,528,509.5,45,23.5,546.1,515.8,56.8,2.5,564.6,535.8,31.9,6.5,584.3,555.9,40.4,3.4,619.9,601,33.4,8,632.7,632.6,0,26.9,632.6,632.8,12.2,26.5,659,664,648.8,636.8,632.8,630.7,630.6,635.7,650.5,670.6,679.8,681.9,631.6,14.1,658.9,663.9,648.8,637,632.9,630.9,630.9,635.8,650.9,670.9,680,681.9,632,2.6,659,664,649.1,637,633,631,631,635.8,651,671.1,680,682,632,0,06.11.2021 03:25,578,578,06.11.2021 03:25,479.3,479.4,607.1,606.9,486.5,761.1,760.8,801,800.6,710,82,79,06.11.2021 03:28,31.69,9.03,0.72,06.11.2021 03:26,624.2,620.3,623.3,615.6,617.8,612.9,623.6,622,620.8,616.1,618.8,614.8,627.3,622.2,621.5,618.2,622.3,618,560.8,543.8,624.2,620.3,623.3,615.6,617.8,612.9,623.6,622,620.8,616.1,618.8,614.8,627.3,622.2,621.5,618.2,622.3,618,560.8,543.8,248268171,6.11.2021 04:22,0.14,1,
06.11.2021 03:23,14,06.11.2021 03:26,168,523.6,497.7,38.8,79.5,528.8,509.7,46.4,21.9,546.7,515.7,51.5,3.1,564.6,535.4,41.1,10,587.6,556.2,19.1,0.1,621.1,601,31.1,7.6,632.9,632.7,12.2,26.2,632.9,632.9,9.5,25.8,659.1,664,648.9,636.7,632.8,630.8,630.7,635.8,650.6,670.7,679.8,681.9,631.6,14.3,658.9,663.9,649,637,632.9,630.8,631,635.9,650.8,670.9,680,682,632.1,1.6,658.9,664,648.9,636.9,632.9,630.9,630.9,635.9,651,671,680,682,632.1,3.2,06.11.2021 03:26,578,578,06.11.2021 03:26,479.1,479.3,606.3,606.1,486.5,759.3,759,800.1,799.9,709.5,82,79,06.11.2021 03:29,31.96,9.18,0.72,06.11.2021 03:26,623.2,619.1,625.2,618.7,618.8,611.6,620.7,619.1,619.8,617.4,616.7,612.2,625.5,622.2,620.7,618.5,620.7,614.6,560.1,543.7,623.2,619.1,625.2,618.7,618.8,611.6,620.7,619.1,619.8,617.4,616.7,612.2,625.5,622.2,620.7,618.5,620.7,614.6,560.1,543.7,248268199,6.11.2021 04:23,0.28,0,
06.11.2021 03:23,14,06.11.2021 03:26,168,523.6,498,39.6,77.7,530,509.9,44.3,20.1,546.3,515.3,55.7,6.6,566.2,535.4,35,9.7,586,555.8,42.6,3.4,622.3,601.1,29.3,6.3,633.1,632.9,10.4,24.5,632.7,632.9,11.5,25.9,659,664,648.8,636.8,632.8,630.8,630.7,635.9,650.7,670.8,679.9,682,631.6,14.6,659.1,664.1,648.9,636.9,633,630.9,631,635.9,650.9,670.9,680,681.9,631.9,3.5,659,664,649,637,633,631,631,635.9,650.9,671,679.9,681.9,631.9,17.1,06.11.2021 03:26,577.9,577.9,06.11.2021 03:26,478.2,478.3,605.1,605,486.9,762.2,762,801.2,800.9,710,82,79,06.11.2021 03:29,32.01,9.06,0.72,06.11.2021 03:27,625.9,620.4,623.5,615.7,619.6,613.9,624.2,622.6,620.7,615.6,619.7,615.9,628,622.8,622,617.2,621.3,617.3,559.7,540.8,625.9,620.4,623.5,615.7,619.6,613.9,624.2,622.6,620.7,615.6,619.7,615.9,628,622.8,622,617.2,621.3,617.3,559.7,540.8,248268232,6.11.2021 04:23,0.25,0,
06.11.2021 03:24,14,06.11.2021 03:27,168,523.3,498,42.8,78.6,530.8,510,45.7,19.2,546.6,515.2,53.1,7.4,566.3,535.3,35.6,10.4,589.7,556.3,17.5,0,622.6,601.2,35.4,4.9,633.2,632.9,9.4,24.7,632.8,632.9,10.6,26,659,663.9,648.8,636.9,632.8,631,630.8,635.8,650.7,670.8,679.9,682.1,631.7,13.8,659.1,664,648.9,636.8,633,631,631.1,635.9,650.8,670.8,680,681.9,631.9,3.6,659,664,649,636.9,632.9,630.9,631,635.9,650.9,671.1,680,681.9,631.9,20.5,06.11.2021 03:27,577.9,577.9,06.11.2021 03:27,477,477.1,603.9,603.8,486.8,764.5,764.1,801.8,801.5,711.1,82,79,06.11.2021 03:30,32.06,8.99,0.72,06.11.2021 03:27,623.3,619.1,623.6,615,619.7,615.8,621.1,619.5,620,615,619.4,615.7,625.5,622.2,621.6,616.6,619.5,615.2,558.6,541.1,623.3,619.1,623.6,615,619.7,615.8,621.1,619.5,620,615,619.4,615.7,625.5,622.2,621.6,616.6,619.5,615.2,558.6,541.1,248268260,6.11.2021 04:25,0.23,0,
06.11.2021 03:25,15,06.11.2021 03:28,168,524.1,498.9,36.8,72,533.5,510.2,47.3,17,546.6,514.7,53.9,12.2,566.7,535.1,32.1,11.9,589.3,556.1,48.1,0,626,601.5,30.8,0.3,633.2,632.9,9.8,25.1,633.2,633,7.1,25.4,659,663.9,648.9,636.9,632.9,631,630.8,635.9,650.8,670.8,680,682,631.8,13.3,659.1,664,649.5,637.2,633.1,630.9,631,635.9,651,671,680,682.1,631.9,3.8,659,664,649.1,637,633,631,631,635.9,650.8,670.9,679.9,681.9,631.9,0,06.11.2021 03:28,577.9,577.9,06.11.2021 03:28,473.2,473.4,600.5,600.3,486.8,760.8,760.5,800.3,800,710,81,79,06.11.2021 03:31,32.25,9.05,0.72,06.11.2021 03:29,624.9,620.5,623.5,616,618.5,613.4,623.9,622.2,620.8,616.4,620.7,616.1,627.5,622.9,621.6,616.9,620.7,615.9,559.2,539.2,624.9,620.5,623.5,616,618.5,613.4,623.9,622.2,620.8,616.4,620.7,616.1,627.5,622.9,621.6,616.9,620.7,615.9,559.2,539.2,248268353,6.11.2021 04:25,0.26,0,
06.11.2021 03:26,14,06.11.2021 03:29,168,523.6,498.9,41.9,72.4,534.5,510.2,46.8,16.9,547.2,514.8,48.3,11.4,566.8,535.1,31.5,11.8,593.6,556.6,16.5,0,626.2,601.5,38,0,632.6,632.7,15.5,27.2,632.7,633,11.9,25.5,659,663.9,648.8,636.9,632.8,630.9,630.8,635.9,650.8,670.9,679.9,682,631.8,13.4,659.1,664,649.2,636.9,633,631.3,631.2,635.9,651,671.1,680,682,631.9,3.8,659,664,648.9,637,633,631,631,635.9,651,671,679.9,682,631.9,0,06.11.2021 03:29,577.9,577.9,06.11.2021 03:29,475.8,476,604,603.8,487,764.7,764.3,801.6,801.3,711.1,82,79,06.11.2021 03:32,32.42,9.13,0.72,06.11.2021 03:29,623.5,617.9,621.1,613.4,619,614.6,622.6,619.1,618.4,614.1,619.2,615.7,628.3,622.8,620.4,615.9,622.3,618.5,558.9,540.1,623.5,617.9,621.1,613.4,619,614.6,622.6,619.1,618.4,614.1,619.2,615.7,628.3,622.8,620.4,615.9,622.3,618.5,558.9,540.1,248268382,6.11.2021 04:25,0.06,1,
06.11.2021 03:26,15,06.11.2021 03:29,168,524.5,499,33.7,71.8,535.1,510.2,50.4,16.8,546.9,514.8,51.3,11.4,566.4,535,35.1,12.6,591.1,556.4,49.2,0,627.6,601.5,34.1,0,633.3,632.9,9,25.5,633,633.1,9.1,24.5,659,664,648.9,636.9,632.9,630.8,630.8,635.8,650.7,670.8,679.9,681.9,631.8,13.5,658.9,664,649,637.1,632.9,630.9,630.9,635.9,651.2,671.1,680,682.1,631.9,3.9,659.1,664,649.1,637,633.1,631,631,635.9,651.1,671,679.9,681.9,631.9,2.5,06.11.2021 03:29,577.9,577.9,06.11.2021 03:29,478.6,478.7,605.9,605.7,487.3,764.5,764.1,801.5,801.2,711.4,82,79,06.11.2021 03:32,32.45,9.17,0.73,06.11.2021 03:30,624.5,620.1,625.2,618.7,620.2,613.1,623.3,618.6,619.7,615.8,617.3,613.4,627,620.7,619.3,616.5,621.8,614.8,559.9,542.4,624.5,620.1,625.2,618.7,620.2,613.1,623.3,618.6,619.7,615.8,617.3,613.4,627,620.7,619.3,616.5,621.8,614.8,559.9,542.4,248268411,6.11.2021 04:26,0.04,1,
06.11.2021 03:27,13,06.11.2021 03:30,168,525.6,500.4,23,58.6,537.6,510.4,33,14.7,549.1,515.9,30.3,1,568.5,536,15.1,2.9,595.2,557.5,21.3,0,628.5,602.1,36.6,0,632.8,633.3,13.6,21.7,632.9,633.2,9.9,23.4,659,664,648.9,636.8,632.9,630.9,630.8,635.8,650.8,670.8,679.9,681.9,631.9,12.7,658.9,664,648.9,636.9,633,631,631.1,636,651,670.9,680,682,631.9,4,658.9,663.9,648.9,636.9,632.9,630.9,630.9,636,651,671,680.2,682.1,631.9,9.3,06.11.2021 03:30,577.9,577.9,06.11.2021 03:30,478.1,478.3,605,604.8,487.3,762.3,761.9,800.7,800.4,711.4,82,79,06.11.2021 03:33,32.42,9.11,0.72,06.11.2021 03:31,625.5,618.9,622.2,612.1,619.1,613.2,624.4,620.9,618.7,613.2,620.2,615.6,627.9,621,619.7,614.8,620.5,615.6,558.6,540.1,625.5,618.9,622.2,612.1,619.1,613.2,624.4,620.9,618.7,613.2,620.2,615.6,627.9,621,619.7,614.8,620.5,615.6,558.6,540.1,248268453,6.11.2021 04:27,0.21,0,
06.11.2021 03:27,13,06.11.2021 03:30,168,526.8,502.4,11.8,38.3,538.9,510.9,20.6,9.5,550,517.8,20.7,0,568.7,537.4,12.6,0,597.8,559.3,0,0,628,603.3,45.8,0,634.1,634.1,1.4,13.5,633.8,633.5,1.6,20.2,659,663.9,649,636.9,632.9,630.8,630.9,635.9,650.9,670.8,679.9,681.9,632,11.8,659,664,649,637,632.9,631,631,635.8,651,671,679.9,681.9,631.9,4,659,664,649,637,633,630.9,631,635.8,651,671,680,682,631.9,19.8,06.11.2021 03:30,577.9,577.9,06.11.2021 03:31,476.1,476.1,603.1,602.8,487.3,762.8,762.5,801,800.8,711.4,82,79,06.11.2021 03:34,32.52,9.18,0.73,06.11.2021 03:31,626.3,620.8,626.6,615.8,618.5,612.1,623.8,621.1,621.2,615.1,615.8,611.4,627.8,624.1,621.9,615.8,619.4,613.6,557.6,540.9,626.3,620.8,626.6,615.8,618.5,612.1,623.8,621.1,621.2,615.1,615.8,611.4,627.8,624.1,621.9,615.8,619.4,613.6,557.6,540.9,248268500,6.11.2021 04:28,0.09,1,
06.11.2021 03:31,13,06.11.2021 03:34,168,526.9,500,100,53.6,539.2,511.5,17.8,0,549.8,520.8,18.6,0,568.2,538.9,16.1,0,597.3,562,4.2,0,630.5,605.9,25.6,0,633.7,633.3,5.4,18.6,633.9,633.2,1.2,22,659,663.9,649,637,633,630.9,630.8,635.7,650.8,670.8,680,681.9,631.9,12.4,659,664,649.3,637.1,633,631.1,630.9,635.9,651.1,671.2,680.1,682.1,632.4,0,659,664,649,637,633,631,631,635.9,651.2,671.1,680.1,682.1,632.4,1.5,06.11.2021 03:34,577.9,577.9,06.11.2021 03:34,475.6,475.8,603.3,603.1,487.6,760.1,759.8,800.3,800,711.4,81,79,06.11.2021 03:38,32.06,9.05,0.72,06.11.2021 03:35,621.4,617.8,621.1,610.5,616.3,611.2,621.6,619,618.3,611.7,619.1,613.9,626.8,622.9,620.4,614.4,620.3,614.5,557.4,543.3,621.4,617.8,621.1,610.5,616.3,611.2,621.6,619,618.3,611.7,619.1,613.9,626.8,622.9,620.4,614.4,620.3,614.5,557.4,543.3,248268725,6.11.2021 04:31,0.35,0,
06.11.2021 03:32,15,06.11.2021 03:35,168,524.8,497.1,32,82.5,536.8,510.5,40.8,8.4,547.1,518.5,44.6,0,567.2,536.7,25.9,0,597.4,560.4,3.6,0,626.7,603.7,62.1,0,632.4,632.2,17.8,29.5,633,632.7,9.8,26.9,659,664,649,636.9,632.9,630.9,630.9,635.9,650.8,670.9,680,681.9,631.8,13.5,658.8,664,649,636.9,632.9,631,630.9,635.9,650.9,670.9,680,682,632,2.8,659,663.9,649,636.9,632.9,630.9,631,635.9,651.1,671.1,680.2,682.2,632,1.5,06.11.2021 03:35,577.9,577.9,06.11.2021 03:35,473,473,601.1,601,487.1,765.1,764.9,801.8,801.5,711.6,81,79,06.11.2021 03:38,32.59,9.09,0.72,06.11.2021 03:36,623.5,619.1,624.7,617.6,617.8,610.6,620.5,618.8,619.8,616.7,616.5,612,625.3,621.9,621.3,617.5,620.4,614.8,558.4,543.5,623.5,619.1,624.7,617.6,617.8,610.6,620.5,618.8,619.8,616.7,616.5,612,625.3,621.9,621.3,617.5,620.4,614.8,558.4,543.5,248268783,6.11.2021 04:32,-2.5,0,
06.11.2021 03:32,13,06.11.2021 03:35,168,524.4,496.7,36,88,537.7,510.1,32.9,12,547.1,517.7,44.7,0,566.6,536,31.6,2.2,592.6,559.6,49.5,0,632.8,603.9,4.9,0,633.5,632.3,7.5,29,633.4,632.9,6.3,25.3,659.1,663.9,649,636.9,632.9,631,630.9,636,651,671,680,682.1,631.8,13.6,659.1,664,649.4,637.1,633,631.3,631.1,636,651.1,671,679.9,682,631.9,3.8,659,664,649.1,637,633.1,631,631.1,636,651.1,671.1,680.2,682.1,631.9,15.4,06.11.2021 03:35,577.9,577.9,06.11.2021 03:36,472.2,472.3,601.1,600.9,486.8,764.1,763.8,801.3,801,711.5,81,79,06.11.2021 03:39,32.62,9.09,0.72,06.11.2021 03:36,623.9,619.6,623,615.8,616.6,610.2,623.4,621.2,620.4,615.3,616.9,611.5,627.3,622,621.7,616.9,618.7,612.6,559.8,543.4,623.9,619.6,623,615.8,616.6,610.2,623.4,621.2,620.4,615.3,616.9,611.5,627.3,622,621.7,616.9,618.7,612.6,559.8,543.4,248268821,6.11.2021 04:33,0.28,0,
06.11.2021 03:33,13,06.11.2021 03:36,168,526.4,499.8,16.8,59.9,536.5,509.8,42.8,14.9,550.2,518.6,14.6,0,568.6,536.8,12.5,0,593.5,560.1,40.8,0,630.6,604.1,25.3,0,633.3,633.3,9.2,19.7,632.3,633.1,16.4,23.3,658.9,664,648.9,636.9,632.9,630.8,630.8,635.9,650.9,670.8,680,681.9,632,11.9,658.9,663.9,649.1,636.9,632.9,630.9,630.8,635.9,651,671,680,682,632,2.9,658.9,664,649,637,633,630.9,631,635.9,651.1,671.1,680,682,632,15.4,06.11.2021 03:36,577.9,577.9,06.11.2021 03:36,477.6,477.8,606.2,606,487.7,760.8,760.5,800.2,799.8,711.5,81,79,06.11.2021 03:39,32.62,9.15,0.72,06.11.2021 03:37,622.2,616.3,620.4,612.1,617.2,612.6,622.2,618.3,617.7,613,618.8,614.4,627.2,620.3,619.4,615,622,617.6,558,541.1,622.2,616.3,620.4,612.1,617.2,612.6,622.2,618.3,617.7,613,618.8,614.4,627.2,620.3,619.4,615,622,617.6,558,541.1,248268867,6.11.2021 04:34,0.11,1,
06.11.2021 03:35,13,06.11.2021 03:37,168,526.2,503.1,100,24.9,539.8,510.1,12.4,12.4,549.7,519.8,18.1,0,567.6,537.6,21.8,0,597.2,561.8,6.8,0,630.7,605.2,24.8,0,633.9,633.8,3.7,13.6,633.4,633.2,6.2,21.8,659,664.1,649,637,632.9,630.9,631,636,651,671,679.9,681.9,632.1,10.8,659.1,664,649.2,637.1,633.1,631.3,631.3,636.1,651.1,671.1,680,682.1,631.9,3.9,658.9,664,649.1,637,633,631,631,636.1,651.1,671.1,680.1,682,631.9,15.1,06.11.2021 03:38,577.9,577.9,06.11.2021 03:38,474.3,474.5,602.9,602.8,487.9,764.2,763.8,801.4,801.1,712.3,81,79,06.11.2021 03:41,32.72,9.1,0.72,06.11.2021 03:38,625.2,619.8,621.8,612.4,618.2,612.4,623.9,621.7,619.3,613.5,619.5,614.9,627.9,622.2,620.2,614.9,621.3,616,561,544.4,625.2,619.8,621.8,612.4,618.2,612.4,623.9,621.7,619.3,613.5,619.5,614.9,627.9,622.2,620.2,614.9,621.3,616,561,544.4,248268957,6.11.2021 04:35,0.3,0,
06.11.2021 03:35,13,06.11.2021 03:38,168,527.2,502.5,9.4,27.9,539.5,510.4,15.1,9.5,549.8,520.2,16.6,0,567.7,537.9,20.1,0,595.1,561.7,26.3,0,631.6,605.8,16.8,0,633.5,633.3,7.5,17.8,633.8,633.3,2.5,20.6,658.9,663.9,648.9,636.9,633,630.9,630.9,635.9,650.9,670.9,680,681.9,632.2,9.8,658.9,663.9,649.1,636.9,632.9,631,630.8,635.8,650.9,670.9,680,682,631.9,4,659.1,664.1,649.1,637.1,633.1,631.1,631.1,635.8,651,670.9,680,681.9,631.9,50.8,06.11.2021 03:38,577.9,577.9,06.11.2021 03:38,471.8,472,600.9,600.7,487.6,760.9,760.5,800.2,800,711.8,81,79,06.11.2021 03:42,32.72,9.15,0.72,06.11.2021 03:39,621.1,616.8,621.8,614.3,617.4,610.7,618.8,616.9,617.8,613.8,618,614,624.4,620.5,619.3,615.6,620.1,611.9,558.6,542.7,621.1,616.8,621.8,614.3,617.4,610.7,618.8,616.9,617.8,613.8,618,614,624.4,620.5,619.3,615.6,620.1,611.9,558.6,542.7,248269004,6.11.2021 04:35,0.16,1,
06.11.2021 03:36,13,06.11.2021 03:39,168,525.1,500.4,28.9,46.2,539.8,510.9,12.3,4.3,549.3,520.4,20.8,0,569.2,538.2,6.2,0,594.7,561.7,29.4,0,631.4,605.9,19,0,633.8,633,4.8,20.5,633.6,633.2,4.5,21.4,659,664,649,637,632.8,630.8,631,635.9,651.1,671,680.1,682.2,632.3,8.7,658.9,664,649.1,637,632.9,631.1,630.8,636,651.1,671.1,680,682,632.2,1.1,658.9,663.9,649,637,633,631,631,636,651.1,671,680,681.9,632.2,8.8,06.11.2021 03:39,577.9,577.9,06.11.2021 03:39,475,475.1,605.1,605,487.7,764.9,764.6,801.7,801.5,712.7,81,79,06.11.2021 03:42,32.72,9.17,0.72,06.11.2021 03:40,625,620.2,622.7,615.7,617.5,611.5,623,620.3,620.1,615.4,619.6,615.6,624.2,620.1,619.3,615.9,619.4,613.5,559.7,543.3,625,620.2,622.7,615.7,617.5,611.5,623,620.3,620.1,615.4,619.6,615.6,624.2,620.1,619.3,615.9,619.4,613.5,559.7,543.3,248269047,6.11.2021 04:36,0.33,0,
06.11.2021 03:37,13,06.11.2021 03:40,168,527,499.6,11.2,53.5,539.3,511.2,16.7,0.7,549.2,520.6,21.1,0,568.8,538.3,9.6,0,596.7,562.3,10.6,0,630.3,605.9,29.4,0,633.6,633,6.6,20.4,634,633.4,0.9,19.3,659.1,664,649.1,636.9,633,630.9,631,636,650.9,670.9,680,681.9,632.1,10.4,659.1,664,649.3,636.9,632.8,631,630.7,635.8,651,670.9,680,682,632.1,1.9,659,664,649,637,633.1,631,631,635.8,651.1,671,680.2,682.2,632.1,0,06.11.2021 03:40,577.9,577.9,06.11.2021 03:40,477.5,477.6,606.5,606.3,488.1,764,763.6,801.3,801,712.6,81,79,06.11.2021 03:43,31.64,9.05,0.72,06.11.2021 03:41,624.4,618.5,621.8,613.1,619.1,611.3,623.7,621.5,618.5,612.4,615.9,611.6,626.3,620.9,619,613.2,619.3,611.4,559.5,541.5,624.4,618.5,621.8,613.1,619.1,611.3,623.7,621.5,618.5,612.4,615.9,611.6,626.3,620.9,619,613.2,619.3,611.4,559.5,541.5,248269094,6.11.2021 04:37,0.06,1,
06.11.2021 03:37,13,06.11.2021 03:41,168,527,499.4,11.4,55.7,539.9,511.3,11.2,0,549.5,520.7,17.9,0,568.7,538.5,10.2,0,597.8,562.7,0.2,0,631.5,606.3,18.5,0,634.4,633.3,0,17.5,633.6,633.1,4.6,21.9,659,663.9,648.9,636.9,632.9,630.9,631.1,635.8,651,671,680,682,632.1,10.3,659,663.9,649,636.9,632.8,631,630.9,635.9,650.9,670.9,680,682,632.1,1.4,659.1,664.1,649,637,633,631,631.1,635.9,651,671,680.1,682,632.1,0,06.11.2021 03:41,577.9,577.9,06.11.2021 03:41,474.4,474.6,603.5,603.4,487.9,762.8,762.5,800.9,800.6,712.3,81,79,06.11.2021 03:44,31.89,8.99,0.73,06.11.2021 03:41,622.8,617.5,618.7,611.4,616.9,610,621.8,619.7,617.9,612.3,618.6,612.8,623.9,619.7,620.2,615,620.6,615.2,558.3,543.6,622.8,617.5,618.7,611.4,616.9,610,621.8,619.7,617.9,612.3,618.6,612.8,623.9,619.7,620.2,615,620.6,615.2,558.3,543.6,248269141,6.11.2021 04:38,0.43,0,
06.11.2021 03:44,13,06.11.2021 03:47,168,525.8,500.2,21.8,44.1,539.3,510.2,14.4,7,548.8,521.8,20.3,0,567.6,538.8,18.2,0,595.4,563.4,21.3,0,631.4,606.8,19.5,0,633.1,633,11.5,18,633.4,633,6.5,21.9,659,664,649,637,633,631,630.9,636,651,671,680,682.2,632.2,8.4,658.8,663.9,648.6,636.9,633,630.9,631.4,636,650.8,670.8,680,682,633.8,0,658.9,663.9,649,637,633,631,631,636,651,671,680.1,682,633.8,16.1,06.11.2021 03:47,577.9,577.9,06.11.2021 03:47,473.2,473.4,603.8,603.6,487.6,761.1,760.8,800.2,799.9,711.8,82,79,06.11.2021 03:50,32.47,9.07,0.73,06.11.2021 03:48,621.7,616.5,620,608.5,617.2,609.2,621.7,617.8,617.3,610,618.5,612.6,627.3,622.6,619.6,613,621.7,615.2,558.4,540.7,621.7,616.5,620,608.5,617.2,609.2,621.7,617.8,617.3,610,618.5,612.6,627.3,622.6,619.6,613,621.7,615.2,558.4,540.7,248269549,6.11.2021 04:45,0.16,1,
06.11.2021 03:46,13,06.11.2021 03:49,168,526.1,499.8,19.1,46.7,539.5,509.9,12.6,10.2,548.8,521.6,19.9,0,568,538.6,14.3,0,596.9,563.5,6.5,0,631.5,606.9,19.1,0,633.9,633,4.1,17.8,633.8,633,2.9,21.9,659.1,664.1,649,637,633,630.9,631,635.9,650.9,670.9,680,682,631.9,10.9,659.1,664,649.1,636.9,632.8,631,630.8,635.6,650.7,670.7,679.7,682,633.6,0,659,664,649,637,633.1,631,631.1,635.6,651,671,680,681.9,633.6,12.3,06.11.2021 03:49,577.9,577.9,06.11.2021 03:49,476.2,476.4,607.4,607.1,488.3,761.5,761.1,800.2,800,711.8,81,79,06.11.2021 03:52,32.72,9.11,0.73,06.11.2021 03:50,626.1,620.7,623.1,614.1,617.8,609.7,624.4,621.9,620.4,614.3,618.5,612.8,628.1,624.7,622.8,616.7,622.6,615.8,559.5,542.7,626.1,620.7,623.1,614.1,617.8,609.7,624.4,621.9,620.4,614.3,618.5,612.8,628.1,624.7,622.8,616.7,622.6,615.8,559.5,542.7,248269685,6.11.2021 04:48,0.38,0,
06.11.2021 04:05,13,06.11.2021 04:08,168,514.6,494.7,40.3,84.9,526.3,509.6,37.3,11.8,544.3,518.5,55.3,0,561,534,36.1,20.7,584.8,557.2,27.5,0,614.9,599.1,34.4,23.5,632.5,632.3,15.8,25,633,632.5,6.5,26.1,659.1,664,648.8,636.8,632.7,630.8,630.6,635.6,650.4,670.7,679.8,681.9,631.2,14.9,659.1,664.1,649.2,636.9,632.8,630.9,630.9,635.7,650.8,670.8,679.8,682,632.1,1.3,659,664,649,636.9,632.9,631,631,635.7,651.1,671.1,680.1,682.1,632.1,0,06.11.2021 04:08,578.1,578.1,06.11.2021 04:08,468.8,469,601.8,601.6,485.3,763.8,763.5,801.6,801.3,710.3,82,79,06.11.2021 04:11,32.06,9.08,0.72,06.11.2021 04:09,625.2,620.4,624.7,618.3,618.2,610.5,624.8,622.3,621.1,618.2,618.5,612.9,629.2,625.6,623.7,619.6,622.8,615,559.9,543.8,625.2,620.4,624.7,618.3,618.2,610.5,624.8,622.3,621.1,618.2,618.5,612.9,629.2,625.6,623.7,619.6,622.8,615,559.9,543.8,248271139,6.11.2021 05:05,0.22,0,
06.11.2021 04:24,67,06.11.2021 04:26,168,526.1,506.7,21.2,0.8,534,511.5,67,1.9,549.2,521.2,25.5,0,566,539.8,36.9,0,592.5,560.8,51,0,629.3,604.2,36.3,0,633.4,635,8.8,5.2,632.7,633.9,12.4,15.1,659,664,649,636.9,632.9,630.9,631,636.1,651,671.1,680,682.2,632.8,4.2,659,664,649.1,636.9,633,631,630.9,636,651,671,680,682,632,3.1,658.9,664,648.9,637,633,631,631,636,651.1,671,680,682,632,0,06.11.2021 04:27,577.9,577.9,06.11.2021 04:27,472.2,472.3,604.3,604.1,487.5,767.6,767.2,801.5,801.1,714.3,81,79,06.11.2021 04:30,32.86,9.12,0.72,06.11.2021 04:27,621.4,616.9,623.7,616.4,618.1,610.3,618.7,616.5,618.5,614.9,616.2,611.5,624.1,620.5,619.7,615.7,620.1,614.1,560.1,540.1,621.4,616.9,623.7,616.4,618.1,610.3,618.7,616.5,618.5,614.9,616.2,611.5,624.1,620.5,619.7,615.7,620.1,614.1,560.1,540.1,248272348,6.11.2021 05:40,0.32,0,
06.11.2021 04:40,14,06.11.2021 04:43,168,524.7,499.8,33.5,68.7,536.6,509.9,42.6,17.9,547.4,514.9,43.1,9.3,566.6,534.9,31.4,11.3,595.7,556.5,20.9,0,629.7,600.3,33.1,3.2,633,633,12.7,25.2,632.9,632.9,10.9,25.9,659,664,648.9,637.1,633.1,631.1,631,635.9,650.9,671,679.9,681.9,631.8,14.5,659.1,664.1,649.1,636.9,633.1,631,631.1,636,651.1,671.1,680,682,632,3.4,659,664.1,649,637,633.1,631.1,631.1,636,651.1,671.1,680.1,682.2,632,6.3,06.11.2021 04:43,577.9,577.9,06.11.2021 04:44,471.1,471.3,605.4,605.2,487,770,769.6,800.8,800.5,714,81,79,06.11.2021 04:46,32.45,8.84,0.69,06.11.2021 04:44,620.3,616.2,621.1,613.4,614.2,608,621,618.9,617.5,612.5,615,610.4,626.3,619.8,618.8,614,618.7,613.2,559.7,536.5,620.3,616.2,621.1,613.4,614.2,608,621,618.9,617.5,612.5,615,610.4,626.3,619.8,618.8,614,618.7,613.2,559.7,536.5,248273423,6.11.2021 05:41,0.23,0,
06.11.2021 04:50,14,06.11.2021 04:53,168,507.3,495.4,0,88.6,527.6,516.6,8.6,0,544.3,527.6,49.6,0,560.6,542.3,38.7,0,584.4,562.8,22.5,0,616.6,600.1,4.2,5,634,632.1,2.1,25.5,633.6,632.3,0.8,26.1,658.9,663.8,648.9,636.9,633,631,631,635.9,650.8,670.8,679.9,681.9,631.8,8.9,658.9,663.9,648.9,637,633,630.9,630.9,636,650.9,670.9,680,682,631.9,4.4,659,664,649,637,633,631,631,636,651,671,680,681.9,631.9,43.6,06.11.2021 04:53,578.1,578.1,06.11.2021 04:53,467,467.2,604.1,604,486.3,765.8,765.4,801.8,801.5,711.3,82,79,06.11.2021 04:56,31.84,8.88,0.7,06.11.2021 04:54,625.7,620.8,623.4,615.4,620.5,612.3,625,622.9,621,615.1,619.6,614.1,627.6,622.9,621.3,616.3,620.5,614.1,556.3,543.7,625.7,620.8,623.4,615.4,620.5,612.3,625,622.9,621,615.1,619.6,614.1,627.6,622.9,621.3,616.3,620.5,614.1,556.3,543.7,248274028,6.11.2021 05:50,0.21,0,
06.11.2021 04:51,13,06.11.2021 04:54,168,512,492.7,23.5,100,529.2,515.2,11.6,0,547.2,524.1,41.5,0,563.3,539.8,32.1,0,588.4,560.8,3.4,0,615.3,598.2,34.7,24.4,632.4,631.6,17.4,32.1,633.3,632.4,4.1,26.3,658.9,663.9,648.9,636.8,632.8,630.9,630.8,635.7,650.7,670.7,679.9,681.9,631.2,15.2,658.8,663.9,648.9,636.9,633.1,631.1,631,635.9,651,671,680.1,682,631.9,4.6,659,664,649.1,637,633,631,631,635.9,651.2,671.1,680.1,682.1,631.9,2.2,06.11.2021 04:54,578.1,578.1,06.11.2021 04:54,463.4,463.6,600.9,600.8,485.8,763.1,762.8,800.5,800.2,711.6,82,79,06.11.2021 04:57,32.45,9,0.72,06.11.2021 04:55,625.6,621.1,623.2,612.6,618.9,613.2,624.2,621,619.7,613.4,620.4,616.3,628,621.4,619.9,614.3,620.4,614.8,558.8,540.8,625.6,621.1,623.2,612.6,618.9,613.2,624.2,621,619.7,613.4,620.4,616.3,628,621.4,619.9,614.3,620.4,614.8,558.8,540.8,248274096,6.11.2021 05:51,0.19,1,
06.11.2021 04:51,13,06.11.2021 04:54,168,511.5,493.3,36.9,100,525.4,514.4,56.1,0,546.2,522.6,52.2,0,564.2,538.7,32.1,0,584.1,559.3,52.2,0,619.2,598.7,6.8,20.9,633.3,632.1,9.3,28.1,632.4,632.5,13,25.8,659.1,664,648.8,636.7,632.8,630.8,630.8,635.6,650.6,670.7,679.9,682,631.2,15.6,658.9,663.9,649.3,637.1,633,630.9,631,635.8,651,671,680,681.9,631.9,4.7,659,664,649,637,633,631,631.1,635.8,651.1,671,680,682.1,631.9,0,06.11.2021 04:54,578.1,578.1,06.11.2021 04:54,464.5,464.6,602.8,602.7,485.6,763.3,762.9,800.3,800.1,710.7,81,79,06.11.2021 04:57,32.54,9.06,0.72,06.11.2021 04:55,624.9,619.8,624.8,614.4,618.6,611.9,624.7,620.7,621.4,614.7,620.2,614.5,629.6,621.8,621,615.6,622.6,616.9,556.1,538.6,624.9,619.8,624.8,614.4,618.6,611.9,624.7,620.7,621.4,614.7,620.2,614.5,629.6,621.8,621,615.6,622.6,616.9,556.1,538.6,248274127,6.11.2021 05:52,0.2,1,
06.11.2021 04:52,13,06.11.2021 04:55,168,513.5,497.3,35.4,75.7,528.5,512.9,45,0,546.2,520.4,52.7,0,565.6,537.2,37.4,0,585.7,558.2,55.3,0,621,599.3,7.2,17,633.5,632.8,7.5,22.2,632.9,632.8,8.7,23.4,659,664,648.8,636.9,632.9,631,630.8,635.9,650.7,670.7,679.8,682.1,631.5,13.5,659.2,664.1,649.4,637.1,633.1,631,630.9,635.9,650.9,670.9,680,682,632,3.8,659,664,649,637,633,631,631.1,635.9,651,671,679.9,681.9,632,0,06.11.2021 04:55,577.9,577.9,06.11.2021 04:55,468.9,469.1,605.6,605.5,486.2,767.8,767.5,801.7,801.3,712.2,81,79,06.11.2021 04:58,32.52,9.04,0.72,06.11.2021 04:56,622.9,618.3,624.6,613.4,617.5,612.7,622.4,619.2,619.7,614,619.9,614.6,627.9,622.9,620.5,616.7,620.8,615.5,557.3,539.3,622.9,618.3,624.6,613.4,617.5,612.7,622.4,619.2,619.7,614,619.9,614.6,627.9,622.9,620.5,616.7,620.8,615.5,557.3,539.3,248274188,6.11.2021 05:52,0.54,0,
06.11.2021 04:53,14,06.11.2021 04:56,168,515.3,499,27.7,60.4,530.3,512.2,36.2,0,547,519.6,45.4,0,567.3,536.9,24.4,0,592,558.4,4.6,0,618.7,599.5,37.5,15.6,632.8,632.9,14,21.4,632.3,632.6,14.2,25.5,659,663.9,648.9,636.9,632.9,630.9,630.8,635.9,650.7,670.8,680,682.2,631.8,10.8,659.2,664,649.2,637,633,631.1,631,635.9,650.9,671,680,682,632,3.8,658.9,664,649,637,633.1,631,631,635.9,651,670.9,679.9,681.9,632,0,06.11.2021 04:56,577.9,577.9,06.11.2021 04:56,468,468.1,604.5,604.3,486,766.2,765.9,801,800.6,711.8,82,79,06.11.2021 04:59,32.62,9.07,0.72,06.11.2021 04:57,625.8,620.2,622.7,617.4,616.6,609.6,623.6,620.1,619.1,615.4,616.1,611.1,628.4,624,621.1,616.5,620.3,613,559.2,543.5,625.8,620.2,622.7,617.4,616.6,609.6,623.6,620.1,619.1,615.4,616.1,611.1,628.4,624,621.1,616.5,620.3,613,559.2,543.5,248274217,6.11.2021 05:54,0.24,0,
06.11.2021 04:54,15,06.11.2021 04:57,168,516.8,498.5,39,65.8,533,509.8,37.3,16.9,547.2,517.4,44.1,0,565.5,535.1,41.5,8.7,590.8,557.4,42.4,0,621.9,600.4,33.2,7.5,632.9,632.6,13.3,24.9,633.5,632.8,3.4,24.1,658.9,663.9,648.8,636.7,632.8,630.8,630.8,635.8,650.8,670.8,679.9,682,631.8,11.1,658.9,664,649.3,637.1,633.1,631.2,631.1,636.1,651.1,671.1,680,682.1,631.9,4.8,659.1,664.1,649,637,633,631,631,636.1,651,670.9,679.9,681.9,631.9,0,06.11.2021 04:57,577.9,577.9,06.11.2021 04:57,464.2,464.4,600.6,600.5,486,769.5,769.1,801.8,801.5,713,82,79,06.11.2021 05:00,32.62,9.06,0.71,06.11.2021 04:58,623.9,618.5,623.9,613,617.6,611.7,623.3,619.6,619.8,614.1,617.8,613.5,627.2,620.8,619.6,614.7,622,616.8,556.1,538.4,623.9,618.5,623.9,613,617.6,611.7,623.3,619.6,619.8,614.1,617.8,613.5,627.2,620.8,619.6,614.7,622,616.8,556.1,538.4,248274311,6.11.2021 05:55,0.19,1,
06.11.2021 04:56,14,06.11.2021 04:59,168,519.9,497.6,36,77.3,534.6,508.2,48.6,33.8,546.8,516.1,48.3,0,567.8,534.7,20.2,12.6,595.4,557.7,23.8,0,624.6,600.7,33.6,4,632.5,632.5,17.1,26.8,632.3,632.7,15,25.6,659,664,648.9,636.9,632.8,630.9,630.8,635.8,650.7,670.7,679.8,681.9,631.7,12.4,658.9,664,648.8,636.9,633,630.9,631,636,651,671.1,680,682,632.4,0.1,659,664,649.1,637,633,631,631,636,651.1,671,680,682,632.4,5.5,06.11.2021 04:59,577.9,577.9,06.11.2021 04:59,469.8,470,605.2,605.1,486,765.8,765.5,800.3,800,712.5,82,79,06.11.2021 05:02,32.52,9.14,0.71,06.11.2021 05:00,622.7,617.6,621.4,616.8,618,609.8,622.8,620.7,618.9,616.1,616.6,611.7,626.6,621.5,619.5,616.2,620.4,612.4,556.4,539.9,622.7,617.6,621.4,616.8,618,609.8,622.8,620.7,618.9,616.1,616.6,611.7,626.6,621.5,619.5,616.2,620.4,612.4,556.4,539.9,248274400,6.11.2021 05:56,0.28,0,
06.11.2021 04:57,14,06.11.2021 04:59,168,521.8,498,35.5,75.7,536.3,508.4,44.1,33.9,546.8,515.4,48.5,4.3,567.5,534.7,23.1,13,595.2,557.6,25.7,0,626.3,600.8,35.3,2.5,632.7,632.8,15.3,24.5,632.7,633,11.4,23,659.1,664.1,648.9,636.9,632.8,630.9,630.8,635.8,650.8,670.8,679.9,681.8,631.8,11.8,658.8,663.9,649,637.1,632.9,630.9,630.9,635.9,651,671,680,682,631.6,7.8,659,664,649,637,633,631,631,635.9,651.1,671.1,680.1,682,631.6,26.5,06.11.2021 05:00,577.9,577.9,06.11.2021 05:00,467.7,467.8,602.9,602.7,486,769.8,769.4,801.5,801.2,713.1,82,79,06.11.2021 05:03,32.54,9.11,0.72,06.11.2021 05:00,623.5,618.8,622.8,613.4,617.8,611.9,623.3,620.4,618.9,613.8,617.3,613.8,628.3,622.3,620.5,615.8,621.7,617,559.2,539.4,623.5,618.8,622.8,613.4,617.8,611.9,623.3,620.4,618.9,613.8,617.3,613.8,628.3,622.3,620.5,615.8,621.7,617,559.2,539.4,248274461,6.11.2021 05:57,0.28,0,
06.11.2021 04:58,15,06.11.2021 05:00,168,523.6,499,36.2,67.6,536.5,509.3,42.5,26.7,546.8,515,48.7,7.8,567.6,535,22.2,10.3,594.6,557.6,31.4,0,628.7,601,30.5,0,633.2,632.9,10.6,23.8,633.2,632.9,6.9,24.1,659.1,664,648.9,636.9,632.9,631,630.8,635.9,650.9,670.9,679.9,682.2,631.8,11.9,659.2,664.1,649.1,637,633,631,631,635.9,651,671,680,682,632,4.3,658.9,664,649,637.1,633,631.1,630.9,635.9,651,671,680,682,632,0,06.11.2021 05:01,577.9,577.9,06.11.2021 05:01,465.1,465.3,600.6,600.5,485.5,766.3,765.9,800.3,799.9,712.6,81,79,06.11.2021 05:04,32.72,9.17,0.72,06.11.2021 05:01,622.4,617.5,620.9,616.4,617.4,608.4,621.6,619.1,618.2,615.4,619.3,612.4,627.4,622.9,620.1,616.9,622.5,616.1,558.8,540,622.4,617.5,620.9,616.4,617.4,608.4,621.6,619.1,618.2,615.4,619.3,612.4,627.4,622.9,620.1,616.9,622.5,616.1,558.8,540,248274522,6.11.2021 05:58,0.23,0,
06.11.2021 04:58,14,06.11.2021 05:01,168,524.2,499.4,38.1,64.2,536.7,509.7,40.7,23.3,547.2,515,45,7.8,566.2,535,35.4,10.3,595.6,557.8,22.7,0,629.1,601,35.3,0,632.8,633,14.3,22.9,632.3,632.8,15.3,25.2,659,664,648.9,636.8,632.9,630.9,630.9,635.9,650.8,670.8,679.9,682.1,631.7,13,659.2,664.1,649.3,637.3,633.2,631.1,631,636,650.9,671,680,682.1,632.2,2.3,659,664,649,637,632.9,630.9,631,636,651.1,671,680,681.9,632.2,0,06.11.2021 05:01,577.9,577.9,06.11.2021 05:01,467.5,467.5,603.9,603.7,485.7,768.7,768.4,801.1,800.8,713,81,79,06.11.2021 05:04,32.94,9.06,0.72,06.11.2021 05:02,622.9,617.4,621.5,614.4,617,609.7,622.3,620,618.7,614.5,616.1,610.6,627.1,621.9,620.3,615.2,620.1,611.8,558.6,539.4,622.9,617.4,621.5,614.4,617,609.7,622.3,620,618.7,614.5,616.1,610.6,627.1,621.9,620.3,615.2,620.1,611.8,558.6,539.4,248274550,6.11.2021 05:58,0.31,0,
06.11.2021 04:58,15,06.11.2021 05:01,168,524.5,499.5,35.3,63.3,536.7,510.3,40.8,17.6,547,514.9,46.9,8.8,567.6,535.2,22.1,8.3,594,557.4,37.1,0,630.3,601.1,26.2,0,633.5,633,7.8,23,633.4,632.9,5.1,24.4,658.9,663.8,649,636.9,632.9,630.9,630.8,635.9,650.8,670.9,680,682.1,631.6,14.1,659,664,649.3,637.1,633.1,631.2,631.2,636,651,671,680,682.1,632.3,1.3,659,664,649,637,633,631,631,636,650.9,671,680,682,632.3,0,06.11.2021 05:01,577.9,577.9,06.11.2021 05:02,470.3,470.4,606.1,605.9,486,770.4,770,801.6,801.3,713.5,81,79,06.11.2021 05:05,32.91,9.09,0.71,06.11.2021 05:02,623.7,618.7,622.2,615.9,618.3,610.3,622.9,620,618.7,615,616.9,611.1,625.9,620.8,618.8,615.4,620.5,611.5,558.3,539.4,623.7,618.7,622.2,615.9,618.3,610.3,622.9,620,618.7,615,616.9,611.1,625.9,620.8,618.8,615.4,620.5,611.5,558.3,539.4,248274583,6.11.2021 05:59,0.13,1,
06.11.2021 04:59,14,06.11.2021 05:02,168,524.3,499.2,37.4,66.4,536.6,510.7,41.8,13.6,547.2,514.9,45,8.8,566.1,535,36.3,10.1,596.1,557.7,17.9,0,629.4,600.9,34.8,0.1,632.9,632.9,13.4,24.1,632.5,632.8,13.6,25.5,659,664,648.9,636.9,632.8,630.8,630.9,635.9,650.8,670.9,679.9,682.1,631.6,14.4,659.1,664,649.3,637.1,633.2,631.1,631.1,636,651.1,671.1,680,682,632.2,2.1,659,664,648.9,637,633,630.9,630.9,636,651,671,680,681.9,632.2,0,06.11.2021 05:02,577.9,577.9,06.11.2021 05:02,470.2,470.3,605.5,605.3,486.5,769.1,768.7,801.1,800.8,713.4,81,79,06.11.2021 05:05,32.84,8.98,0.71,06.11.2021 05:03,622.8,617.6,622.4,610.4,616.9,610.7,622.6,619.3,618.3,611.9,616.1,612,626,620.4,618.9,613.2,620.4,613.7,559.6,537,622.8,617.6,622.4,610.4,616.9,610.7,622.6,619.3,618.3,611.9,616.1,612,626,620.4,618.9,613.2,620.4,613.7,559.6,537,248274611,6.11.2021 06:00,0.07,1,
06.11.2021 05:00,14,06.11.2021 05:03,168,524.8,498.9,32.9,70,536.4,511,43.8,9.7,547.1,514.9,45.9,8.9,566.2,535,35.4,10,596.5,557.5,14.1,0,629.7,600.7,32.3,1.5,633.1,632.8,11.6,25.4,632.8,632.9,10.9,24.8,658.9,664,648.8,636.8,632.8,630.8,630.9,635.9,650.9,670.9,680,682,631.8,12.8,659,664,649.1,637.2,633.2,631.2,631.3,636,651.1,671.1,680.1,682,632,3.8,659,664,649,637,633,631,630.9,636,650.9,670.9,679.9,682,632,0,06.11.2021 05:03,577.9,577.9,06.11.2021 05:03,468.2,468.3,603.5,603.3,486.3,767.5,767.1,800.5,800.2,713,81,79,06.11.2021 05:06,32.28,9.09,0.72,06.11.2021 05:04,622.9,617,620.4,614.5,616,608,622,619.3,617.6,613.5,616.1,610.3,627.2,621.9,619.6,615.7,618.5,612,559.5,539.6,622.9,617,620.4,614.5,616,608,622,619.3,617.6,613.5,616.1,610.3,627.2,621.9,619.6,615.7,618.5,612,559.5,539.6,248274672,6.11.2021 06:01,0.01,1,
06.11.2021 05:01,14,06.11.2021 05:04,168,524.8,498.7,33.1,73,536.5,511,43,8.6,547.3,515,44.1,8,566.4,534.9,33.5,10.9,596.6,557.3,12.9,0,629.5,600.5,34.4,3.1,632.9,632.9,13.4,24.7,632.9,633,10,24.1,659,664,648.9,636.9,632.8,630.8,630.8,635.8,650.8,670.8,679.9,681.8,632,11.1,658.9,663.9,649,637,633,631.1,631,636.1,651,671,680,681.9,631.8,5.9,659,664.1,649,637.1,633,631,631,636.1,651.1,671.1,680.2,682.1,631.8,1.7,06.11.2021 05:04,577.9,577.9,06.11.2021 05:04,465.8,465.9,601.3,601.1,486.2,771.2,770.8,801.8,801.5,713.9,81,79,06.11.2021 05:07,32.84,9.02,0.72,06.11.2021 05:05,622.9,617.8,620.7,614.6,617.3,610.3,622.5,618.4,618.2,614.6,619.4,613,626.9,620.5,618.5,616.5,621.2,615.3,558.6,538.4,622.9,617.8,620.7,614.6,617.3,610.3,622.5,618.4,618.2,614.6,619.4,613,626.9,620.5,618.5,616.5,621.2,615.3,558.6,538.4,248274989,6.11.2021 06:01,-0.01,1,
06.11.2021 05:01,15,06.11.2021 05:04,168,524.2,498.9,38.8,71.6,537,510.7,38.3,10.9,547.2,515,45.1,7.9,567.1,534.9,26.6,10.8,593.3,556.9,43.9,0,630.2,600.5,27.9,3,633.2,632.9,10.6,24.8,633,633.1,9,23.1,659.1,664.1,649,637,632.9,631,630.9,636,651,670.8,680,681.9,632,11.1,658.9,663.9,649.1,637.1,633.1,631,630.9,635.9,651.1,671,680,682,631.8,6,659,664,649.1,637.1,633.1,631,630.9,635.9,651,671,680.1,682.1,631.8,4.9,06.11.2021 05:04,577.9,577.9,06.11.2021 05:04,464.6,464.8,600.3,600.2,486,769.5,769.1,801.2,800.8,713.6,82,79,06.11.2021 05:07,32.06,9.03,0.72,06.11.2021 05:05,621.5,616,619.4,614.6,615.9,608.9,621.2,617.9,617,613.8,616.1,610.7,626.4,621.6,619.3,615.8,621.6,612.5,558.9,538.3,621.5,616,619.4,614.6,615.9,608.9,621.2,617.9,617,613.8,616.1,610.7,626.4,621.6,619.3,615.8,621.6,612.5,558.9,538.3,248275021,6.11.2021 06:02,-0.09,1,
06.11.2021 05:02,14,06.11.2021 05:05,168,525,499,31.2,71,536.4,510.5,44,12.5,547.1,515,46,7.9,566.7,534.9,30.6,10.9,596.4,557.1,14.8,0,629.6,600.4,33.7,3.8,633.1,633,11.6,24,632.8,633.1,11.1,23.1,659,663.9,649,636.9,633,631,630.9,635.9,650.9,670.8,680,681.9,631.9,12,659,663.9,649.1,637.1,633.1,631.1,631.1,636.1,651,671,680,681.9,631.9,5.2,659.1,664,649.1,637,632.9,631,631,636.1,651,671,680.1,682.1,631.9,18.9,06.11.2021 05:05,577.9,577.9,06.11.2021 05:05,468.3,468.4,604.5,604.3,486.4,767.6,767.3,800.5,800.1,713.2,81,79,06.11.2021 05:08,32.45,8.84,0.69,06.11.2021 05:06,622.2,616.9,620.9,615,616.5,609.7,621.9,619.1,618.2,614.2,617.9,612.1,627.6,622.7,620.7,616,622.4,613.2,559.5,535.2,622.2,616.9,620.9,615,616.5,609.7,621.9,619.1,618.2,614.2,617.9,612.1,627.6,622.7,620.7,616,622.4,613.2,559.5,535.2,248275050,6.11.2021 06:02,0.04,1,
06.11.2021 05:03,13,06.11.2021 05:06,168,524.4,499.3,36.8,69,536.5,509.9,43,17.7,547.4,515.2,43,5.9,566.5,534.9,32.1,10.9,594.1,556.9,36.4,0,629.7,600.5,32.9,2.6,632.9,633.1,13.4,23.3,632.6,632.9,12.9,25.1,659,664.1,649.1,637.1,633,631,631,636.1,650.9,671,680.1,682,631.8,13.2,659.1,664,649.2,637.1,633,631,631.1,636.1,651.1,671.1,680.1,682,632.1,3.3,658.9,663.9,648.9,637,633,630.9,630.9,636.1,651,671,680,682,632.1,0,06.11.2021 05:06,577.9,577.9,06.11.2021 05:06,467.8,467.8,602.9,602.7,486.5,771.3,771,801.8,801.4,714,82,79,06.11.2021 05:09,32.62,9.01,0.72,06.11.2021 05:07,623.1,617.2,621.4,613.2,617.6,610.3,621.5,618.7,618.7,615.2,617.8,612.1,626.5,621.1,620.9,617.5,621.9,614.5,560.4,536.8,623.1,617.2,621.4,613.2,617.6,610.3,621.5,618.7,618.7,615.2,617.8,612.1,626.5,621.1,620.9,617.5,621.9,614.5,560.4,536.8,248275145,6.11.2021 06:04,0.21,0,
06.11.2021 05:04,13,06.11.2021 05:07,168,525,499.5,31,67.3,537.8,509.7,30.8,19.8,547.4,515.3,43,4.9,567.9,535.2,19,8.1,595.9,557.2,19.1,0,630.1,600.7,29,0.6,632.9,633.2,13.2,22.3,633.4,632.8,5.4,26.1,659,664,649,637.1,633,631,631,636,650.9,671,680,682,631.8,13.4,659,664,649.2,637.1,633,631,631.1,636,651.1,671.1,680,682,632.1,3.2,659,663.9,648.9,636.9,632.9,630.9,630.9,636,651,671.1,680,681.9,632.1,0,06.11.2021 05:07,577.9,577.9,06.11.2021 05:07,466.5,466.7,601.9,601.6,486.5,769.6,769.2,801.1,800.8,714.1,81,79,06.11.2021 05:10,32.52,8.78,0.69,06.11.2021 05:08,620.9,616.2,620.6,614.1,614.3,607.7,619.1,616.7,616.9,612.9,614.6,609.2,624.1,620.3,618.5,614.8,617.8,610.5,559.6,540.9,620.9,616.2,620.6,614.1,614.3,607.7,619.1,616.7,616.9,612.9,614.6,609.2,624.1,620.3,618.5,614.8,617.8,610.5,559.6,540.9,248275178,6.11.2021 06:04,-0.05,1,
06.11.2021 05:04,13,06.11.2021 05:07,168,525.6,500.3,25,59.6,537.2,509.7,36.2,20,548.5,515.8,32.4,0,566.6,535.5,31,5,595.3,557.5,24.9,0,630.6,601.1,24.3,0,633.9,633.6,3.6,18.3,633,632.9,9.1,25.4,659,663.9,649.1,637,633,631,631,636,650.9,671.1,680.1,682,631.9,12.5,659,664.1,649.3,637.1,633,631.1,631.2,636,650.8,670.9,680.1,682,632,4.1,659.2,664.1,649.1,637,633.1,631.1,631,636,651,671,680.1,682,632,4.3,06.11.2021 05:07,577.9,577.9,06.11.2021 05:07,465,465.1,600.6,600.4,486.1,767.1,766.8,800.3,800,713.8,82,79,06.11.2021 05:10,32.3,8.84,0.68,06.11.2021 05:08,621.1,615.8,619.3,610.7,616.3,610,621,618.3,616.6,611.9,618.8,612.8,624.8,620.1,619.3,613.2,621.2,615.9,560,537.9,621.1,615.8,619.3,610.7,616.3,610,621,618.3,616.6,611.9,618.8,612.8,624.8,620.1,619.3,613.2,621.2,615.9,560,537.9,248275214,6.11.2021 06:05,-0.03,1,
06.11.2021 05:05,14,06.11.2021 05:08,168,524.4,500,36.6,62.2,537.1,509.7,37.1,20.1,546.9,515.7,47.4,0.8,567.5,535.6,22.4,3.7,594.8,557.4,29.3,0,630.1,601,29.2,0,633.1,633.3,11.4,21,633.2,633.1,7.2,23.5,659,664,648.9,636.9,632.9,630.8,631.1,636.1,651,671,680,682,632,11.6,659,663.9,649,637.1,632.9,631,630.9,636,651,671.1,680.1,682,632,4.1,659,664.1,649,637,633.1,631.1,631,636,651,671,680,682.1,632,18.3,06.11.2021 05:08,577.9,577.9,06.11.2021 05:08,466.8,466.8,603.1,603,485.9,769.5,769.1,801.1,800.8,713.8,82,79,06.11.2021 05:11,32.33,9.03,0.72,06.11.2021 05:09,622.8,616.9,620.2,611.9,616.1,610.4,621.5,617.8,617.4,612.4,617.8,612.1,626.3,619.4,618,614,619.7,615.5,559.2,539.1,622.8,616.9,620.2,611.9,616.1,610.4,621.5,617.8,617.4,612.4,617.8,612.1,626.3,619.4,618,614,619.7,615.5,559.2,539.1,248275244,6.11.2021 06:05,-0.23,0,
06.11.2021 05:05,14,06.11.2021 05:08,168,524.8,499.6,32.6,65.8,536.3,509.8,44.7,19.3,547.2,515.5,44.5,2.5,566.2,535.2,34.7,7.2,595.3,557.3,24.8,0,629.6,600.7,33.8,0.1,633,633.1,12.2,22.9,632.7,633,12,24.5,659.1,664.1,649,637,633,631,631,636,650.9,671,680,681.9,632,11.6,658.9,663.9,649,637,633.1,631,630.9,636,651,670.9,680,681.9,631.9,5.1,659,664.1,649.1,637,633.1,631.1,631.1,636,651.1,671.1,680,682.1,631.9,21.8,06.11.2021 05:08,577.9,577.9,06.11.2021 05:08,469.5,469.6,605.1,604.8,486.3,771.3,770.9,801.7,801.4,714.1,82,79,06.11.2021 05:11,32.15,9.05,0.72,06.11.2021 05:09,621.9,616.5,621.5,614.5,616.9,609.8,621.1,618,617.5,614.3,616,610.8,627,620.7,618.7,615.8,620.7,615.2,560.1,540,621.9,616.5,621.5,614.5,616.9,609.8,621.1,618,617.5,614.3,616,610.8,627,620.7,618.7,615.8,620.7,615.2,560.1,540,248275273,6.11.2021 06:09,-0.19,1,
06.11.2021 05:06,14,06.11.2021 05:09,168,523.9,499.1,41.4,70.7,537.2,509.9,36.2,18.5,547.2,515.3,44.6,4.2,567.4,535,23.4,9,594.6,557.1,31.1,0,630.4,600.6,26.3,0.9,632.9,632.8,13.2,25.8,633,632.9,9.2,25.6,659.1,664,648.9,637,633,631.1,631,636,650.8,671,680,681.9,632,11.6,659,663.9,649.2,637,633,631.1,631.1,636,651.1,670.9,679.9,682,631.9,5.1,658.9,664,649.1,637.1,633,631.1,631,636,651.1,671,680.1,682.1,631.9,25.4,06.11.2021 05:09,577.9,577.9,06.11.2021 05:09,469.4,469.5,604.5,604.3,486.5,770,769.6,801.3,800.9,713.8,82,79,06.11.2021 05:12,32.62,9.02,0.72,06.11.2021 05:10,621.8,616.6,620.7,614.1,616.7,610.1,622.2,618.6,617.6,613.5,617,611.9,626.8,621.3,618.9,615.5,621.5,613.9,559.6,536,621.8,616.6,620.7,614.1,616.7,610.1,622.2,618.6,617.6,613.5,617,611.9,626.8,621.3,618.9,615.5,621.5,613.9,559.6,536,248275301,6.11.2021 06:13,0.48,0,
06.11.2021 05:10,14,06.11.2021 05:13,168,524.4,500.4,36.8,54.5,534.6,511.6,60,0.8,547.9,519.4,37.3,0,566.2,538.2,34.5,0,592.2,559.6,53.7,0,629.5,602.7,34.2,0,632.5,632.4,17.1,28.3,632.1,632.3,18,29.8,659,664,648.9,636.9,632.9,630.9,631,636,650.9,671,680,682.1,632.1,10,659,664.1,648.9,637.1,632.9,630.9,631,636,651.1,671.1,680,682.1,632.1,3.4,659,664,649,636.9,633,630.9,630.9,636,650.9,670.9,679.8,681.9,632.1,96.3,06.11.2021 05:13,577.9,577.9,06.11.2021 05:13,466.1,466.3,602,601.8,486.8,770.2,769.9,801.8,801.4,713.8,82,79,06.11.2021 05:16,32.45,9.02,0.72,06.11.2021 05:14,622.9,617.3,620.9,616.6,617.2,610.3,621.9,618.7,618.2,615.4,617.4,612.4,627,622.8,619.9,616.7,622.8,616.1,560,542.1,622.9,617.3,620.9,616.6,617.2,610.3,621.9,618.7,618.2,615.4,617.4,612.4,627,622.8,619.9,616.7,622.8,616.1,560,542.1,248275569,6.11.2021 06:14,0.19,1,
06.11.2021 05:13,15,06.11.2021 05:16,168,525.2,501,28.8,53.5,536.3,509.2,44.4,22.4,546.7,514.8,48.9,9,567.7,534.2,20.9,17.5,596.5,557.5,13.2,0,630.4,600.2,26.1,4.7,633.2,633.3,10.7,21.7,632.8,633.1,11.5,23.3,659,664,649,636.9,633,631,631,636,651,671.1,679.9,682,632.1,10.6,659.1,664.1,649.4,637.2,633.1,631.1,631.1,635.9,651,671,680,682.1,632,4.3,658.9,664,649,637,633,631.1,631,635.9,651.1,671,680,682,632,0,06.11.2021 05:16,577.9,577.9,06.11.2021 05:16,467.5,467.6,603.3,603.1,486.2,767.8,767.4,800.5,800.1,713.3,82,79,06.11.2021 05:19,32.28,9,0.72,06.11.2021 05:17,623.2,618.8,622.6,614.6,616.3,609.3,622.7,619.3,618.8,615,616.9,611.3,627,620,618.9,615.2,621,613.9,558.8,537.7,623.2,618.8,622.6,614.6,616.3,609.3,622.7,619.3,618.8,615,616.9,611.3,627,620,618.9,615.2,621,613.9,558.8,537.7,248275784,6.11.2021 06:15,0.76,0,
06.11.2021 05:15,14,06.11.2021 05:18,168,524.9,499.8,31.8,63.1,537.1,509.3,37,22.9,547.7,514.4,39.5,13.4,565.7,534.5,39.3,15.6,594.8,557.1,29.7,0,629.7,600.3,32.6,4,633,633.1,12.6,23.5,633.5,633,5,24.5,659,664,649,637,633,631.1,631,636,651,671,680,682.1,631.8,13.5,658.9,664,648.9,636.9,632.8,630.9,630.8,635.8,651,671,680.1,681.9,632.4,0,659.2,664,649.1,636.9,632.9,631,631.1,635.8,651,671,680,682,632.4,0,06.11.2021 05:18,577.9,577.9,06.11.2021 05:18,464,464.1,600.5,600.2,486.5,770,769.6,801.1,800.7,714.3,82,79,06.11.2021 05:21,32.33,9.07,0.74,06.11.2021 05:19,622.8,617.1,622.4,615.9,618.1,613,621.1,616.8,617.2,614.1,617.8,613.1,626,618.1,616.8,614.5,620.7,614.6,558.9,539.8,622.8,617.1,622.4,615.9,618.1,613,621.1,616.8,617.2,614.1,617.8,613.1,626,618.1,616.8,614.5,620.7,614.6,558.9,539.8,248275874,6.11.2021 06:15,-0.03,1,
06.11.2021 05:16,14,06.11.2021 05:19,168,524.5,498.6,35.7,75.1,536.7,509.6,40.8,20.7,547.5,514.6,41.3,12,565.8,535,38.4,11.1,595,557,27.7,0,630,600.6,29.9,1.1,633.5,633.2,7.8,22.7,633.5,633,4.9,24.6,659,664,649,636.8,632.9,630.8,631,636.1,651,670.9,680,682,631.8,13.7,659.1,664.1,649.2,637.1,632.9,631.1,630.8,635.8,650.9,670.8,680.1,682,632,3.8,659.1,664.1,649.1,637,633,631,630.9,635.8,651,671,679.9,681.9,632,26.2,06.11.2021 05:19,577.9,577.9,06.11.2021 05:19,465.2,465.4,601.8,601.5,486.5,769.8,769.4,801,800.6,713.7,82,79,06.11.2021 05:22,31.91,9.05,0.74,06.11.2021 05:19,621.7,616.4,619.4,614.9,615.8,608.2,621.2,618.7,617,614.6,616.1,611.1,626.6,621,618.9,616.1,621.1,613.1,559.7,538.6,621.7,616.4,619.4,614.9,615.8,608.2,621.2,618.7,617,614.6,616.1,611.1,626.6,621,618.9,616.1,621.1,613.1,559.7,538.6,248275935,6.11.2021 06:16,0.23,0,
06.11.2021 05:17,14,06.11.2021 05:20,168,525,499.5,30.7,68.2,536.9,510.3,39,14,547.2,515.1,44.1,7.4,566.2,535.1,34.6,9.6,595.2,556.8,25.7,0,629.9,600.3,30.8,3.7,633,633,12.4,24.8,632.9,633,10.5,24.7,659.1,664.1,649,637,633,631,631,635.9,650.9,670.9,679.9,681.9,632,12,658.8,663.9,648.9,637,633.1,631,631.2,636,651,670.9,680,682,632.2,1.6,658.9,664,649,637,633,631.1,631,636,651,671,680.1,682.1,632.2,0,06.11.2021 05:21,577.9,577.9,06.11.2021 05:21,470.3,470.5,606.4,606.2,486.8,768.3,767.9,800.3,800,713.6,81,79,06.11.2021 05:24,31.54,8.99,0.73,06.11.2021 05:21,622,617,620.9,613.7,616.3,609.5,622.2,618.9,617.2,613,615.7,611.2,626.1,621.8,619.7,615.2,619.9,612.2,560.6,537.3,622,617,620.9,613.7,616.3,609.5,622.2,618.9,617.2,613,615.7,611.2,626.1,621.8,619.7,615.2,619.9,612.2,560.6,537.3,248276057,6.11.2021 06:18,0.17,1,
06.11.2021 05:18,13,06.11.2021 05:21,168,524.6,499.8,34.4,65.4,536.9,510.3,39,13.8,547.3,515.2,43.1,6.4,567.4,535.1,23.2,9.5,594.5,556.6,31.9,0,630.3,600.4,27,2.7,633.1,633.2,11.5,22.9,633.1,633.1,8.8,23.8,659.1,664,649,636.9,633,631,630.9,635.9,651,670.9,680,681.9,632,12,658.8,663.9,648.9,636.9,632.9,630.9,630.9,635.8,650.9,670.9,680,682,632,3.4,658.9,663.8,649,636.9,633,631,631,635.8,651.1,671.1,680.1,682,632,1.3,06.11.2021 05:21,577.9,577.9,06.11.2021 05:21,469.8,469.9,605.5,605.3,486.8,772.3,772,801.7,801.3,714.2,81,79,06.11.2021 05:24,31.23,9.4,0.72,06.11.2021 05:22,621.7,616,619.6,612.1,615.1,608.4,621.1,618.5,617.2,613.7,615.4,610.4,625.7,621.1,619.4,615.8,617.8,611.7,557.6,537.7,621.7,616,619.6,612.1,615.1,608.4,621.1,618.5,617.2,613.7,615.4,610.4,625.7,621.1,619.4,615.8,617.8,611.7,557.6,537.7,248276089,6.11.2021 06:20,0.28,0,
06.11.2021 05:18,13,06.11.2021 05:21,168,524.9,499.9,31.5,64.2,536.5,510.4,42.8,12.7,546.9,515.1,46.9,7.2,566.3,535,33.7,10.4,595.4,556.7,23.7,0,629.9,600.3,30.8,3.6,633.1,633.1,11.5,23.8,632.8,633,11.5,24.8,659.1,664,649,637,633,631,631,636,651,671,680,682.1,631.9,12.9,658.8,664,649,636.9,633,630.9,630.9,635.9,650.9,670.8,679.9,681.9,631.8,5.4,659,663.9,648.9,637,633,630.9,631.1,635.9,651.1,671.1,680,681.9,631.8,11.6,06.11.2021 05:21,577.9,577.9,06.11.2021 05:22,468.7,468.9,604.5,604.3,486.6,772.1,771.7,801.6,801.3,714.3,81,79,06.11.2021 05:25,31.01,8.98,0.73,06.11.2021 05:22,619.9,615.6,621.7,611.2,615.1,610.1,618.1,616.4,617,611.1,617.3,613.5,623.6,619.1,618.5,613.2,620.4,612.8,557.8,538.7,619.9,615.6,621.7,611.2,615.1,610.1,618.1,616.4,617,611.1,617.3,613.5,623.6,619.1,618.5,613.2,620.4,612.8,557.8,538.7,248276120,6.11.2021 06:21,0.35,0,
06.11.2021 05:21,14,06.11.2021 05:24,168,524.6,499.3,34.3,70.1,537.3,510.1,35.2,14.5,547.3,515,43.1,8.1,567.1,534.9,26,11.5,594.3,556.3,33.8,0,630.1,600.5,29,1.7,633.5,633.3,7.8,21.9,633.3,633,6.9,25,658.9,663.9,648.9,637,633,630.9,631.1,636,651,670.9,680,682,632.1,11,659.1,664,649,637,633.1,631.2,630.9,635.8,650.9,670.9,679.9,682,632,3.6,659,664,648.9,637,633,631,631,635.8,651,671,679.9,681.8,632,0,06.11.2021 05:24,577.9,577.9,06.11.2021 05:24,466.3,466.4,603.8,603.6,486.5,771.1,770.7,801.2,800.8,714.3,81,79,06.11.2021 05:27,31.25,9.42,0.73,06.11.2021 05:25,621.9,616.7,619.5,609.6,615.6,610.1,621.5,619.4,617.6,610.3,614.6,611.4,625.1,620.4,618.5,612.4,617.2,611.9,559,537.1,621.9,616.7,619.5,609.6,615.6,610.1,621.5,619.4,617.6,610.3,614.6,611.4,625.1,620.4,618.5,612.4,617.2,611.9,559,537.1,248276271,6.11.2021 06:21,0.33,0,
06.11.2021 05:22,17,06.11.2021 05:25,168,525.2,499.7,28.7,66.7,537,509.9,38,16.4,547.4,514.9,42.3,9.1,566.9,535,27.9,10.6,594.4,556.3,32.8,0,630.1,600.4,29,2.6,633.2,633.3,10.6,21.8,633.1,633,8.7,25.2,659,663.9,648.9,636.8,632.9,631,631,636,651,671,680,682,632,11.9,659.1,664,649.3,637.1,633.2,631.3,631.1,635.9,651,671,680,682,632,3.6,659,664,649,636.9,632.9,630.9,631.1,635.9,651.1,671,679.9,682,632,29.3,06.11.2021 05:25,577.9,577.9,06.11.2021 05:25,468.6,468.8,605,604.8,486.9,768.9,768.6,800.4,800,713.8,81,79,06.11.2021 05:28,31.25,9.35,0.73,06.11.2021 05:26,621.3,617.6,621.3,613.2,616.1,609.6,622,619.3,617.8,612.7,617.4,612.9,626,621.7,619.4,614.3,620.9,612.4,559.9,537.5,621.3,617.6,621.3,613.2,616.1,609.6,622,619.3,617.8,612.7,617.4,612.9,626,621.7,619.4,614.3,620.9,612.4,559.9,537.5,248276332,6.11.2021 06:23,-22.59,0,
06.11.2021 05:22,0,06.11.2021 05:25,168,525.2,499.7,28.7,66.7,537,509.9,38,16.4,547.4,514.9,42.3,9.1,566.9,535,27.9,10.6,594.4,556.3,32.8,0,630.1,600.4,29,2.6,633.2,633.3,10.6,21.8,633.1,633,8.7,25.2,659,663.9,648.9,636.8,632.9,631,631,636,651,671,680,682,632,11.9,659.1,664,649.3,637.1,633.2,631.3,631.1,635.9,651,671,680,682,632,3.6,659,664,649,636.9,632.9,630.9,631.1,635.9,651.1,671,679.9,682,632,29.3,06.11.2021 05:25,577.9,577.9,06.11.2021 05:25,468.6,468.8,605,604.8,486.9,768.9,768.6,800.4,800,713.8,81,79,06.11.2021 05:28,31.25,9.35,0.73,06.11.2021 05:26,621.3,617.6,621.3,613.2,616.1,609.6,622,619.3,617.8,612.7,617.4,612.9,626,621.7,619.4,614.3,620.9,612.4,559.9,537.5,621.3,617.6,621.3,613.2,616.1,609.6,622,619.3,617.8,612.7,617.4,612.9,626,621.7,619.4,614.3,620.9,612.4,559.9,537.5,248276332,6.11.2021 06:26,0.38,0,
06.11.2021 05:27,14,06.11.2021 05:29,168,524.6,499.6,34,67.7,536.8,510.3,39.9,13.3,547.4,515.1,42,7.4,566.6,535,30.5,10.3,594.6,556.2,30.8,0,630.4,600.5,26.1,1.5,633.3,633.4,9.7,20.4,633.2,633,7.8,25.2,658.9,663.9,649,636.9,632.9,631,631,636,651,671.1,680.1,682.1,632,11.8,658.9,664,649.3,637.1,633.1,631.2,631,636,651,671,679.9,682.1,632,3.9,659.1,664,649,637,633,631,631,636,651,671,679.9,681.9,632,0,06.11.2021 05:30,577.9,577.9,06.11.2021 05:30,463.8,463.9,601.1,600.8,486.4,773,772.6,801.6,801.3,714.5,81,79,06.11.2021 05:35,30.93,9.05,0.73,06.11.2021 05:33,620.1,615.3,618.6,608.3,614.5,608.9,619.6,616.4,615.3,609,614.9,611.4,625.2,620.8,618.4,611.4,619.7,613.4,557.2,537.6,620.1,615.3,618.6,608.3,614.5,608.9,619.6,616.4,615.3,609,614.9,611.4,625.2,620.8,618.4,611.4,619.7,613.4,557.2,537.6,248276634,6.11.2021 06:31,0.28,0,
06.11.2021 05:31,14,06.11.2021 05:34,168,520.1,496.3,16.4,94.5,536.8,513.8,18,0,546.5,523.3,46.4,0,568.9,541.2,8.8,0,598.6,563.4,0,0,627.2,603.2,33.6,0,632.7,632.2,15.4,30.5,633.9,632.9,1.4,23.4,659,664,648.9,636.8,632.9,630.8,631,635.9,650.8,670.8,679.9,681.8,631.7,12.6,658.9,664,649,636.9,633,630.9,630.9,635.9,650.8,670.9,679.9,681.9,632,4,659,664,648.8,637,633,631,631,635.9,651.1,671,679.9,682.1,632,30.3,06.11.2021 05:34,577.9,577.9,06.11.2021 05:35,465,465.2,603.5,603.2,486.5,766.6,766.3,800.8,800.4,713.1,82,79,06.11.2021 05:38,30.93,8.93,0.73,06.11.2021 05:35,623.1,617.3,619.6,613.6,617.3,611.4,622.4,620.3,618.8,614.2,616.1,611.5,626.3,621.7,620.2,616.1,618.8,611.8,557.8,542.2,623.1,617.3,619.6,613.6,617.3,611.4,622.4,620.3,618.8,614.2,616.1,611.5,626.3,621.7,620.2,616.1,618.8,611.8,557.8,542.2,248276949,6.11.2021 06:32,0.4,0,
06.11.2021 05:32,14,06.11.2021 05:35,168,517.7,495.1,47.3,100,533.8,513.3,55.5,0,547.3,521.9,38.9,0,564.9,539.4,46.2,0,591.9,561.7,57.5,0,629.4,602.7,21.7,0,633.8,632.5,5.2,28.1,632.4,632.8,15.7,24.6,658.9,664,648.9,636.9,632.9,630.9,630.9,635.8,650.8,670.8,679.9,681.9,631.6,13.8,658.9,663.9,648.9,636.7,633,631,631,636,650.8,671,680,681.9,632,4,659,664.1,649.1,637.1,633.2,631.1,631.1,636,651.1,670.9,680.1,682.1,632,37.5,06.11.2021 05:35,577.9,577.9,06.11.2021 05:35,463.9,464.1,602.3,602.1,486,765.5,765.2,800.2,799.9,712.4,82,79,06.11.2021 05:38,30.88,8.91,0.73,06.11.2021 05:36,623.8,619.3,622.3,617.6,619,611.5,623.1,620,619.6,617.3,617.4,613.1,628,623.9,621.8,618.5,621,614.8,556.7,542.4,623.8,619.3,622.3,617.6,619,611.5,623.1,620,619.6,617.3,617.4,613.1,628,623.9,621.8,618.5,621,614.8,556.7,542.4,248276977,6.11.2021 06:32,0.28,0,
06.11.2021 05:32,15,06.11.2021 05:35,168,521.1,496.1,24,98.5,536.9,512.8,34.3,0,546.4,520.5,47.6,0,568.1,538.6,16.4,0,598,561.5,0.1,0,627.9,601.9,44.4,0,632.7,632.7,15.5,26.6,633.4,632.9,6.2,23.7,659.1,664,648.9,636.9,632.9,630.9,630.9,635.9,650.9,670.8,679.9,681.9,631.6,14,659.1,664.2,649.2,637,633.1,631,630.9,635.9,651,671,679.9,682,632.1,3,658.9,663.9,649.1,637.1,633,631.1,631.2,635.9,651.2,671.1,680.1,682.2,632.1,16.4,06.11.2021 05:35,577.9,577.9,06.11.2021 05:36,462.6,462.8,601.1,601,485.9,769.6,769.3,801.5,801.1,713.2,82,79,06.11.2021 05:39,31.32,8.99,0.72,06.11.2021 05:36,622.9,618.1,622.4,616.1,616.7,610.2,622.2,619.1,619.3,615.2,617.4,612.6,627.7,623.6,622,617,623.3,615.9,558.1,543.4,622.9,618.1,622.4,616.1,616.7,610.2,622.2,619.1,619.3,615.2,617.4,612.6,627.7,623.6,622,617,623.3,615.9,558.1,543.4,248277009,6.11.2021 06:33,0.28,0,
06.11.2021 05:33,14,06.11.2021 05:36,168,520.2,497.4,40.7,87.9,536.5,512.3,41.9,0,547.1,519.4,41.2,0,565.7,537.5,38.7,0,592.4,560.3,53.2,0,631,601.8,19.3,0,633.4,633.2,8.8,22,632.8,632.9,12,23.9,659,664,649,636.9,633,630.9,630.9,636,650.8,670.9,680,682,631.7,13.3,659.2,664.2,649.2,637,633,631.1,631.1,636,651,671,680,682.1,632.1,3,659.1,664.1,649.1,637.1,633.1,631.1,631,636,651.1,671.2,680.2,682.2,632.1,0,06.11.2021 05:36,577.9,577.9,06.11.2021 05:36,461.7,461.8,600.6,600.4,485.7,770.2,769.8,801.6,801.2,713.8,82,79,06.11.2021 05:39,31.15,9.04,0.73,06.11.2021 05:37,623.3,618.3,622.6,617.8,617.2,608.9,622,618.7,618.7,616,616.4,611.3,627.1,622.2,619.5,616.4,619.5,611.4,558.3,542.2,623.3,618.3,622.6,617.8,617.2,608.9,622,618.7,618.7,616,616.4,611.3,627.1,622.2,619.5,616.4,619.5,611.4,558.3,542.2,248277038,6.11.2021 06:34,0.46,0,
06.11.2021 05:34,14,06.11.2021 05:37,168,521.9,500.8,42.2,56.4,537.2,511.1,35.3,4.2,547.3,517.7,39.8,0,565.7,535.8,38.7,2.6,593.5,559.3,42.9,0,629.7,600.9,31.7,0,633.4,633.3,8.8,20.9,633.1,632.9,9.2,24.1,659,664,649,636.9,632.8,630.9,630.9,636,650.9,670.9,680,682.1,631.8,12.5,659,664.1,649.1,637.2,633,631.1,631.2,636.1,651,671.1,680,682.1,632,3.9,658.9,664,649.1,637,633,631,631.1,636.1,651.1,671,679.9,681.9,632,0,06.11.2021 05:37,577.9,577.9,06.11.2021 05:37,467.7,467.8,605.8,605.6,486.3,766.9,766.5,800.2,799.8,713.5,81,79,06.11.2021 05:40,31.01,8.92,0.73,06.11.2021 05:38,623.5,618.3,621.3,616.6,616.6,609.5,622.6,619.1,618.6,615.9,616.7,611.9,627.6,621.7,619.3,617.2,621.2,614.3,558.4,540.7,623.5,618.3,621.3,616.6,616.6,609.5,622.6,619.1,618.6,615.9,616.7,611.9,627.6,621.7,619.3,617.2,621.2,614.3,558.4,540.7,248277099,6.11.2021 06:35,0.46,0,
06.11.2021 05:34,14,06.11.2021 05:37,168,524.5,501.8,26.2,46.1,535.9,510.5,47.3,9.4,546.4,516.9,48.3,0,568.1,535.5,16.4,5.1,595.9,559,19.5,0,631,600.9,19.8,0,632.9,633.2,13.4,21.8,632.7,632.9,12.7,24.2,659.1,664,648.9,636.8,632.9,631,630.8,636,651,670.9,679.9,682.1,631.9,11.6,658.9,664,649,637.2,633.2,631.2,631,635.9,651.1,671.1,679.9,682,631.9,4.8,658.9,663.9,648.9,636.9,632.9,631,631,635.9,651.1,671,680,682,631.9,9.1,06.11.2021 05:37,577.9,577.9,06.11.2021 05:37,467.1,467.2,604.9,604.6,486.4,769.8,769.3,801.2,800.8,713.6,81,79,06.11.2021 05:40,30.62,9.01,0.74,06.11.2021 05:38,623.8,617.8,621.1,613.9,617.6,610.8,622.9,618.8,617.5,613.6,617.2,612.5,627.4,622.6,619.8,615.2,622.9,616.7,556.4,538.1,623.8,617.8,621.1,613.9,617.6,610.8,622.9,618.8,617.5,613.6,617.2,612.5,627.4,622.6,619.8,615.2,622.9,616.7,556.4,538.1,248277131,6.11.2021 06:35,0.48,0,
06.11.2021 05:35,14,06.11.2021 05:38,168,525.1,500.8,29.5,53.5,535.9,509.5,47.4,18.9,546.6,515.9,46.8,0,568.2,534.6,15.4,13.5,594.9,558.3,28.8,0,630.8,600.4,21.6,2.1,633.2,633,10.6,23.7,632.6,632.9,13.7,24.4,658.9,663.9,649,637,633,630.9,630.8,635.9,650.8,670.9,679.9,682,631.9,11.7,659,664,649,637.1,633,631,631.1,635.9,651.1,671.1,680,682.1,632,4,659,663.9,648.8,637,633,631,631,635.9,651,671,679.9,681.9,632,37.5,06.11.2021 05:38,577.9,577.9,06.11.2021 05:38,464.8,464.9,602.6,602.5,486.3,770.6,770.2,801.3,801,714.1,81,79,06.11.2021 05:41,30.1,8.96,0.72,06.11.2021 05:39,622.1,617.8,622.9,615.8,616.5,609.5,618.9,617.5,618.4,614.5,615.8,610.9,624.1,620.4,619.4,615.8,620,612.6,557,538.7,622.1,617.8,622.9,615.8,616.5,609.5,618.9,617.5,618.4,614.5,615.8,610.9,624.1,620.4,619.4,615.8,620,612.6,557,538.7,248277192,6.11.2021 06:45,0.61,0,
06.11.2021 05:45,15,06.11.2021 05:48,168,513.1,496.8,40.3,71.9,526.1,517.2,32.5,0,544.4,528.9,51.1,0,561.4,543.1,38,0,586.3,563.8,12.4,0,612.3,599.7,44.9,8.7,631.4,631.9,27.2,25.8,631.4,632,21,27.7,658.9,663.9,648.7,636.7,632.8,630.8,630.8,635.7,650.8,670.8,679.9,681.8,631.8,7.4,659.1,663.9,649.1,637,632.9,630.9,630.9,635.9,651,671,680,681.9,632,3.7,659.1,664,649,637,632.9,631,631.1,635.9,651.1,671,680,681.9,632,0,06.11.2021 05:48,578.1,578.1,06.11.2021 05:48,466.5,466.7,606.6,606.4,485.1,763,762.6,801.2,800.9,711.2,82,80,06.11.2021 05:51,30.35,9.04,0.73,06.11.2021 05:49,628.4,622.2,627,620.5,620.2,611.9,626,620.5,621.5,617.5,619,613.8,627.4,622.3,620.8,617.8,624.5,616.7,558.3,543.6,628.4,622.2,627,620.5,620.2,611.9,626,620.5,621.5,617.5,619,613.8,627.4,622.3,620.8,617.8,624.5,616.7,558.3,543.6,248277838,6.11.2021 06:46,0.12,1,
06.11.2021 05:49,15,06.11.2021 05:52,168,519.8,499.6,37.3,54,532.4,512,34.8,0,546.9,519.3,44.2,0,566.1,536.7,35.6,0,590.9,558.8,29.8,0,620.5,600.1,27.4,10.2,633,632.9,12.7,20.5,632.6,632.7,11,23.8,659.1,664,648.8,636.7,632.7,630.9,630.8,635.7,650.7,670.7,679.9,682.1,631.8,9.9,658.9,664,649,637,633.1,631.3,631.2,636.2,651,671.1,680,682,631.9,4.9,659,664,648.9,637,633,631,631,636.2,651,671,680.1,682,631.9,8.3,06.11.2021 05:52,577.9,577.9,06.11.2021 05:52,466.8,467,605.5,605.3,485.3,767.5,767.2,801.6,801.3,712.1,81,79,06.11.2021 05:55,30.91,9.05,0.73,06.11.2021 05:53,624.3,620.2,624.4,613,617.9,611.2,624.2,621.7,620.7,613.6,619.6,614.1,628.7,622.2,621.3,615,622.2,616.1,560.3,538.9,624.3,620.2,624.4,613,617.9,611.2,624.2,621.7,620.7,613.6,619.6,614.1,628.7,622.2,621.3,615,622.2,616.1,560.3,538.9,248278049,6.11.2021 06:49,0.53,0,
06.11.2021 05:51,14,06.11.2021 05:53,168,523.4,498.5,38.2,64.9,536,509.1,36.5,22.8,547.1,517,43.3,0,566.5,535.1,32.3,8.5,595,558.5,26.4,0,624,600.8,29.2,3.1,633,632.6,12.9,24.1,632.1,632.7,16.3,24.8,658.9,664,648.8,636.7,632.8,630.7,630.7,635.7,650.6,670.7,679.9,681.9,631.6,12.3,658.9,663.9,649.1,637,633,631.1,631.1,636.1,651,671,680,681.9,631.9,5.1,659,664,649.1,637,633,631,631,636.1,650.9,670.9,679.9,681.9,631.9,22.1,06.11.2021 05:54,577.9,577.9,06.11.2021 05:54,462.7,462.8,600.7,600.6,485.1,769.5,769.1,802,801.6,712.6,81,79,06.11.2021 05:57,31.01,8.92,0.71,06.11.2021 05:55,624.8,619.8,622.2,615.9,619.4,610.2,623.9,622,620.6,615.9,617.5,611.1,627.3,622,620.8,617.8,622.9,613.2,559.6,541.3,624.8,619.8,622.2,615.9,619.4,610.2,623.9,622,620.6,615.9,617.5,611.1,627.3,622,620.8,617.8,622.9,613.2,559.6,541.3,248278171,6.11.2021 06:51,0.58,0,
06.11.2021 05:51,14,06.11.2021 05:54,168,524,498.1,40.7,69.5,535.9,508.7,46.2,27.2,546.9,516.6,45.3,0,567.2,534.9,25.6,10.4,594.4,558.4,32.3,0,624.9,600.7,29.4,3.8,633.2,632.6,11.1,24.4,633.5,633,3.2,22.1,658.9,663.9,648.9,636.8,632.8,630.8,630.8,635.8,650.7,670.7,679.9,682,631.6,12.5,659,664,649.1,637.1,633,631,631,636,651,671,680,682.1,632,4.2,659,664,649,636.9,633,631,631,636,651.1,671.1,680,682,632,29.1,06.11.2021 05:54,577.9,577.9,06.11.2021 05:54,464.1,464.3,602.9,602.8,484.7,769.2,768.8,801.8,801.5,713,81,79,06.11.2021 05:57,30.74,8.93,0.72,06.11.2021 05:55,623.1,618.4,623.8,618.1,617.2,608.6,619.8,618.1,619,616.1,615.9,609.7,624.7,621.4,620.1,616.8,620.2,611.5,559,539.3,623.1,618.4,623.8,618.1,617.2,608.6,619.8,618.1,619,616.1,615.9,609.7,624.7,621.4,620.1,616.8,620.2,611.5,559,539.3,248278200,6.11.2021 06:52,0.59,0,
06.11.2021 05:51,14,06.11.2021 05:54,168,525,497.9,31.2,72.2,536.6,508.4,39.8,30.9,547,516.2,44.5,0,566.4,534.7,33.3,12.4,595.2,558.4,25,0,625.6,600.6,31.5,4.6,633.2,632.7,11.1,23.8,632.3,632.8,14.7,24.2,659,663.9,648.9,636.8,632.8,630.7,630.7,635.8,650.6,670.7,679.9,681.9,631.6,12.8,659.2,664.1,649.1,637.1,633,631.1,631.1,635.9,651,671,680,682,632,4.2,659,664,649,637,633,631,630.9,635.9,651,671,680.1,682.2,632,25.6,06.11.2021 05:55,577.9,577.9,06.11.2021 05:55,467.1,467.2,605.1,604.9,485.1,767.5,767.1,801.1,800.8,712.7,81,79,06.11.2021 05:58,30.96,9.09,0.72,06.11.2021 05:56,623.7,620.2,623.5,613,618.1,611.6,623.6,621.6,620.4,614,617.9,612.1,627.8,624.3,622.8,616.1,623,614.7,558.8,538,623.7,620.2,623.5,613,618.1,611.6,623.6,621.6,620.4,614,617.9,612.1,627.8,624.3,622.8,616.1,623,614.7,558.8,538,248278232,6.11.2021 06:56,0.78,0,
06.11.2021 05:53,15,06.11.2021 05:56,168,524.6,498.5,35,69.3,536.5,508.7,41.3,30.6,547.1,515.4,44,3.6,566.9,534.8,28.4,11.7,594.6,558,30.7,0,628.3,601,32.5,0,633,633,12.9,21.5,632.9,632.7,9.2,25.5,659,664.1,648.9,636.9,632.9,630.9,630.8,635.9,650.8,670.8,679.8,682,631.9,10.3,659,664.1,649.4,637.2,633.1,631.2,631.2,636.1,651.1,671,680,682,632.1,3.1,659,663.9,649,637,633.1,630.9,630.9,636.1,651,671,680.1,682.2,632.1,10.7,06.11.2021 05:56,577.9,577.9,06.11.2021 05:56,465.1,465.2,602.3,602.1,485.2,770.3,770,802,801.6,713.3,81,79,06.11.2021 05:59,30.18,9,0.72,06.11.2021 05:59,623.9,618.9,622,613.7,617.8,610.5,623.7,620.9,619.8,614.3,619.6,613.5,627.5,622.6,620.4,615.8,621.6,614.2,561.2,539.9,623.9,618.9,622,613.7,617.8,610.5,623.7,620.9,619.8,614.3,619.6,613.5,627.5,622.6,620.4,615.8,621.6,614.2,561.2,539.9,248278322,6.11.2021 06:56,0.67,0,
06.11.2021 05:58,14,06.11.2021 06:01,168,516.8,494.3,45.5,100,537.3,514.3,18.7,0,546.9,521.9,43.3,0,565.4,539.6,41.7,0,596.8,563.2,10.7,0,626,602.7,41.3,0,633,631.6,12.9,34.8,633.5,632.5,3.9,26.6,659.1,664.1,648.9,636.9,632.9,630.9,630.9,635.8,650.8,670.8,679.9,681.9,631.4,14.1,658.8,663.9,649.1,637.1,633,631.1,631.1,636,651.1,671,680,681.9,632,4.2,659.1,663.9,649.2,637.1,633.1,631.1,631.1,636,651.1,671,680,682.2,632,0,06.11.2021 06:01,577.9,577.9,06.11.2021 06:01,467.9,468,606,605.7,485.5,766.8,766.4,801.7,801.3,712.1,82,80,06.11.2021 06:04,30.59,9,0.74,06.11.2021 06:02,624.5,619.3,622.3,614.8,618.6,610.2,623.1,620.8,620.2,614.8,618.7,612.4,628.4,624.8,622.2,616.1,622.8,615.4,559.2,542,624.5,619.3,622.3,614.8,618.6,610.2,623.1,620.8,620.2,614.8,618.7,612.4,628.4,624.8,622.2,616.1,622.8,615.4,559.2,542,248278631,6.11.2021 06:58,0.49,0,
06.11.2021 05:58,14,06.11.2021 06:01,168,519.6,493.6,27,100,533.6,513.8,62.3,0,546.5,520.6,47.4,0,567.7,538.6,19.7,0,593,561.8,46.1,0,629.6,602.5,16.4,0,633.3,632,10.1,31.8,632.3,632.7,15.4,25,659.1,664.1,648.9,636.8,632.9,631,630.9,635.8,650.8,670.7,679.9,682,631.2,16.3,658.9,664.1,649.1,637,633,631,631.2,636.1,651,670.9,680,682,632,4.2,659,664,648.9,637,633.1,631,631,636.1,651,671,680.1,682.2,632,0,06.11.2021 06:01,577.9,577.9,06.11.2021 06:01,468,468.1,605.4,605.1,485.2,765.3,764.8,801,800.6,712.1,82,79,06.11.2021 06:04,30.54,9.06,0.74,06.11.2021 06:02,624.5,620.4,623.1,618.1,618.1,611.2,624.1,621.8,620.8,616.8,620.1,613.4,628.7,624.2,623.2,618.2,623.9,617.3,559.4,543.4,624.5,620.4,623.1,618.1,618.1,611.2,624.1,621.8,620.8,616.8,620.1,613.4,628.7,624.2,623.2,618.2,623.9,617.3,559.4,543.4,248278662,6.11.2021 10:18,0.55,0,
06.11.2021 05:59,14,06.11.2021 06:02,168,519.5,494.4,37.1,100,538.3,513.3,23.8,0,546.9,519.5,43.7,0,565.9,537.5,37.2,0,597.4,561.7,5.3,0,627.7,601.8,43.3,0,633.1,632.6,12,26.6,633.2,633,6.7,22.3,659,664,649,636.8,632.8,630.9,630.9,635.8,650.8,670.9,679.9,681.9,631.3,15.8,659,664.1,649.1,637,633,631.2,631.1,636,651,671.1,680,682.1,632.1,3,659.1,664.1,649,637,633,630.9,631,636,651,671,680,682,632.1,14.8,06.11.2021 06:02,577.9,577.9,06.11.2021 06:02,465.8,466,603.1,602.9,485.8,765.1,764.7,801,800.6,712.9,81,79,06.11.2021 06:36,31.62,8.91,0.72,06.11.2021 06:33,624.5,619,622.2,617.8,618.7,610.5,623.3,621.3,620.1,616.3,620,613.5,627.6,622.3,621.1,617.5,621.8,614,559,540.6,624.5,619,622.2,617.8,618.7,610.5,623.3,621.3,620.1,616.3,620,613.5,627.6,622.3,621.1,617.5,621.8,614,559,540.6,248278693,6.11.2021 10:19,0.79,0,
06.11.2021 09:20,15,06.11.2021 09:23,168,506.2,491.1,36.8,100,514.7,507.3,36.4,37.1,535.3,513.4,52.2,24.2,550.4,531.3,40.7,51.7,574.6,552.4,13,38.5,606.8,598.9,31.9,31.3,632,632.2,18.1,27.5,633,632.4,5.7,27.5,659.1,663.9,648.6,636.6,632.5,630.5,630.4,635.6,650.4,670.4,679.8,681.8,631,16.5,659,664,648.9,636.9,632.9,630.9,630.8,635.9,650.8,670.7,680,681.9,631.8,5.3,658.9,664,649,637,633,631,630.9,635.9,650.9,671.1,680.1,682.1,631.8,0,06.11.2021 09:23,578.1,578.1,06.11.2021 09:23,474.4,474.6,602.3,602.1,486,757.7,757.4,801,800.8,707.4,82,80,06.11.2021 09:26,32.72,8.98,0.71,06.11.2021 09:23,627.6,621.7,624.5,619.3,622.5,613.1,626.5,623.7,622.7,618.3,622.6,614.1,630.5,626.1,624.3,620.2,623.4,612.9,560.4,544.8,627.6,621.7,624.5,619.3,622.5,613.1,626.5,623.7,622.7,618.3,622.6,614.1,630.5,626.1,624.3,620.2,623.4,612.9,560.4,544.8,248292582,6.11.2021 10:20,0.34,0,
06.11.2021 09:26,14,06.11.2021 09:29,168,518.9,498.1,38.7,73.3,526.3,510.4,46.9,17,546,515.4,55.9,7.1,563.5,535.1,34.9,15.9,584.2,555.6,37.3,7.4,619.4,601.2,30.8,7.9,632.6,632.7,15.6,27.1,632.7,632.9,11.2,25.1,659.1,664.1,648.9,636.7,632.7,630.8,630.7,635.9,650.7,670.7,679.8,681.9,631.7,13.1,658.9,664,648.9,637,633.1,630.9,631,636.1,651.1,671.2,680.1,682,632.3,0.9,659,664,649,637,633,631,631,636.1,651,671,680,682,632.3,0,06.11.2021 09:29,578.1,578.1,06.11.2021 09:29,476.8,476.9,603.5,603.3,486.3,764.7,764.4,801.8,801.5,710.6,82,79,06.11.2021 09:32,32.33,8.75,0.69,06.11.2021 09:29,625,620,623.9,615.8,617.9,609.9,625,622.4,620,615.5,616.9,611.5,627.8,623.3,621.1,616.5,620.5,612.6,559.4,539.4,625,620,623.9,615.8,617.9,609.9,625,622.4,620,615.5,616.9,611.5,627.8,623.3,621.1,616.5,620.5,612.6,559.4,539.4,248292974,6.11.2021 10:29,0.08,1,
06.11.2021 09:26,14,06.11.2021 09:29,168,519.5,498.4,42.2,71.3,527.6,510.4,43.8,16.8,546.2,515.1,54.5,9.8,564.2,535.2,37.6,14.8,586.8,555.9,22.2,4.3,620.5,601.3,29.3,6.5,633.1,632.7,11,27.3,632.9,633,9.5,24.2,659,664,648.9,636.8,632.8,630.9,630.7,636,650.8,670.8,679.9,682.2,631.8,12.3,658.9,663.8,648.9,637,633,631.1,631,636,651.1,671.1,680.1,682,631.9,4.6,659,664,649,637,633,631,631,636,651,671.1,680,682,631.9,0,06.11.2021 09:29,578.1,578.1,06.11.2021 09:29,479.1,479.3,605.3,605.1,486.9,764.8,764.4,801.8,801.5,710.8,82,79,06.11.2021 09:32,32.33,8.8,0.69,06.11.2021 09:30,626.3,620.7,626.5,617.6,622.6,612.8,624.2,619.8,620.7,615.7,619,612.6,628,621.3,619.8,615.9,624,615.2,559.8,540,626.3,620.7,626.5,617.6,622.6,612.8,624.2,619.8,620.7,615.7,619,612.6,628,621.3,619.8,615.9,624,615.2,559.8,540,248293006,6.11.2021 10:30,0.09,1,
06.11.2021 09:40,14,06.11.2021 09:43,168,524.6,498.6,36.2,76.3,536.2,509.4,48,24.7,546.9,514.6,49.4,14.2,567.4,535.3,25.2,10.4,595.5,557.4,23.4,0,629.6,601,34.3,0.6,633.1,633,11.9,25.9,632.6,633.1,13.8,24,659,664,649.1,637,633,631.1,631,635.9,650.9,670.9,679.9,682,631.9,13.3,658.8,663.8,648.6,636.9,632.8,630.9,632,636.2,650.8,670.9,680,682,635.6,0,659,664,649,636.9,632.9,631,631,636.2,651,671,680,682,635.6,33.5,06.11.2021 09:43,577.9,577.9,06.11.2021 09:43,472.7,472.8,600.8,600.6,487.6,766.5,766.1,801,800.6,712.5,82,79,06.11.2021 09:46,32.23,8.83,0.71,06.11.2021 09:44,622.6,618,622.6,615.6,617.6,609.5,623,620,618.8,615.6,617.4,611.1,627.6,623.4,621,616.3,621.1,613.7,559.4,539.4,622.6,618,622.6,615.6,617.6,609.5,623,620,618.8,615.6,617.4,611.1,627.6,623.4,621,616.3,621.1,613.7,559.4,539.4,248293896,6.11.2021 10:41,0.28,0,
06.11.2021 09:41,14,06.11.2021 09:44,168,524.3,498.5,39.1,77.9,537,509.6,40.6,23.1,547.1,514.8,47.6,12.4,566.5,535.4,33.5,9.2,594.3,557.3,35.2,0,630,600.9,30.5,1.2,633.3,633.1,10,25,633.1,633.1,8.9,24,659,664,649,636.9,633,631,630.9,636,650.9,671,679.9,681.9,631.9,13.3,659.1,664.2,648.9,636.9,633,630.8,631.6,636,650.8,670.9,679.9,682.1,634.8,0,659,663.9,648.9,637,633,631,630.9,636,651,671,680,682,634.8,19.4,06.11.2021 09:44,577.9,577.9,06.11.2021 09:44,472.6,472.6,601.4,601.3,487.7,764.7,764.3,800.3,799.9,711.6,82,79,06.11.2021 09:47,32.54,8.8,0.71,06.11.2021 09:44,623.1,617.6,621.5,616.5,617.4,608.9,622.9,620.5,619,616.1,616.7,610.7,627.6,622.9,620.8,617.8,622,612.4,561.5,542.7,623.1,617.6,621.5,616.5,617.4,608.9,622.9,620.5,619,616.1,616.7,610.7,627.6,622.9,620.8,617.8,622,612.4,561.5,542.7,248293925,6.11.2021 10:42,0.19,1,
06.11.2021 09:41,14,06.11.2021 09:44,168,524.9,498.5,33.4,78.6,536.3,509.8,47.3,21.4,547.1,515.1,47.6,9.6,567.3,535.5,26.1,8,595.2,557.2,26.4,0,630.3,601,27.8,0,632.9,633.2,13.8,24.1,632.9,633,11,25,659,663.9,649,636.9,632.9,630.9,630.9,636.1,651,671,679.9,682.1,631.9,13.4,659,663.8,648.8,636.7,632.7,630.7,630.7,635.6,650.5,670.7,679.8,682,634.7,0,659,663.9,649,636.9,632.9,631,631,635.6,651.1,671,680,682,634.7,0,06.11.2021 09:44,577.9,577.9,06.11.2021 09:44,478.1,478.2,606.9,606.6,488,767.1,766.8,801.1,800.8,712.2,82,79,06.11.2021 09:47,32.23,8.94,0.71,06.11.2021 09:45,625.2,619.4,622.9,614.8,617.6,609.8,624.2,620.1,618.9,614.2,618.5,612.7,628.3,623.9,621.4,616.1,623.5,616.1,560.7,539.4,625.2,619.4,622.9,614.8,617.6,609.8,624.2,620.1,618.9,614.2,618.5,612.7,628.3,623.9,621.4,616.1,623.5,616.1,560.7,539.4,248293957,6.11.2021 10:42,0.31,0,
06.11.2021 09:42,15,06.11.2021 09:45,168,524.3,498.7,39.2,77.8,536.5,510.3,45.5,16.6,547,515.3,48.7,7.5,567.4,535.3,25.1,9.4,594.6,557.1,32.1,0,630.2,600.9,28.9,0.3,633.4,633.1,9.1,25,633.2,633.2,8.1,23.1,659,664,648.9,636.9,632.8,631,631,635.9,651,671,680,682.2,631.9,13.4,659,664,648.9,636.7,632.8,630.7,631.1,635.7,650.8,670.6,679.8,681.9,635.4,0,659,663.9,649,637,633,631,630.9,635.7,650.9,670.9,679.9,681.8,635.4,0,06.11.2021 09:45,577.9,577.9,06.11.2021 09:45,478.3,478.5,606.1,605.8,488.6,768.1,767.7,801.3,801,713.1,82,79,06.11.2021 09:48,32.54,8.84,0.71,06.11.2021 09:46,622.7,616.1,622,610.7,616.2,609.9,621.6,618.3,617.4,611.2,616.1,611.6,626.8,619.6,619,613.5,620.9,614.8,559.1,538.9,622.7,616.1,622,610.7,616.2,609.9,621.6,618.3,617.4,611.2,616.1,611.6,626.8,619.6,619,613.5,620.9,614.8,559.1,538.9,248294018,6.11.2021 10:42,0.43,0,
06.11.2021 09:43,14,06.11.2021 09:46,168,525.1,499.2,31.6,73.5,536.7,510.4,43.7,15.4,547.2,515.4,46.8,6.4,566.2,535.1,36.4,11.1,595.2,557.1,26.7,0,630,600.8,30.9,1,632.8,632.9,14.8,27,632.8,633.1,11.8,24,659,663.9,648.9,636.9,632.9,630.9,631,635.9,650.9,670.9,679.9,682,632,12.5,658.9,664,648.8,636.7,632.7,630.6,630.9,635.7,650.6,670.6,679.8,681.9,635,0,659,664,649.1,637,633,631,631,635.7,651,671,679.9,681.8,635,0,06.11.2021 09:46,577.9,577.9,06.11.2021 09:46,477.2,477.3,604.9,604.7,488.4,766.1,765.6,800.6,800.3,712.5,82,79,06.11.2021 09:49,32.3,8.78,0.71,06.11.2021 09:46,622.4,617.7,621.5,610.3,616.9,608.6,622,619.8,618.2,611.3,619.4,612.7,627,623.2,621.2,613.5,619.1,611.7,558.4,537.8,622.4,617.7,621.5,610.3,616.9,608.6,622,619.8,618.2,611.3,619.4,612.7,627,623.2,621.2,613.5,619.1,611.7,558.4,537.8,248294046,6.11.2021 10:43,0.51,0,
06.11.2021 09:43,15,06.11.2021 09:46,168,524.3,499.7,39.3,68.9,536.8,510.6,42.8,13.3,546.9,515.3,49.8,7.2,567.3,535.1,26.1,11,594.6,557,32.3,0,629.7,600.6,33.8,2.7,633.3,632.9,10.1,27.2,633.2,633.2,8.1,23,659,663.9,649,637,632.9,631,631,636,651,671,680,682,632,12.5,659.1,664,649,636.9,632.8,630.8,630.9,635.6,650.7,670.5,679.8,682,634.6,0,659.1,664,649.1,636.9,633,631,630.9,635.6,651.1,671,679.9,681.9,634.6,0,06.11.2021 09:46,577.9,577.9,06.11.2021 09:46,476,476.1,603.8,603.6,488,765.6,765.3,800.5,800.1,712.1,82,79,06.11.2021 09:49,32.72,8.73,0.7,06.11.2021 09:46,621.8,616.8,622,610.2,616,610.5,621,618.9,619.3,610.5,618.4,613.7,624.2,620.2,619.8,613.9,619.1,613.3,556.8,535.1,621.8,616.8,622,610.2,616,610.5,621,618.9,619.3,610.5,618.4,613.7,624.2,620.2,619.8,613.9,619.1,613.3,556.8,535.1,248294075,6.11.2021 10:44,0.45,0,
06.11.2021 09:44,14,06.11.2021 09:46,168,524.8,499.7,34.4,68.9,536.7,510.6,43.8,12.9,547.3,515.3,46,7,566.4,534.9,34.7,12.9,595.1,557,27.7,0,630,600.6,31.1,2.6,633,632.9,12.9,27.3,632.8,633.1,11.9,24,659,663.9,648.9,636.9,632.9,630.8,631,636,650.9,670.9,679.9,681.8,632,12.5,659,664,649.1,636.9,632.8,630.7,630.9,635.6,650.6,670.6,679.8,682,634.3,0,658.9,663.9,649,636.9,632.9,631,630.9,635.6,651,671,679.9,682.1,634.3,29.8,06.11.2021 09:47,577.9,577.9,06.11.2021 09:47,474.6,474.8,602.8,602.6,488,769.4,769,801.6,801.3,712.9,82,79,06.11.2021 09:50,32.86,8.87,0.71,06.11.2021 09:47,622.6,616.7,621.5,610.2,616.8,609.8,622.9,619.3,617.6,610.6,615.8,611.1,627.4,619.5,619.6,612.6,620.7,613.5,558.2,537.5,622.6,616.7,621.5,610.2,616.8,609.8,622.9,619.3,617.6,610.6,615.8,611.1,627.4,619.5,619.6,612.6,620.7,613.5,558.2,537.5,248294107,6.11.2021 10:45,0.44,0,
06.11.2021 09:46,14,06.11.2021 09:49,168,524.9,499.4,33.3,73.2,536.6,510,44.9,17.8,546.7,514.9,51.8,10.7,567,535,29,12,594.7,556.8,31.7,0,630,600.7,31.3,0.7,633.2,633.3,11.2,23.4,633.1,633,9.1,25.1,659.1,664.1,649,637.1,632.9,631,631,636.1,651,671,679.9,681.9,631.9,13.4,658.9,663.9,648.8,636.9,632.9,630.9,630.9,635.7,650.7,670.8,680,682,633.7,0,658.9,664,649.1,637,632.9,631,630.9,635.7,650.9,671,680,682,633.7,0,06.11.2021 09:49,577.9,577.9,06.11.2021 09:49,476.9,477,605.6,605.5,488.5,770.8,770.4,801.9,801.5,713.8,81,79,06.11.2021 09:52,32.72,8.8,0.72,06.11.2021 09:49,623.1,617.6,620.9,611.5,617.7,610.4,622,619.4,618.1,613.7,618.3,611.2,627.4,623.2,620.9,615.9,620.7,611.2,559.1,536.3,623.1,617.6,620.9,611.5,617.7,610.4,622,619.4,618.1,613.7,618.3,611.2,627.4,623.2,620.9,615.9,620.7,611.2,559.1,536.3,248294258,6.11.2021 10:47,0.52,0,
06.11.2021 09:47,15,06.11.2021 09:50,168,524.6,499,36.1,77.4,536.8,509.7,43,20.8,547.2,515.1,47.1,8.8,567,535.2,28.9,9.9,594.5,556.8,33.5,0,629.9,600.7,32.2,0.3,633.4,633.1,9.2,25.3,633,633.3,10,22.2,658.9,664,648.9,637,633,630.9,631,636.2,651.1,671,680,682.2,631.9,13.6,659,664,649.1,636.9,632.8,630.8,630.9,635.8,650.6,670.7,679.9,681.9,633.1,0,659,664,649.1,637.1,633.1,631,630.9,635.8,650.9,671,679.9,681.8,633.1,0,06.11.2021 09:50,577.9,577.9,06.11.2021 09:50,475,475,603.6,603.5,488.3,767.6,767.3,800.8,800.5,713.3,81,79,06.11.2021 09:53,32.81,8.94,0.72,06.11.2021 09:50,622.5,617.5,621.2,612.3,616.6,610.1,621.2,618.3,617.8,612.8,618.8,612.3,626.6,620.3,618.6,614.5,621.1,615.1,557.3,540.4,622.5,617.5,621.2,612.3,616.6,610.1,621.2,618.3,617.8,612.8,618.8,612.3,626.6,620.3,618.6,614.5,621.1,615.1,557.3,540.4,248294319,6.11.2021 10:47,0.19,1,
06.11.2021 09:47,14,06.11.2021 09:50,168,524.8,499.5,34.2,72.9,537,509.8,41.1,20,547.3,515.2,46.2,7.8,566.7,535.1,31.8,10.7,595.2,556.8,27.1,0,630.2,600.6,29.4,1.1,633,632.9,12.9,27.2,632.9,633.2,11,23.1,659.1,664.1,649,637,633.1,630.9,631,636,651,671,680,682.2,632.1,11.7,658.9,664,648.9,636.9,632.9,630.9,630.9,635.8,650.7,670.8,680,681.9,633.1,0,659,664,648.9,637,633,631,631.1,635.8,651,671,679.9,681.8,633.1,0,06.11.2021 09:50,577.9,577.9,06.11.2021 09:50,473.8,473.8,602.6,602.4,488.2,766.2,765.8,800.2,799.9,713,82,79,06.11.2021 09:53,32.72,8.88,0.72,06.11.2021 09:51,621.8,617.6,621.8,614.3,616.3,609,622.6,620.5,619.3,614.6,616.4,611.1,626.6,621.5,620.2,615,620.7,613.5,558.6,537.2,621.8,617.6,621.8,614.3,616.3,609,622.6,620.5,619.3,614.6,616.4,611.1,626.6,621.5,620.2,615,620.7,613.5,558.6,537.2,248294351,6.11.2021 12:08,0.47,0,
06.11.2021 09:48,14,06.11.2021 09:51,168,524.3,499.7,38.9,71,536.7,509.8,43.9,20.1,547.1,515.1,48,8.7,567,535.2,28.9,9.6,594.7,556.8,31.7,0,629.9,600.5,32.3,2,633.5,633.1,8.2,25.4,633.2,633,8.1,25,658.9,664,649,637,633,630.9,631,636,651,671,680.1,682,632.1,11.7,658.9,664,648.8,636.9,632.9,630.9,630.8,635.8,650.7,670.7,679.9,681.9,633,0,659,664,649,637,632.9,631,631,635.8,651,671,679.9,681.8,633,0,06.11.2021 09:51,577.9,577.9,06.11.2021 09:51,472.5,472.6,601.6,601.4,488.3,770.3,770,801.6,801.3,713.1,82,79,06.11.2021 09:54,32.81,8.96,0.72,06.11.2021 09:51,621.5,617,621.5,614,616.9,608.7,621.5,618.7,618,613.5,615.5,609.6,626.8,621,619.8,615.8,620.5,612.6,558.6,537.9,621.5,617,621.5,614,616.9,608.7,621.5,618.7,618,613.5,615.5,609.6,626.8,621,619.8,615.8,620.5,612.6,558.6,537.9,248294379,6.11.2021 12:10,0.27,0,
06.11.2021 11:21,14,06.11.2021 11:24,168,524.4,499.3,36.8,74.5,536.9,509.9,42,18.8,547,515.1,49.3,9.2,566.3,535.1,35.7,10.9,594.3,557.1,34.7,0,630.1,600.9,29.5,0.2,633.2,632.9,10.4,27.1,632.8,633.2,11.4,22.2,659,664,648.9,636.9,632.9,631,631,635.9,650.9,671,680,682,631.9,12.8,658.9,664,649,637.1,633,631,631,636,651.2,671.1,680.1,682,631.9,5,659.1,664,649,637,633,631,631,636,651,671,679.9,681.9,631.9,0,06.11.2021 11:24,578.1,578.1,06.11.2021 11:24,476,476.1,603.7,603.5,488,767.8,767.5,801.7,801.4,712.5,81,79,06.11.2021 11:27,32.94,8.7,0.73,06.11.2021 11:25,622.8,618.5,622.2,613.4,616.5,608.7,623.3,620.4,619.1,613.7,618.6,611.8,627,621.8,619.8,615.4,620.5,612.6,560,539.1,622.8,618.5,622.2,613.4,616.5,608.7,623.3,620.4,619.1,613.7,618.6,611.8,627,621.8,619.8,615.4,620.5,612.6,560,539.1,248300869,6.11.2021 12:22,0.72,0,
06.11.2021 11:24,14,06.11.2021 11:26,168,524.1,499.1,39.8,77.7,536.6,509.8,45,20.5,547,515.2,49.3,8,566.9,535,30.2,11.4,595.2,557,26.5,0,630.5,600.7,26.2,1,633.1,633,11.6,26.4,633,633.5,9.7,19.4,659.1,664.1,649,637,633,631,630.9,635.9,650.9,670.9,679.9,681.9,632,12.2,659.1,664,649.1,637.1,633.1,631,631,636,651,671,680,682,632,4.2,659,663.9,649,637,633,630.9,631,636,651.1,671.1,680.1,682.1,632,0,06.11.2021 11:27,577.9,577.9,06.11.2021 11:27,474.9,475,603.6,603.4,487.5,768.5,768,801.7,801.3,713.1,81,79,06.11.2021 11:30,31.32,8.75,0.74,06.11.2021 11:27,622.2,617.8,622.4,613.2,615.7,608.6,620.2,618.2,618.7,613.4,617.3,611,624.8,620.5,619.6,614.8,619.6,612.1,559.4,538.2,622.2,617.8,622.4,613.2,615.7,608.6,620.2,618.2,618.7,613.4,617.3,611,624.8,620.5,619.6,614.8,619.6,612.1,559.4,538.2,248301019,6.11.2021 12:28,0.39,0,
06.11.2021 11:32,14,06.11.2021 11:35,168,524.2,499.6,39.5,67.6,536.8,508.8,40.2,28.4,546.8,514.9,47.2,10,566.7,534.3,29.9,18.1,592.7,557.9,49.2,0,629.7,600.9,32.8,0,632.8,633,14.8,25.4,632.9,632.9,10.9,24.9,659,664,648.9,636.9,632.9,630.9,630.9,635.9,650.8,670.9,679.9,681.9,632,11.3,659,663.9,648.8,637,632.9,630.8,630.9,635.7,650.7,670.7,679.8,681.9,632.1,0.9,659.1,664,649.1,637,633,631.1,631,635.7,651,671,680.1,682.1,632.1,22.2,06.11.2021 11:35,577.9,577.9,06.11.2021 11:35,470.1,470.1,600.3,600.2,487.1,766,765.6,800.6,800.2,712.2,82,79,06.11.2021 11:38,32.06,8.7,0.72,06.11.2021 11:36,623.1,617.6,622.6,613.2,617.2,611.5,623.1,619.8,619.3,613,617,613,628.3,622.8,621.3,615.4,620.2,614.3,559.7,541.5,623.1,617.6,622.6,613.2,617.2,611.5,623.1,619.8,619.3,613,617,613,628.3,622.8,621.3,615.4,620.2,614.3,559.7,541.5,248301577,6.11.2021 13:12,0.32,0,
06.11.2021 12:13,14,06.11.2021 12:16,168,525.1,499.5,0,71.1,536.8,509.7,40.9,18.4,547.2,515,44.5,8.2,566.8,535,29.1,10.1,595,556.7,27.2,0,630,600.4,29.9,2.1,633.3,633.2,9.4,23.2,632.9,633.2,10.8,22.4,659.1,664.2,649.1,637.1,633.1,631.2,631.1,636,651.1,671.1,680,682.2,632.1,11.4,659.1,664,649.2,637,633,631,631,636,650.9,670.9,680,682,631.9,5.4,659,664,649,637,632.9,631,631,636,651,671,680,681.9,631.9,10.8,06.11.2021 12:16,577.9,577.9,06.11.2021 12:16,465.5,465.6,601.1,600.8,486.8,770.4,770,800.5,800.1,714.5,81,79,06.11.2021 12:19,33.03,9.41,0.73,06.11.2021 12:17,620.6,616,620.7,615.8,615.5,608.4,620.2,617.4,616.8,613.7,614.7,609.6,625.2,619.1,617.2,614.3,620.2,611.2,558,536.3,620.6,616,620.7,615.8,615.5,608.4,620.2,617.4,616.8,613.7,614.7,609.6,625.2,619.1,617.2,614.3,620.2,611.2,558,536.3,248304442,6.11.2021 13:15,0.05,1,
06.11.2021 12:15,15,06.11.2021 12:18,168,524.2,499.3,38.3,73,536.9,509.6,40,20.2,547.1,514.9,45.5,9.2,566.5,535.1,32,8.8,594.8,556.7,29.1,0,630,600.3,30,3.1,632.8,633,14.1,25,632.9,633.1,10.9,23.1,659,664,649,636.9,632.9,631,631,635.9,650.9,670.9,679.9,681.9,632,12,659,664.1,649.2,637.1,633,631,631.1,636,651.1,671.1,680,682.1,632.3,1.1,659,664,649.1,637,633,631.1,631.1,636,651,670.9,679.9,681.9,632.3,0,06.11.2021 12:18,577.9,577.9,06.11.2021 12:18,470.6,470.7,605.1,604.8,487.3,772.5,772.1,801.1,800.8,715.1,81,79,06.11.2021 12:21,33.33,9.42,0.73,06.11.2021 12:19,620.4,615.8,620.7,614,615.7,608.9,620,617.8,616.7,613.2,615.3,610.2,626.5,621.7,619,614.7,620.1,612.1,559.4,536.9,620.4,615.8,620.7,614,615.7,608.9,620,617.8,616.7,613.2,615.3,610.2,626.5,621.7,619,614.7,620.1,612.1,559.4,536.9,248304564,6.11.2021 13:15,0.06,1,
06.11.2021 12:15,14,06.11.2021 12:18,168,524.6,499.2,34.4,74.2,537,509.6,39,20.4,547.3,514.9,43.6,9.2,567,535,27.3,9.7,595,556.7,27.1,0,629.8,600.3,31.8,3.1,633.3,633,9.4,25.1,632.9,633.2,10.9,22.1,658.9,664,649,637,633,630.9,631,636,650.9,671,679.9,681.8,632,11.9,658.9,663.9,649,637,633,631.1,631,635.9,651,671.1,680,682.1,632.2,2,659,664.1,649.1,637.1,633,630.9,631.1,635.9,651.1,671.1,680,682.1,632.2,0,06.11.2021 12:18,577.9,577.9,06.11.2021 12:19,469.4,469.5,603.8,603.7,487.1,770.5,770,800.4,800,714.8,81,79,06.11.2021 12:22,32.91,9.39,0.73,06.11.2021 12:19,621.7,615.8,621.1,613.1,616.2,609,621.4,618.3,616.7,612.9,615.9,610.6,626.4,619.9,618.7,614.7,621.3,614.2,560.2,537.6,621.7,615.8,621.1,613.1,616.2,609,621.4,618.3,616.7,612.9,615.9,610.6,626.4,619.9,618.7,614.7,621.3,614.2,560.2,537.6,248304596,6.11.2021 13:16,0.15,1,
06.11.2021 12:16,15,06.11.2021 12:19,168,524.5,499.8,35.5,68.6,536.8,509.7,40.9,19.6,547.1,515,45.5,8.2,566.7,535.1,30.1,8.7,594.8,556.7,29,0,630.2,600.2,28.1,4.1,633,633,12.2,25.1,633,633.3,9.9,21.1,659.1,664,649,637.1,633,631,631,635.9,650.8,670.9,680,681.9,631.9,12.9,658.8,664,649,636.9,633,630.9,631,636,650.9,670.9,679.9,682,632,3.8,659,664,649,637.1,633.1,631,631,636,651,671.1,680.1,682.1,632,0,06.11.2021 12:19,577.9,577.9,06.11.2021 12:19,468.2,468.3,602.9,602.7,487.3,771.5,771.1,800.8,800.4,714.8,81,79,06.11.2021 12:22,33.03,9.4,0.73,06.11.2021 12:20,621.3,616.2,619.1,612.9,616,609.1,620.7,617.7,616.9,613.2,617.2,611.2,625.5,620.2,618.8,614.6,622.3,614.8,560,537.7,621.3,616.2,619.1,612.9,616,609.1,620.7,617.7,616.9,613.2,617.2,611.2,625.5,620.2,618.8,614.6,622.3,614.8,560,537.7,248304625,6.11.2021 13:16,0.14,1,
06.11.2021 12:16,14,06.11.2021 12:19,168,524.5,499.9,35.4,67.6,536.7,509.9,41.9,17.8,547.2,515,44.6,8.2,566.9,535,28.2,9.6,594.9,556.6,28,0,630,600.1,30,5.2,632.9,632.8,13.1,27.1,632.8,633.2,11.9,22,659.1,664.2,649,637,633,631.1,631,636,650.9,670.9,679.9,681.8,631.9,13,659,664,649.1,637.1,633.1,631,630.9,636,651,671,680.1,682,631.9,4.8,658.9,664,649,637,633,631,631,636,651.1,671,680,682.1,631.9,0,06.11.2021 12:19,577.9,577.9,06.11.2021 12:20,467.1,467.2,602,601.8,487.2,774.1,773.8,801.7,801.3,715.1,81,79,06.11.2021 12:23,33.03,9.44,0.73,06.11.2021 12:20,620.3,614.8,619.6,613.4,616.1,608.2,620.4,617.2,616.5,613.2,616.1,609.5,625.1,619.4,618.3,614.8,620.7,612.9,559.9,538.5,620.3,614.8,619.6,613.4,616.1,608.2,620.4,617.2,616.5,613.2,616.1,609.5,625.1,619.4,618.3,614.8,620.7,612.9,559.9,538.5,248304658,6.11.2021 13:18,-0.09,1,
06.11.2021 12:17,14,06.11.2021 12:20,168,525.1,499.8,29.7,68.4,536.5,510,43.8,16.9,547,515,46.4,8.2,566.7,535,30.2,9.6,594.8,556.6,29.1,0,630.3,600.2,27.1,4.3,633.1,633,11.3,25.4,632.9,632.8,10.9,25.8,659.1,664.1,649.1,637,633,631.1,631,636,651,671,679.9,682,631.9,13,658.9,664,649,637.1,633.1,631.2,631.2,635.9,650.9,670.9,680.1,681.9,631.8,5.8,659,664,648.9,637,632.9,631,631.1,635.9,651,671,680,682,631.8,10.4,06.11.2021 12:20,577.9,577.9,06.11.2021 12:20,465.9,466,601,600.8,486.8,773.3,772.8,801.3,801,715.3,81,79,06.11.2021 12:23,33.33,9.37,0.73,06.11.2021 12:21,621.8,616.5,620.8,614.2,616,608.3,621.8,618.8,617.6,613.2,616.9,610.7,626.1,621.4,619.7,614.6,621.2,613.6,561.2,538.3,621.8,616.5,620.8,614.2,616,608.3,621.8,618.8,617.6,613.2,616.9,610.7,626.1,621.4,619.7,614.6,621.2,613.6,561.2,538.3,248304686,6.11.2021 13:19,0.08,1,
06.11.2021 12:19,15,06.11.2021 12:22,168,524.8,499.5,32.4,72.3,536.9,510.3,40,13.6,547,514.9,46.5,9,566.9,534.9,28.3,10.5,595.2,556.6,25.3,0,629.8,600.3,31.8,3.4,633.1,633.1,11.3,24.2,632.9,633.1,10.9,23.3,659,664,648.9,636.9,632.9,631,631,636,651,671,680,682.1,632,12.2,659.1,664.1,649.2,637.1,633,631.1,631.1,636.1,651,670.9,680,682,632.1,3.5,659,663.9,649,636.9,632.9,631,631,636.1,651,671.1,680.1,682,632.1,38.4,06.11.2021 12:22,577.9,577.9,06.11.2021 12:22,470,470.1,605,604.8,487.4,773.9,773.5,801.5,801.1,715,81,79,06.11.2021 12:25,33.42,9.47,0.73,06.11.2021 12:22,621.7,616.4,620.2,613.4,616,608.6,621.2,618.3,617.9,612.7,617.2,610.8,626.6,621.7,620.4,615.3,620.4,611.7,559.2,536.9,621.7,616.4,620.2,613.4,616,608.6,621.2,618.3,617.9,612.7,617.2,610.8,626.6,621.7,620.4,615.3,620.4,611.7,559.2,536.9,248304808,6.11.2021 13:19,0.22,0,
06.11.2021 12:19,14,06.11.2021 12:22,168,524.4,499.8,36.2,69.4,537,510.3,39.1,13.4,547.1,514.9,45.6,9,567,534.9,27.3,10.6,594.7,556.5,29.9,0,630.2,600.4,28.1,2.4,633.1,633.2,11.3,23.3,633.1,633,9,24.3,659,664,649.1,637.1,633.1,631,631,636.2,651,671,680,682,632,12.2,659,663.9,649.1,636.9,633.2,631.3,631,635.9,651.1,671.1,680,682.1,632.2,2.5,659,664,648.9,637.1,633,631,631,635.9,651,671,679.9,682,632.2,0,06.11.2021 12:22,577.9,577.9,06.11.2021 12:22,468.9,469,603.8,603.7,487.6,772.1,771.7,800.9,800.5,715.1,81,79,06.11.2021 12:25,33.33,9.45,0.73,06.11.2021 12:23,620.9,615,620.7,609.5,615.4,609,620.7,617.3,616.7,610.3,615.4,610.7,626.8,621,619.7,612.6,618.4,612.8,556.2,537.6,620.9,615,620.7,609.5,615.4,609,620.7,617.3,616.7,610.3,615.4,610.7,626.8,621,619.7,612.6,618.4,612.8,556.2,537.6,248304840,6.11.2021 13:20,0.11,1,
06.11.2021 12:20,15,06.11.2021 12:23,168,525,500,30.4,67.3,536.5,510.2,43.8,14.2,547.1,514.9,45.6,9,566.8,535,29.2,9.6,595.1,556.5,26.2,0,629.8,600.4,31.9,2.4,633,633.1,12.3,24.2,632.9,633.2,10.9,22.4,658.9,663.9,649,637,633,631,630.9,635.9,650.9,671,680,682,632,12.2,659,664,649,637.1,633,631.1,631.2,636.1,651.2,671.2,680,682.1,632.2,2.3,659.1,664,649.1,637.1,633,631.1,631.1,636.1,650.9,671,679.9,681.9,632.2,0,06.11.2021 12:23,577.9,577.9,06.11.2021 12:23,467.7,467.8,602.9,602.7,487.7,770.2,769.9,800.2,799.8,714.6,81,79,06.11.2021 12:26,33.03,9.39,0.71,06.11.2021 12:23,621.7,616.6,620.7,616.5,615.7,608.7,620.8,618.1,617.5,614.9,616,611.5,626.3,621.9,619.8,616.6,619.4,613.2,559.5,540.9,621.7,616.6,620.7,616.5,615.7,608.7,620.8,618.1,617.5,614.9,616,611.5,626.3,621.9,619.8,616.6,619.4,613.2,559.5,540.9,248304869,6.11.2021 13:21,0.3,0,
06.11.2021 12:21,15,06.11.2021 12:24,168,525.2,499.6,28.6,71,536.6,510.1,42.8,15,547.1,514.9,45.6,9.1,566.6,534.9,31.1,10.6,595,556.5,27.1,0,630.1,600.4,29.1,2.4,633.1,633.2,11.3,23.2,632.9,633.1,10.9,23.2,659,663.9,649,637,633,631.1,630.9,636,651,670.9,680,681.9,632,12.1,658.9,664,649.2,637.1,633.1,631.1,631.3,636.2,651.1,671,680.1,682,632.1,3.1,659.1,664,649,637,633.1,631.1,631.1,636.2,651.1,671,680.1,682.2,632.1,0,06.11.2021 12:24,577.9,577.9,06.11.2021 12:24,465.5,465.6,601.1,600.8,487.6,774.7,774.3,801.8,801.4,715.7,81,79,06.11.2021 12:27,33.13,9.62,0.72,06.11.2021 12:24,620.7,615.9,621.7,614,615.4,608.2,618.3,616.3,616.8,612.6,615.3,610.1,623.6,619.6,618.5,614.6,618.9,611.4,558.4,537.9,620.7,615.9,621.7,614,615.4,608.2,618.3,616.3,616.8,612.6,615.3,610.1,623.6,619.6,618.5,614.6,618.9,611.4,558.4,537.9,248304930,6.11.2021 13:23,0.56,0,
06.11.2021 12:21,14,06.11.2021 12:24,168,524.3,499.8,37,69.1,536.8,510,40.9,15.9,547.1,514.9,45.7,9.1,567,534.9,27.2,10.6,594.9,556.4,28,0,629.9,600.3,30.9,3.3,632.8,633.1,14.1,24.1,633,633.2,10,22.2,659,664.1,649,636.9,633,630.9,630.9,636,651,671,680,681.8,631.9,13.1,658.9,664,648.9,637,633,631,631,636,651,671,680.1,682,632,4,658.9,664,649,637,633,631,631,636,651.2,671.1,680.2,682.2,632,0,06.11.2021 12:24,577.9,577.9,06.11.2021 12:24,464.6,464.8,600.8,600.6,487,773.5,773,801.4,801,715.8,81,79,06.11.2021 12:27,33.03,9.51,0.73,06.11.2021 12:25,621.7,615.7,621.3,610.7,615.6,610.1,621.3,617.4,617.2,611.5,615.6,611.9,626.1,619.6,618.3,612.5,619.3,614.3,560.1,537.8,621.7,615.7,621.3,610.7,615.6,610.1,621.3,617.4,617.2,611.5,615.6,611.9,626.1,619.6,618.3,612.5,619.3,614.3,560.1,537.8,248304962,6.11.2021 13:24,0.09,1,
06.11.2021 12:29,15,06.11.2021 12:31,168,524.1,501.1,39.2,52.5,536.8,509.2,39.8,22,547,515.1,45.3,6.8,566.9,534.3,27.8,16.5,593,557.1,45.5,0,629.5,599.9,34,7.1,633,633.1,12.6,23.9,633.1,633,9.2,23.5,658.9,664,649,636.9,632.9,630.9,630.9,635.9,650.9,670.9,679.9,681.9,632.1,10.7,659,663.9,649,637,632.9,631,630.9,635.9,651,671,680,682,632.3,1.2,658.9,664,649.1,637,633,631,631,635.9,651.1,671.1,680,682,632.3,0,06.11.2021 12:32,577.9,577.9,06.11.2021 12:32,469,469,605.3,605.1,487.1,769.6,769.2,800.1,799.8,714,81,78,06.11.2021 12:35,32.94,9.06,0.7,06.11.2021 12:32,621.2,615.8,620,614.9,616.1,608.1,620.2,617.2,616.6,613.6,615.4,609.5,624.8,620,618.5,615,619.8,610.9,557.4,537.4,621.2,615.8,620,614.9,616.1,608.1,620.2,617.2,616.6,613.6,615.4,609.5,624.8,620,618.5,615,619.8,610.9,557.4,537.4,248305434,6.11.2021 13:29,0.15,1,
06.11.2021 12:29,14,06.11.2021 12:32,168,524.9,500.6,31.6,56.5,536.5,509,42.6,24.4,547,514.8,45.3,9.6,566.7,534.3,30,16.8,596.5,557.4,12.6,0,630,600,29.3,6.3,632.8,633,14.3,24.9,632.9,632.8,11,25.5,659.1,664,649,637,633,631,631,635.9,650.9,670.8,679.9,682,632,11.6,659,664,649.2,637,633,631.1,630.9,636,650.9,670.9,680,681.9,632.2,1.9,659.1,664,649.1,637,633,631.1,631.1,636,651.1,671.1,680.1,682.1,632.2,0,06.11.2021 12:32,577.9,577.9,06.11.2021 12:32,468.5,468.5,604.5,604.3,487.2,773.8,773.5,801.6,801.2,714.6,81,79,06.11.2021 12:35,33.03,9.03,0.7,06.11.2021 12:33,620.2,615.8,619.9,613.5,614.8,608.1,620.8,618.3,617.5,613.3,615.4,610.2,625.6,621.5,620.1,615,618,610.8,559.4,539.7,620.2,615.8,619.9,613.5,614.8,608.1,620.8,618.3,617.5,613.3,615.4,610.2,625.6,621.5,620.1,615,618,610.8,559.4,539.7,248305462,6.11.2021 13:29,0.25,0,
06.11.2021 12:29,14,06.11.2021 12:32,168,524.6,499.4,34.4,67.6,536.6,509.1,41.8,23.9,547.1,514.7,44.6,10.7,566.7,534.6,29.8,14.3,593.4,557,41.8,0,630.3,600.3,26.6,3.7,633.5,633.2,7.8,23,633.1,632.8,9.1,25.7,659,664.2,649,636.9,632.9,630.8,630.9,635.9,650.9,670.9,680,681.8,632,11.6,659.2,664.1,649.2,636.9,633,630.9,630.8,635.9,651,671,680,682,632.1,2.8,658.9,664,649,637,633,631,630.9,635.9,651.1,671.1,680.2,682.1,632.1,0,06.11.2021 12:32,577.9,577.9,06.11.2021 12:33,467.4,467.5,603.5,603.3,487,774.6,774.3,802,801.5,715.3,81,79,06.11.2021 12:36,33.03,9.08,0.7,06.11.2021 12:33,620.5,616,622.8,613,617,610.4,618.7,616.8,617.2,613.6,615.8,611.2,624.1,620.5,619,615.2,620.1,614,558.4,539,620.5,616,622.8,613,617,610.4,618.7,616.8,617.2,613.6,615.8,611.2,624.1,620.5,619,615.2,620.1,614,558.4,539,248305495,6.11.2021 13:30,0.22,0,
06.11.2021 12:30,14,06.11.2021 12:33,168,524.4,498.4,36.4,77.4,536.7,509.3,40.9,22.5,546.9,514.6,46.5,11.8,567,534.8,27.2,12.6,596.2,557.1,15.4,0,629.6,600.3,33.2,3.7,632.7,633.1,15.4,24,633,632.9,10,24.9,659.1,664,649,636.9,632.9,630.9,631,635.9,650.9,670.9,680,681.9,632,11.6,659.2,664,649.2,637.1,633.1,631.2,631,636,650.9,670.9,679.9,682,631.8,5.7,659,664,649.1,637,633.1,631.1,631.1,636,651.1,671,680.1,682.1,631.8,17.6,06.11.2021 12:33,577.9,577.9,06.11.2021 12:33,466.2,466.3,602.4,602.2,486.6,773.3,772.9,801.4,801,715,81,79,06.11.2021 12:36,33.13,9.23,0.71,06.11.2021 12:34,620.7,616.1,620.5,612.2,614.9,607.9,620,617.4,618.2,614.5,615.2,610.4,624.8,620,619.4,615.6,618,611.4,559.4,538.4,620.7,616.1,620.5,612.2,614.9,607.9,620,617.4,618.2,614.5,615.2,610.4,624.8,620,619.4,615.6,618,611.4,559.4,538.4,248305523,6.11.2021 13:30,0.19,1,
06.11.2021 12:31,14,06.11.2021 12:34,168,524.6,498.5,34.5,78.2,537,509.7,38.1,19.3,547,514.8,45.6,10.2,567.3,535.1,24.3,9.7,595.9,557.1,18.2,0,629.9,600.5,30.4,1.7,633,633.2,12.6,23,632.9,633,10.9,24,659.1,664.1,648.9,636.9,633,631,631.1,636.1,651,670.9,680,682.1,632.1,10.6,659.1,664.1,649.2,637.1,633.2,631.3,631.1,636.1,651.1,671,680,682,631.6,7.8,659,664,648.9,637,633,631,631,636.1,651.1,671.1,680,682,631.6,42.9,06.11.2021 12:34,577.9,577.9,06.11.2021 12:34,463.9,464,600.4,600.3,487,770,769.6,800.2,799.9,714.1,81,79,06.11.2021 12:37,33.23,9.24,0.71,06.11.2021 12:35,621.7,616.1,620,613.5,615.8,607.3,621.1,618.5,617.3,613.2,616.3,609.8,626.6,621.5,619.3,614.5,621.1,613,556.9,537.6,621.7,616.1,620,613.5,615.8,607.3,621.1,618.5,617.3,613.2,616.3,609.8,626.6,621.5,619.3,614.5,621.1,613,556.9,537.6,248305584,6.11.2021 13:32,0.14,1,
06.11.2021 12:31,0,06.11.2021 12:34,168,524.6,498.5,34.5,78.2,537,509.7,38.1,19.3,547,514.8,45.6,10.2,567.3,535.1,24.3,9.7,595.9,557.1,18.2,0,629.9,600.5,30.4,1.7,633,633.2,12.6,23,632.9,633,10.9,24,659.1,664.1,648.9,636.9,633,631,631.1,636.1,651,670.9,680,682.1,632.1,10.6,659.1,664.1,649.2,637.1,633.2,631.3,631.1,636.1,651.1,671,680,682,631.6,7.8,659,664,648.9,637,633,631,631,636.1,651.1,671.1,680,682,631.6,42.9,06.11.2021 12:34,577.9,577.9,06.11.2021 12:34,463.9,464,600.4,600.3,487,770,769.6,800.2,799.9,714.1,81,79,06.11.2021 12:37,33.23,9.24,0.71,06.11.2021 12:35,621.7,616.1,620,613.5,615.8,607.3,621.1,618.5,617.3,613.2,616.3,609.8,626.6,621.5,619.3,614.5,621.1,613,556.9,537.6,621.7,616.1,620,613.5,615.8,607.3,621.1,618.5,617.3,613.2,616.3,609.8,626.6,621.5,619.3,614.5,621.1,613,556.9,537.6,248305584,6.11.2021 13:33,0.18,1,
06.11.2021 12:32,14,06.11.2021 12:35,168,524.4,499.6,36.1,68.5,536.9,510.3,39.1,13.5,547.2,515.2,43.9,6.4,566.3,535.2,33.5,8.3,594.5,556.8,31.6,0,630.1,600.5,28.5,1.3,633.2,633.1,10.6,23.8,632.9,633,10.9,24,659,664,649,636.9,632.9,631.1,631,636,651,671,680.1,682.1,631.8,13.6,659.1,664,649.1,637.1,633,631.1,631,636,651.1,671.1,680,682,631.9,5.4,659,664,649,637.1,633,631,631,636,651,671,680,681.9,631.9,0,06.11.2021 12:35,577.9,577.9,06.11.2021 12:35,470.6,470.6,606.4,606.2,487.5,772.1,771.6,801,800.6,715.1,81,79,06.11.2021 12:40,32.84,9.11,0.72,06.11.2021 12:37,622,617.5,620.7,614.4,615.2,608.6,621.9,619.2,618.1,613.8,615.3,610.5,625.1,620.4,618.6,614.4,620.5,611.8,558.8,538.7,622,617.5,620.7,614.4,615.2,608.6,621.9,619.2,618.1,613.8,615.3,610.5,625.1,620.4,618.6,614.4,620.5,611.8,558.8,538.7,248305677,6.11.2021 13:34,0.04,1,
06.11.2021 12:34,14,06.11.2021 12:37,168,521.5,505.2,63.6,12.5,535.2,512.4,53.7,0,545.1,522,61.4,0,565.3,540.1,41.8,0,593.9,561.6,35.9,0,629.6,604.7,32.3,0,631.9,634.1,22.8,12.5,631.9,633.3,20.5,19.1,659,664,649,637,633,631,631,636.1,651,671.1,680.1,682.1,632.7,4.4,659,663.9,649.1,637.1,633,631.1,630.9,636,651.1,671.2,680.1,682.1,632.3,1.5,658.9,664,649,637,633,631,631,636,651,670.9,679.8,681.8,632.3,0,06.11.2021 12:37,577.9,577.9,06.11.2021 12:38,463.7,463.9,600.5,600.3,487,768.7,768.3,800.5,800.1,714.4,81,79,06.11.2021 12:41,33.06,9.18,0.72,06.11.2021 12:38,624.1,618.3,622.3,614.8,618,611.1,623.5,620.8,619.8,614.8,618.1,612.7,627.3,622.6,621.1,616.8,622.2,614.7,557.1,539.4,624.1,618.3,622.3,614.8,618,611.1,623.5,620.8,619.8,614.8,618.1,612.7,627.3,622.6,621.1,616.8,622.2,614.7,557.1,539.4,248305811,6.11.2021 13:35,0.34,0,
06.11.2021 12:35,15,06.11.2021 12:38,168,526.5,501.8,16.6,42.3,537.4,512.3,32.8,0,547.4,521,40.5,0,567.3,539.2,22.9,0,595.8,561.1,18.1,0,628.7,603.4,40.2,0,633.5,632.9,7.7,23.5,633.5,632.5,5.3,26.7,659,664,649,637,633,631.1,631.1,636,651,671,680.1,682.1,632.3,7.8,659,664,649.1,637,633,631.1,631,636,651,671.1,680.1,682,632.3,1.4,658.9,664,648.9,637,633,631,631,636,651,670.9,680,682,632.3,78.2,06.11.2021 12:38,577.9,577.9,06.11.2021 12:38,465.6,465.7,603.3,603.1,486.7,768.1,767.8,800.3,799.9,713.8,81,79,06.11.2021 12:41,33.13,9.19,0.72,06.11.2021 12:39,620.1,615,618.5,611.8,615.2,608.9,619.8,616.2,615.8,611.7,616.4,612,624.6,619.6,618.3,614,621,616.1,558,541.1,620.1,615,618.5,611.8,615.2,608.9,619.8,616.2,615.8,611.7,616.4,612,624.6,619.6,618.3,614,621,616.1,558,541.1,248305839,6.11.2021 13:36,0.03,1,
06.11.2021 12:35,14,06.11.2021 12:38,168,523.2,498,47.9,78,536.3,512.1,43.5,0,546.7,519.9,47,0,566.4,538.1,31.7,0,593.6,560.1,38.8,0,631.9,603.1,10.5,0,633.2,632.2,10.7,30.6,632.9,632,11.3,32,658.9,663.9,649,637,632.9,631.1,631,636.2,651.1,671,680,682.1,632,10.6,659.1,664,649.1,637.2,633.1,631.1,631,636,651,670.9,679.9,681.9,632.1,3.1,659,664,649.1,637,633,631,631,636,651.1,671,679.9,681.9,632.1,96.3,06.11.2021 12:38,577.9,577.9,06.11.2021 12:38,467.2,467.3,604.4,604.2,487.4,772.4,772.1,801.7,801.3,714.5,81,79,06.11.2021 12:41,33.03,9.19,0.72,06.11.2021 12:39,622.9,618.3,622.4,614.7,617.4,609.8,622.3,619.8,620.1,614.6,618.3,611.4,627.7,622.8,621.7,615.9,622.6,614.3,557.2,538.3,622.9,618.3,622.4,614.7,617.4,609.8,622.3,619.8,620.1,614.6,618.3,611.4,627.7,622.8,621.7,615.9,622.6,614.3,557.2,538.3,248305872,6.11.2021 13:36,0.18,1,
06.11.2021 12:36,14,06.11.2021 12:39,168,525,494.8,31.1,100,536.5,511.1,41.7,4.2,547,517.9,44.5,0,566.6,536.5,29.8,0,593.5,559.1,39.9,0,630.9,601.8,19.8,0,633.7,632.4,5.9,29.8,633.4,632.8,6.5,25.4,658.9,663.9,649,637,632.9,631,630.9,635.9,651,670.8,680,682,631.6,14.6,659.1,664,649.5,637.2,633,631,631,636,651,671.1,680.1,682,631.9,5,659,664.1,649,637.1,633,631,631,636,651.1,671,680,682,631.9,0,06.11.2021 12:39,577.9,577.9,06.11.2021 12:39,465.8,465.9,602.7,602.5,486.9,770.9,770.5,801,800.6,714.2,81,79,06.11.2021 12:42,33.23,9.15,0.72,06.11.2021 12:40,622.4,617,621.4,613.9,617.2,610.4,621.5,618.4,617.8,613.5,618.7,611.9,626.5,621.1,619.6,615.5,620.1,612,556.3,536.7,622.4,617,621.4,613.9,617.2,610.4,621.5,618.4,617.8,613.5,618.7,611.9,626.5,621.1,619.6,615.5,620.1,612,556.3,536.7,248305932,6.11.2021 13:37,0.15,1,
06.11.2021 12:37,14,06.11.2021 12:40,168,524.5,495.7,35.8,100,537,510.7,37,7.5,547.2,517.3,42.6,0,567,535.8,26.1,2.3,596,558.8,16.1,0,629.6,601.4,32.6,0,632.8,632.8,14.5,26.3,632.5,633,14.7,23.6,659,663.9,649,636.9,632.9,631,630.9,635.9,650.9,670.9,679.9,681.9,631.7,13.9,659.2,664.2,649.2,637.1,633.1,631.2,630.9,636,651,671,680,682.1,631.9,5.1,659,664.1,649,637,633,631.1,631.1,636,651,671.1,680,682.1,631.9,0,06.11.2021 12:40,577.9,577.9,06.11.2021 12:40,464.5,464.6,601.6,601.4,486.6,768.9,768.5,800.2,799.8,713.4,81,79,06.11.2021 12:43,33.23,9.14,0.71,06.11.2021 12:41,621.6,616.7,621.1,614.1,615.7,608.5,621.5,618.5,618.4,615.2,615.8,610.3,627,623.1,620.7,616.9,619.8,613.1,558.9,541,621.6,616.7,621.1,614.1,615.7,608.5,621.5,618.5,618.4,615.2,615.8,610.3,627,623.1,620.7,616.9,619.8,613.1,558.9,541,248305961,6.11.2021 13:38,0.14,1,
06.11.2021 12:38,15,06.11.2021 12:41,168,524.3,499.5,37.5,68.2,536.9,509.9,38.1,14.7,547,516.1,44.7,0,567.2,534.7,24.4,12.3,595.6,558.1,19.9,0,630.5,600.7,24.1,0,633.2,633.3,10.6,21.7,632.4,633,15.7,23.5,659.1,664,648.9,636.9,632.9,630.9,630.9,635.9,650.9,670.9,680,681.8,631.9,12.3,659,664.1,649,637.1,633,631.2,631.2,636.1,651.2,671.1,680.1,682,631.9,5.2,659,664.1,649,637,633,631,631.1,636.1,651,671,680.1,682.1,631.9,0,06.11.2021 12:41,577.9,577.9,06.11.2021 12:41,465.4,465.5,603.5,603.3,486.5,773.8,773.4,801.9,801.5,714.8,81,79,06.11.2021 12:44,33.23,9.08,0.71,06.11.2021 12:42,620.5,616.5,621.6,614.3,616.4,608.3,618.4,616.3,617.1,613.5,615.6,609.9,623.5,619.3,618.2,614.5,619.7,611.8,558.9,539.5,620.5,616.5,621.6,614.3,616.4,608.3,618.4,616.3,617.1,613.5,615.6,609.9,623.5,619.3,618.2,614.5,619.7,611.8,558.9,539.5,248306022,6.11.2021 13:39,0.42,0,
06.11.2021 12:38,14,06.11.2021 12:41,168,524.4,500.4,36.5,59.5,536.6,509.3,41,20.6,547,515.6,44.9,2.3,565.8,534.3,37.7,16.3,594.3,557.8,32.7,0,629.2,600.2,36.4,3.8,632.9,633.2,13.4,22.5,633.4,633.1,6.4,22.5,659.1,664.1,649,637,632.9,631,630.9,635.9,650.9,670.8,679.9,682,632,11.4,659,664.1,649.2,637.3,633,631,631.2,636,651.2,671.3,680.1,682.1,632,4.3,659,664,649,637,633.1,631,631,636,651.1,671.1,680.1,682.1,632,0,06.11.2021 12:41,577.9,577.9,06.11.2021 12:41,467.8,468,605.1,605,486.8,772.6,772.2,801.4,801,714.9,81,79,06.11.2021 12:44,32.91,8.9,0.7,06.11.2021 12:42,621.5,616.6,620.4,613.1,615.4,608.7,621.1,617.9,617.9,613.3,616.5,611.5,626.3,619.4,618.8,615.4,620.9,614.2,558.5,539.1,621.5,616.6,620.4,613.1,615.4,608.7,621.1,617.9,617.9,613.3,616.5,611.5,626.3,619.4,618.8,615.4,620.9,614.2,558.5,539.1,248306054,6.11.2021 13:40,-0.07,1,
06.11.2021 12:40,14,06.11.2021 12:43,168,524.2,500.2,38.4,59.7,536.8,508.9,39.3,26,546.8,514.5,47.1,12.7,567.3,534.5,23.7,15.5,594.9,557.2,26.8,0,629.9,600,30,6.2,632.7,632.9,15.3,25.5,632.7,633,12.9,23.6,659,664,649,636.8,632.9,630.9,631.1,636.1,651,671,680,682.1,632,11.4,659,663.9,649,637,633,631.2,631.1,636.1,651,670.9,680,681.9,632,4.3,659,663.9,648.9,637,633,631,631,636.1,650.9,670.9,680,682,632,0,06.11.2021 12:43,577.9,577.9,06.11.2021 12:43,465.7,465.8,602.6,602.3,486.8,773.6,773.1,801.6,801.3,714.8,81,79,06.11.2021 12:46,33.25,9.21,0.72,06.11.2021 12:43,620.2,615.2,619.3,613.1,615.1,607.9,620,617.4,616.7,613.4,615.5,610.1,626,621.1,618.5,615.5,620.2,613.3,559.2,537.6,620.2,615.2,619.3,613.1,615.1,607.9,620,617.4,616.7,613.4,615.5,610.1,626,621.1,618.5,615.5,620.2,613.3,559.2,537.6,248306144,6.11.2021 13:40,0.17,1,
06.11.2021 12:40,14,06.11.2021 12:43,168,524.8,499,32.7,71,536.3,508.9,44.1,26.6,547.2,514.5,43.4,12.9,566.2,534.6,34.2,14.8,595.1,557.3,25.5,0,630.3,600.2,26.3,4.5,633.6,632.9,6.9,25.6,633.1,633.1,9.1,22.7,659.1,664,648.9,637,633,631.1,631.1,636,651,671,680,682,632,11.4,659,664.1,649.1,637,633.1,631.1,631.1,636,650.8,671,680,682,632.1,3.3,658.9,663.9,648.9,636.9,632.9,630.9,630.9,636,651.1,671.1,680,682,632.1,0,06.11.2021 12:43,577.9,577.9,06.11.2021 12:43,464.5,464.6,601.5,601.3,486.8,773.3,772.9,801.5,801.1,715.1,81,79,06.11.2021 12:46,33.23,9.22,0.72,06.11.2021 12:44,621.5,616,619.7,612.2,616.2,608.6,621,617.6,617.3,612.3,615.5,610.1,625.6,620.4,619.7,614.6,619.1,611.3,559,537.2,621.5,616,619.7,612.2,616.2,608.6,621,617.6,617.3,612.3,615.5,610.1,625.6,620.4,619.7,614.6,619.1,611.3,559,537.2,248306176,6.11.2021 13:41,0.23,0,
06.11.2021 12:41,14,06.11.2021 12:44,168,524.7,498.7,33.7,76,536.7,509.6,40.5,21.1,546.9,514.7,46.5,11.6,567.4,535.4,22.8,7.2,594.1,556.9,34.6,0,630.1,600.5,28.3,1.7,633.2,633.3,10.7,22,633,632.8,10,25.7,658.9,663.9,648.9,636.8,632.9,630.9,631,636,651,671,679.9,682,631.8,13.4,659.2,664.1,649.1,637.1,633,631.1,631,636,651.1,671,680,682,632,4.1,659.1,664.1,649,637,633.1,631,631,636,651,671,679.9,681.9,632,0,06.11.2021 12:45,577.9,577.9,06.11.2021 12:45,469.5,469.5,606.5,606.3,487.1,772.6,772.2,801.2,800.9,714.6,81,79,06.11.2021 12:48,33.23,8.98,0.7,06.11.2021 12:45,621.4,617,621.5,613,616.7,609.4,621.4,619,618.2,614.1,616.4,611.3,626.6,622.5,620.5,616.4,619.6,613.7,559.1,535.3,621.4,617,621.5,613,616.7,609.4,621.4,619,618.2,614.1,616.4,611.3,626.6,622.5,620.5,616.4,619.6,613.7,559.1,535.3,248306265,6.11.2021 13:42,0.16,1,
06.11.2021 12:42,14,06.11.2021 12:45,168,524.6,498.8,34.6,75.7,536.8,509.8,39.6,19.4,547.5,515,40.8,8.8,566.3,535.4,33.3,6.9,595.9,557.2,18,0,629.5,600.5,33.8,1.6,632.7,633.2,15.3,22.9,633,632.8,10,25.9,659,663.9,649,637,633,630.9,630.9,635.9,650.9,670.9,679.9,681.9,631.8,13.5,659.1,664.1,649.2,637.2,633.1,631.1,631.1,635.9,651,670.9,679.9,682,631.9,5.1,659.1,664.1,649.1,637.1,633.1,631.1,631.1,635.9,651.1,671,680,681.9,631.9,0,06.11.2021 12:45,577.9,577.9,06.11.2021 12:45,469.4,469.5,606,605.7,487.3,774.5,774,801.9,801.5,715.5,81,79,06.11.2021 12:48,33.42,9.04,0.7,06.11.2021 12:46,620.2,615.4,619.2,613,615.5,607.8,619.8,616.8,615.9,612.2,614.3,608.6,625.3,619.5,618,614.1,619.4,611.5,559,536.7,620.2,615.4,619.2,613,615.5,607.8,619.8,616.8,615.9,612.2,614.3,608.6,625.3,619.5,618,614.1,619.4,611.5,559,536.7,248306294,6.11.2021 13:43,0.05,1,
06.11.2021 12:42,14,06.11.2021 12:45,168,524.9,499.5,31.7,69.4,536.6,510.2,41.6,15.6,546.6,515.1,49.3,7.9,567.2,535.3,24.8,7.6,593.7,556.8,38.5,0,630.4,600.5,25.5,1.5,633.4,633.1,8.8,23.8,632.9,632.9,11,25,659,664,648.9,636.9,632.9,630.9,630.9,636,651,671,680,681.8,631.8,13.6,659.1,664.1,649.1,637.2,633.1,631.2,631,636,651.1,671.1,680,682,631.9,5.1,659,664,649.1,636.9,632.9,630.9,631.1,636,651.2,671,680,682.1,631.9,0,06.11.2021 12:45,577.9,577.9,06.11.2021 12:46,468.6,468.7,605,604.8,487.3,773.3,772.8,801.5,801,715,81,78,06.11.2021 12:49,33.33,9.01,0.7,06.11.2021 12:46,622.2,616.5,619.6,611.4,615.9,609.8,621.1,617.5,616.9,612.1,617.2,611.8,626.6,620.2,618.7,614.1,621.6,615.8,558.2,535.4,622.2,616.5,619.6,611.4,615.9,609.8,621.1,617.5,616.9,612.1,617.2,611.8,626.6,620.2,618.7,614.1,621.6,615.8,558.2,535.4,248306326,6.11.2021 13:43,0.01,1,
06.11.2021 12:43,15,06.11.2021 12:46,168,524.8,500.1,32.5,63.5,536.5,510.7,42.6,10.4,546.8,515.1,47.6,7.7,566.8,535,28.6,10.2,593.8,556.7,37.8,0,630.5,600.4,24.6,2.4,633,632.9,12.5,25.8,632.8,633,11.9,24.2,659,664,649,637,633,631,630.9,635.8,650.9,670.9,679.9,681.9,631.9,12.9,658.8,663.9,649,637,633.1,631.2,631.2,636.1,651.1,671.1,680,682,631.9,5.2,658.9,663.9,649,636.9,632.9,631,631,636.1,651.2,671.1,680.1,682.2,631.9,32.5,06.11.2021 12:46,577.9,577.9,06.11.2021 12:47,466.3,466.4,602.8,602.6,487,770.1,769.6,800.3,799.9,714.2,81,79,06.11.2021 12:50,33.03,9.11,0.72,06.11.2021 12:47,621.5,616.5,621.4,614,616.5,608.4,621.1,618.9,618.6,614.6,616.2,611,626.8,622.2,620.5,615.5,619.7,612.6,557.8,540.7,621.5,616.5,621.4,614,616.5,608.4,621.1,618.9,618.6,614.6,616.2,611,626.8,622.2,620.5,615.5,619.7,612.6,557.8,540.7,248306387,6.11.2021 13:44,0.14,1,
06.11.2021 12:44,14,06.11.2021 12:47,168,524.2,500.1,38.2,63.3,536.7,510.6,40.8,10.9,547.3,515.2,42.9,6.7,566.8,535,28.7,10.2,595.7,556.9,19.8,0,629.5,600.3,34.1,3.4,633.1,633,11.6,25,633.1,632.9,8.9,25.2,659.1,664.1,649,637,633,631.1,630.9,635.9,651,670.9,680,681.9,632,12,658.9,664,649.1,637,633,631.1,631.1,636,651.1,671.2,680.1,682,632,4.3,659,664,649,637,633,631.1,631,636,651.1,671.1,680,682,632,32.6,06.11.2021 12:47,577.9,577.9,06.11.2021 12:47,465.1,465.1,601.8,601.6,486.8,773.8,773.3,801.5,801.1,714.8,81,79,06.11.2021 12:50,33.28,9.16,0.71,06.11.2021 12:48,620.3,615.9,620.7,615,614.6,608.2,620.5,618,617.5,614.1,615.4,610.4,626.3,621.8,620.1,615.8,618.2,612.1,559.2,539.3,620.3,615.9,620.7,615,614.6,608.2,620.5,618,617.5,614.1,615.4,610.4,626.3,621.8,620.1,615.8,618.2,612.1,559.2,539.3,248306415,6.11.2021 13:44,0.11,1,
06.11.2021 12:44,14,06.11.2021 12:47,168,524.4,499.8,36.3,66,536.7,510.7,40.8,9.6,546.9,515.1,46.7,7.5,566.7,534.9,29.6,11.1,594.2,556.7,34.1,0,630.2,600.4,27.4,2.4,633.2,633.2,10.7,23.1,632.9,632.9,10.9,25.3,659,664.1,649,637.1,633,631,631,636,650.9,671,680,681.9,631.9,12.9,658.9,663.9,648.9,637,633,631,631,636,651,671.1,680.1,682,632,4.4,658.9,664,649,637,633,631.1,631,636,651,671,680.1,682.2,632,0,06.11.2021 12:47,577.9,577.9,06.11.2021 12:48,464,464.1,600.9,600.6,486.5,773.7,773.3,801.5,801.1,714.9,81,79,06.11.2021 12:50,33.13,9.15,0.71,06.11.2021 12:48,621.6,616.2,620.1,614.5,616.3,608.6,621.5,618.3,617,613.9,617.3,610.7,626.4,620.9,618.8,615,620.9,612.6,560,538.3,621.6,616.2,620.1,614.5,616.3,608.6,621.5,618.3,617,613.9,617.3,610.7,626.4,620.9,618.8,615,620.9,612.6,560,538.3,248306448,6.11.2021 13:45,0.01,1,
06.11.2021 12:45,14,06.11.2021 12:48,168,524.9,499.4,31.5,69.7,536.5,510.5,42.7,11.1,547.2,515.1,44,7.4,566.9,534.9,27.8,11.1,595.3,556.7,23.6,0,630.1,600.5,28.5,1.4,633,633.2,12.6,23.1,633,633.1,9.9,23.4,659,664,649,637,633.1,631.1,631,635.9,650.9,671,680,682,632,12,658.9,664,649.1,637.1,633.1,631,631,636,651.1,671,679.9,681.9,632,4.4,658.9,664,649,637,633,630.9,631,636,651,671,679.9,681.9,632,0,06.11.2021 12:48,577.9,577.9,06.11.2021 12:48,464,464,601.6,601.5,486.4,772,771.6,801,800.5,715.1,81,79,06.11.2021 12:51,33.23,9.14,0.71,06.11.2021 12:49,620.3,614.6,618.7,612.1,614.6,607.6,619.8,616.7,616.2,611.7,615.3,610.3,624.5,620,618.7,613.6,619.7,610.9,559.9,537.6,620.3,614.6,618.7,612.1,614.6,607.6,619.8,616.7,616.2,611.7,615.3,610.3,624.5,620,618.7,613.6,619.7,610.9,559.9,537.6,248306476,6.11.2021 13:45,0.05,1,
06.11.2021 12:45,14,06.11.2021 12:48,168,524.8,499.1,32.5,72.9,537,510.4,38.1,11.8,547,515,45.9,8.4,566.6,534.9,30.6,11.2,594.7,556.6,29.5,0,630.2,600.4,27.5,2.4,633.4,633.2,8.8,23,633,633.2,10,22.5,659,664.1,649,637,633,631,631.1,636.1,651,671.1,680.1,682.1,632.1,11.1,658.9,663.9,649.1,637,633,631,631,636,651,671,680,682,632.1,3.4,659,664,649.1,637.1,633.1,631,631,636,651,670.9,680,681.9,632.1,0,06.11.2021 12:48,577.9,577.9,06.11.2021 12:48,468.8,468.8,606.2,606,487,770,769.6,800.2,799.8,714.6,81,79,06.11.2021 12:51,33.13,9.15,0.71,06.11.2021 12:49,621.4,616.3,620.9,617,616.1,608.2,621.5,618.2,617.8,614.9,616.7,611.1,626.5,620.2,619,617.2,622.3,614.6,559.8,540.9,621.4,616.3,620.9,617,616.1,608.2,621.5,618.2,617.8,614.9,616.7,611.1,626.5,620.2,619,617.2,622.3,614.6,559.8,540.9,248306509,6.11.2021 13:46,0.25,0,
06.11.2021 12:46,15,06.11.2021 12:49,168,524.7,499.4,33.3,70.3,536.6,510.2,41.8,13.5,547.3,515,43,8.3,567.1,534.9,25.9,11.2,594.9,556.7,27.4,0,629.9,600.3,30.4,3.3,633.1,633.1,11.6,24,632.9,633.3,10.8,21.4,659,664,649,637,633,631,631,635.9,651,671,679.9,682.1,632,11.9,659,664,649.1,637,632.9,631,631.1,636,650.9,671,680,682,632.1,3.3,658.9,664,648.9,636.9,632.9,631,631.1,636,651,671,680,682,632.1,0,06.11.2021 12:49,577.9,577.9,06.11.2021 12:49,469.6,469.6,606.2,606,487.1,772.9,772.5,801.2,800.8,714.9,81,79,06.11.2021 12:52,33.11,9.15,0.71,06.11.2021 12:50,620.7,615.4,619.6,615.1,615.6,607.9,620.4,616.8,617,614.6,614.9,608.5,623.5,618.7,617.8,615.2,617.9,610.4,558.6,539.8,620.7,615.4,619.6,615.1,615.6,607.9,620.4,616.8,617,614.6,614.9,608.5,623.5,618.7,617.8,615.2,617.9,610.4,558.6,539.8,248306537,6.11.2021 13:46,-0.02,1,
06.11.2021 12:46,14,06.11.2021 12:49,168,524.4,499.7,36.3,67.5,537,510,38.2,15.4,546.9,514.9,46.8,9.3,566.4,535,32.5,10.2,594.9,556.7,27.7,0,630.1,600.3,28.5,3.3,633.4,633,8.7,25,633.1,633.2,9,22.3,659,664,649.1,637,633,631,631,636,650.9,671.1,680,682.1,632.1,11,659.1,664.1,649,637.1,633,630.9,631,636,651,671,680,682,632,4.2,659,664,649,637,633,631,631.1,636,651,671,680,681.8,632,0,06.11.2021 12:49,577.9,577.9,06.11.2021 12:49,469,469.1,605.3,605.1,487,774.6,774.1,801.8,801.5,715.6,81,79,06.11.2021 12:52,33.4,9.21,0.71,06.11.2021 12:50,620.1,615,618.5,612.1,614.3,607.7,619.9,616.4,615.8,611.7,613.8,609.4,625.6,619.4,618.7,614.2,618.5,612.5,557.7,538.5,620.1,615,618.5,612.1,614.3,607.7,619.9,616.4,615.8,611.7,613.8,609.4,625.6,619.4,618.7,614.2,618.5,612.5,557.7,538.5,248306569,6.11.2021 13:47,0.09,1,
06.11.2021 12:47,15,06.11.2021 12:50,168,524.9,499.8,31.5,66.6,536.8,509.8,40,17.3,547,514.9,46,9.3,567.2,535.1,25,9.3,594.7,556.6,29.4,0,629.9,600.3,30.5,3.4,633.1,633.1,11.6,24.1,632.8,633,11.8,24.2,658.8,663.8,648.9,637,632.9,630.9,630.9,635.8,651,671,680.1,682.1,632,11.9,659.1,664.1,649.3,637.1,633.2,631.1,631,636,651,670.9,680,682,632,4.2,659,664,649.1,637,633,631.1,631,636,651,671,679.9,681.9,632,0,06.11.2021 12:50,577.9,577.9,06.11.2021 12:50,468,468.1,604.3,604.1,486.6,773.4,773,801.4,801,715.4,81,79,06.11.2021 12:53,33.42,9.16,0.71,06.11.2021 12:51,620.9,615.8,620.5,611.2,615.4,608.9,620.7,617.2,616.7,611.3,615.6,610.2,626.1,620.6,619.3,613.5,618.9,612.5,557.1,534.8,620.9,615.8,620.5,611.2,615.4,608.9,620.7,617.2,616.7,611.3,615.6,610.2,626.1,620.6,619.3,613.5,618.9,612.5,557.1,534.8,248306598,6.11.2021 13:47,0.19,1,
06.11.2021 12:47,14,06.11.2021 12:50,168,524.8,499.6,32.4,68.4,536.8,509.6,40,19.3,547.3,515,43.2,8.4,566.5,535.1,31.7,9.2,595.3,556.7,24,0,629.8,600.3,31.4,3.4,633.1,633,11.5,25.1,633.2,633.2,8,22.3,658.9,663.9,649,636.9,632.9,630.9,631,636,650.9,670.9,680,682,632,11.9,659.1,664.1,649.1,637,633,631.2,631.1,636,650.9,671,680,682,631.9,5.2,659.1,664.1,649,636.9,632.9,631,631,636,651.2,671,680,681.9,631.9,25.3,06.11.2021 12:50,577.9,577.9,06.11.2021 12:50,466.8,467,603.3,603.1,487.1,771.6,771.2,800.7,800.3,715.2,81,79,06.11.2021 12:53,33.5,8.99,0.7,06.11.2021 12:51,620.1,615.6,619.5,613.5,614.9,606.7,620.9,617,616.8,613.5,614,608.3,624.3,619.5,618.5,614.2,617.9,609.7,558.2,537.8,620.1,615.6,619.5,613.5,614.9,606.7,620.9,617,616.8,613.5,614,608.3,624.3,619.5,618.5,614.2,617.9,609.7,558.2,537.8,248306630,6.11.2021 13:48,0.13,1,
06.11.2021 12:48,15,06.11.2021 12:51,168,524.6,499.3,34.3,71.3,536.8,509.5,40,20.5,547,514.9,46.1,9.3,567.2,535.1,25.1,9.1,594.5,556.5,31.3,0,630.3,600.3,26.8,3.4,633.3,633,9.6,25.2,632.8,633.1,11.8,23.2,658.9,663.9,649,637,633,631,630.9,635.9,650.8,670.9,680,682,632,11.9,659.1,664.1,649.3,637.1,633.1,631.1,631.1,636,651.1,671.1,680,682.1,631.9,5.3,659,664,649.2,637,633.1,631.1,631,636,651,670.9,680,682,631.9,60.8,06.11.2021 12:51,577.9,577.9,06.11.2021 12:51,465.6,465.8,602.2,602,486.8,770.5,770.1,800.4,800,714.3,81,79,06.11.2021 12:54,33.33,8.9,0.7,06.11.2021 12:52,620.9,615.4,618.9,612.1,615.6,608.7,620.4,616.8,615.9,612.4,617.3,611.1,626.1,619.2,618.3,614.5,622.1,614.3,558.3,537.6,620.9,615.4,618.9,612.1,615.6,608.7,620.4,616.8,615.9,612.4,617.3,611.1,626.1,619.2,618.3,614.5,622.1,614.3,558.3,537.6,248306659,6.11.2021 13:49,0.06,1,
06.11.2021 12:49,14,06.11.2021 12:52,168,524.3,499.3,37.2,71.7,536.9,509.7,39.1,19.1,547,514.9,46,9.3,567,535.1,27,8.9,594.5,556.5,31.4,0,630.2,600.5,27.6,1.5,633,633.4,12.5,21.3,632.8,633,11.8,24.3,659.1,664,649,637,633.1,631.1,631,635.9,650.9,670.9,679.9,681.9,631.8,14,659.1,664.1,649.3,637.2,633.2,631.1,631,636,651.1,671.2,680,682.1,632.6,0,659.1,664,649,637,633,631,631.1,636,651.1,671.1,680.1,682.1,632.6,0,06.11.2021 12:52,577.9,577.9,06.11.2021 12:52,463.3,463.4,600.4,600.3,486.6,774,773.6,801.6,801.1,715.5,81,79,06.11.2021 12:55,33.23,9.19,0.71,06.11.2021 12:52,620.6,615.4,619.3,612.3,615.7,608.8,620.9,617.5,617.4,612.5,615.3,610,626.1,619.1,617.9,615,618.8,611.4,558.1,537.5,620.6,615.4,619.3,612.3,615.7,608.8,620.9,617.5,617.4,612.5,615.3,610,626.1,619.1,617.9,615,618.8,611.4,558.1,537.5,248306720,6.11.2021 13:49,0.06,1,
06.11.2021 12:50,14,06.11.2021 12:53,168,524.5,500,35.2,65.1,536.7,510.2,41,14.6,547.4,515.1,42.3,7.4,566.8,535,28.8,9.6,594.6,556.4,30.4,0,630,600.4,29.5,2.4,633,632.9,12.5,26,632.8,633.2,11.8,22.3,659,664.1,649,637,633,631,630.9,636,651,671.1,680.1,682,632.1,11.3,658.9,663.9,648.9,637,633.1,631.1,631,636.1,651.1,671,680,681.9,632,4.4,658.9,664,649,637.1,633,631,631,636.1,651,671,680.1,681.9,632,0,06.11.2021 12:54,577.9,577.9,06.11.2021 12:54,468.9,469,605.1,605,486.8,774.8,774.3,801.8,801.5,715.7,81,79,06.11.2021 12:57,33.11,8.76,0.68,06.11.2021 12:54,620.3,615.8,620.2,612.8,615,607.8,619.6,616.6,616.4,612.7,613.9,609.4,623.5,618.7,616.9,613.4,616.9,609.9,558.4,535,620.3,615.8,620.2,612.8,615,607.8,619.6,616.6,616.4,612.7,613.9,609.4,623.5,618.7,616.9,613.4,616.9,609.9,558.4,535,248306842,6.11.2021 13:51,0.17,1,
06.11.2021 12:51,15,06.11.2021 12:54,168,524.9,500,31.5,64.9,537,510.2,38.2,14.5,546.8,515,47.9,8.3,566.8,535,29,9.6,595.4,556.6,23.2,0,630.1,600.3,28.6,3.3,633.5,633,7.8,25.1,633,633.3,10,21.3,659.1,664.1,649.1,637,633,631,631.1,636.2,651,671.1,680,682.1,632,12.2,659,664,649.1,637.1,633,631.1,631.1,636,651,671.1,680,682,632.3,1.5,659,664,648.9,637,633,630.9,631,636,651,671,680,682,632.3,0,06.11.2021 12:54,577.9,577.9,06.11.2021 12:54,467.8,468,604.1,604,486.8,773.6,773.3,801.4,801,715,81,79,06.11.2021 12:57,33.13,9.06,0.71,06.11.2021 12:55,621.8,616.2,619.6,613.5,616.1,610.4,621.6,618.1,616.8,613.4,617.2,612.4,626.5,620.5,618.3,614.7,620.5,615.2,558.7,538.2,621.8,616.2,619.6,613.5,616.1,610.4,621.6,618.1,616.8,613.4,617.2,612.4,626.5,620.5,618.3,614.7,620.5,615.2,558.7,538.2,248306870,6.11.2021 13:52,0.29,0,
06.11.2021 12:52,15,06.11.2021 12:55,168,525.1,499.6,29.5,68.6,536.8,510.3,40.1,13.1,546.9,515,47,8.2,566.7,534.9,30,10.5,595.4,556.5,23.1,0,629.9,600.2,30.4,4.3,633.2,633,10.5,25.3,633.1,633.1,9,23,659,664.1,649,637,633,631,631,636.1,651,671,680,682,632.1,11.1,659.2,664,649,637,633,631,631.1,636,651.1,671,679.9,681.9,632.2,2.1,659.1,664,649,637,633,631,631,636,650.9,671,679.9,681.9,632.2,50.3,06.11.2021 12:55,577.9,577.9,06.11.2021 12:55,465.5,465.6,602.1,601.9,487,770.5,770.3,800.3,799.9,714.5,81,79,06.11.2021 12:58,32.72,9.02,0.71,06.11.2021 12:56,620,615.7,619.3,608.6,614.2,608.3,617.7,616.1,616.5,610.5,614.6,610.1,622.9,618.7,617.2,612.4,617.4,611.5,558.6,537.8,620,615.7,619.3,608.6,614.2,608.3,617.7,616.1,616.5,610.5,614.6,610.1,622.9,618.7,617.2,612.4,617.4,611.5,558.6,537.8,248306931,6.11.2021 13:52,0.22,0,
06.11.2021 12:52,14,06.11.2021 12:55,168,524.5,499.2,35.2,72.5,536.7,510.3,41.1,13,547.1,514.9,45.3,9.2,566.9,534.9,28,10.5,594.5,556.4,31.5,0,630.2,600.3,27.7,3.4,633.3,633.2,9.6,23.5,632.9,632.9,10.9,25,659,663.9,649,637,633.1,631,631,636,651,671,680,682,632.1,11,658.9,663.9,649,637,632.9,631,630.8,636,651,671,679.9,682,632,3.9,659.1,664.1,649.1,637,633,631,630.9,636,650.9,671,679.9,681.9,632,64.9,06.11.2021 12:55,577.9,577.9,06.11.2021 12:56,464.4,464.5,601.2,601,486.5,774,773.6,801.5,801.1,715.1,81,79,06.11.2021 12:59,32.81,9.15,0.72,06.11.2021 12:56,620.9,615.8,619.6,611.5,615.4,607.5,620.7,617.8,616.1,611.4,615.8,609.3,625.6,620.5,619.1,613.2,618,611.3,556.6,538.1,620.9,615.8,619.6,611.5,615.4,607.5,620.7,617.8,616.1,611.4,615.8,609.3,625.6,620.5,619.1,613.2,618,611.3,556.6,538.1,248306963,6.11.2021 13:53,0.17,1,
06.11.2021 12:53,14,06.11.2021 12:56,168,525.3,499.1,27.6,73.7,536.7,510.3,41,12.8,547.2,515,44.2,8.2,566.7,534.9,30,10.5,595.4,556.5,23.1,0,629.6,600.2,33.3,4.4,632.9,633.4,13.4,21.5,633.2,632.8,8.1,26.1,659,663.9,649,637,633,631.1,631,636.1,651,671,679.9,681.8,631.9,12.9,659,664,649.2,637,633.1,631.1,631,636,650.9,670.9,679.9,682,631.9,4.9,659.1,664,649.1,637,633,631.1,631,636,651.1,671,680.1,682,631.9,15.6,06.11.2021 12:56,577.9,577.9,06.11.2021 12:56,463.4,463.4,600.4,600.3,486.5,773.9,773.5,801.5,801.1,715.3,81,79,06.11.2021 12:59,32.69,9.11,0.72,06.11.2021 12:57,621.4,616.2,619.7,610.9,616.1,609.3,621.1,618.3,617.5,611.5,617.6,611.2,626.1,620.9,619.6,613.1,621.2,614.6,556.6,535.2,621.4,616.2,619.7,610.9,616.1,609.3,621.1,618.3,617.5,611.5,617.6,611.2,626.1,620.9,619.6,613.1,621.2,614.6,556.6,535.2,248306992,6.11.2021 13:53,-0.05,1,
06.11.2021 12:53,14,06.11.2021 12:56,168,523.8,498.8,41.8,76.9,537,510.2,38.2,13.6,547.4,515.1,42.3,7.3,567.2,535,25.1,9.6,594.4,556.4,32.4,0,630.2,600.4,27.6,2.5,633.1,633.5,11.5,20.3,632.9,632.9,10.9,25.3,659,663.9,649,637,633,631.1,631,636.1,650.9,670.9,679.9,681.9,632.1,11,659.1,664.1,649.1,637.2,633,631,631,636,651.1,671,680,682,631.8,5.9,658.9,664,649,637,633.1,631.1,631,636,651,671,680,682,631.8,0,06.11.2021 12:56,577.9,577.9,06.11.2021 12:57,467.3,467.5,604.7,604.5,486.8,772.1,771.7,800.9,800.5,715.5,81,79,06.11.2021 12:59,32.62,9.15,0.72,06.11.2021 12:57,620.2,615.6,618.3,612.4,615.1,607.7,620.5,617,616.1,612.7,616.1,610.1,626.5,621.8,618.5,614.1,620.7,613.6,557,535.2,620.2,615.6,618.3,612.4,615.1,607.7,620.5,617,616.1,612.7,616.1,610.1,626.5,621.8,618.5,614.1,620.7,613.6,557,535.2,248307024,6.11.2021 13:54,0.08,1,
06.11.2021 12:54,14,06.11.2021 12:57,168,524.7,499.1,33.3,74.5,536.7,510,41,15.4,547.2,515,44.2,8.2,566.6,534.8,30.9,11.5,595.4,556.5,23.1,0,630,600.4,29.6,2.5,633.1,633.5,11.6,20.1,633.1,633,9,24.4,659,664.1,649,637,633,630.9,630.9,635.9,651,670.9,680,681.9,632,11.9,659.1,664,649.3,637,633.1,631.2,631.2,636,651,670.9,679.9,682,631.8,6,659,664,649.1,637,633,631,631,636,651,671,680.1,682.2,631.8,0,06.11.2021 12:57,577.9,577.9,06.11.2021 12:57,468.2,468.3,605,604.8,486.9,770.2,769.8,800.2,799.8,714.8,81,79,06.11.2021 13:00,32.74,9.13,0.72,06.11.2021 12:58,620,615.3,621.3,616.3,615.3,606.8,618.2,616.1,616.4,614.1,613.9,608.3,623.1,619.1,617.5,614.7,618.4,610.5,559.2,537.7,620,615.3,621.3,616.3,615.3,606.8,618.2,616.1,616.4,614.1,613.9,608.3,623.1,619.1,617.5,614.7,618.4,610.5,559.2,537.7,248307053,6.11.2021 13:54,0.3,0,
06.11.2021 12:54,15,06.11.2021 12:57,168,524.7,499.9,33.3,67.1,536.8,510,40,15.4,547.1,515,45.2,8.2,566.8,534.9,28.9,10.6,594.5,556.3,31.6,0,630.2,600.4,27.7,2.5,633,633.2,12.5,22.8,632.8,633.1,11.8,23.5,659.1,664,649.1,637,632.9,631,631,635.9,651,670.9,679.9,681.9,632,11.9,659.3,664.2,649.4,637.3,633.1,631.1,631.1,636,651.1,671.1,680,682.1,631.8,6.1,659,664.1,649,637.1,633,631,631.1,636,651,671,680.1,682.1,631.8,0,06.11.2021 12:57,577.9,577.9,06.11.2021 12:57,467.6,467.8,604.1,604,487.1,773.3,772.8,801.2,800.8,714.6,81,79,06.11.2021 13:00,32.94,9.08,0.71,06.11.2021 12:58,621.3,616,620.5,616.1,615.7,608,621.8,619.1,617.7,615.2,617.4,610.7,625.3,621.1,619.1,615.9,620.7,614.3,558.3,537.9,621.3,616,620.5,616.1,615.7,608,621.8,619.1,617.7,615.2,617.4,610.7,625.3,621.1,619.1,615.9,620.7,614.3,558.3,537.9,248307085,6.11.2021 13:55,0.39,0,
06.11.2021 12:55,14,06.11.2021 12:58,168,524.4,500.5,36,61.2,536.7,510.1,40.9,14.5,547.3,515.1,43.2,7.2,566.9,535,28,9.7,595.2,556.5,24.9,0,630,600.5,29.5,1.5,633.2,633.2,10.6,22.8,633.1,633.2,9,22.5,659,664,649.1,637,633,631,630.9,636,651,671,680,682,631.9,12.9,659,664.1,649.1,637,633.1,631.1,631,635.9,651.1,671.1,680,682,631.9,5.3,659,664,649,637,632.9,631.1,631.1,635.9,651.1,671,680,682.1,631.9,1.4,06.11.2021 12:58,577.9,577.9,06.11.2021 12:58,466.7,466.8,603.2,603,486.4,775.1,774.8,801.8,801.5,715.5,81,79,06.11.2021 13:01,32.69,9.04,0.71,06.11.2021 12:59,621.3,615.5,620.9,610.8,614.8,609.5,621.1,618.2,617,611.3,614.5,611.4,626.3,620.8,618.7,613.2,616.8,614,557.2,535.7,621.3,615.5,620.9,610.8,614.8,609.5,621.1,618.2,617,611.3,614.5,611.4,626.3,620.8,618.7,613.2,616.8,614,557.2,535.7,248307114,6.11.2021 13:56,0.08,1,
06.11.2021 12:55,15,06.11.2021 12:58,168,524.5,500.6,35.1,59.7,536.6,510.1,41.9,14.4,547.2,515.1,44.1,7.1,566.7,535,29.8,9.6,594.6,556.4,30.6,0,630.1,600.4,28.6,2.4,633,633.1,12.6,23.7,632.9,633.2,10.9,22.4,659.1,664.1,649.1,637,633.1,631.1,631.1,636.1,651.1,671.1,680,681.9,631.9,12.9,658.9,664,649.2,637.2,632.9,631,631.1,636.1,651.2,671.2,680.1,682.1,631.9,5.3,658.9,664,649,637,633,630.9,630.9,636.1,651,671.1,680.1,682,631.9,40.1,06.11.2021 12:58,577.9,577.9,06.11.2021 12:58,465.6,465.7,602.2,602,486.4,773.9,773.5,801.5,801,715.3,81,79,06.11.2021 13:01,33.03,8.98,0.71,06.11.2021 12:59,619.8,615,621.8,615.2,614.2,606.6,617.9,615.8,616.3,613.7,613.9,608,623.3,619.2,618,615,618.8,610.7,558.6,535.1,619.8,615,621.8,615.2,614.2,606.6,617.9,615.8,616.3,613.7,613.9,608,623.3,619.2,618,615,618.8,610.7,558.6,535.1,248307146,6.11.2021 13:57,0.12,1,
06.11.2021 12:57,14,06.11.2021 13:00,168,525.2,499.8,28.5,66.8,536.9,509.9,39.1,16.3,547.2,515,44.1,7.9,566.9,534.9,27.9,10.6,594.6,556.3,30.7,0,630,600.3,29.6,3.3,633.3,633.1,9.9,23.8,633,633,9.9,24.5,659,664,649.1,637,633,631,631.1,636.1,651,671.1,680,682,632,12.1,658.9,664,649.1,637.1,632.9,631.1,631,635.9,651.1,671,680.1,682,632.2,2.3,659.1,664,648.9,637,633,630.9,631,635.9,651,671,679.9,681.9,632.2,11.6,06.11.2021 13:00,577.9,577.9,06.11.2021 13:00,469.3,469.3,606.2,606,486.8,775.1,774.8,802,801.5,715.6,81,79,06.11.2021 13:03,33.33,9.24,0.72,06.11.2021 13:01,620.5,615.4,620.2,611.5,616.2,609.4,620.2,617,616,611,615.7,611.1,625.2,619.1,618.5,613.5,620.9,614,559.2,536.7,620.5,615.4,620.2,611.5,616.2,609.4,620.2,617,616,611,615.7,611.1,625.2,619.1,618.5,613.5,620.9,614,559.2,536.7,248307268,6.11.2021 13:58,0.01,1,
06.11.2021 12:58,14,06.11.2021 13:01,168,524.4,499.6,36,68.8,537,509.8,38,17.4,547.2,515,44.1,7.9,566.9,534.9,27.9,10.6,595.4,556.4,23.2,0,629.7,600.3,32.4,3.3,633,633.2,12.6,22.8,633,633,10,24.5,659,664,649,637,633,631,631,636,651.1,671,680,682,632.1,11.1,658.9,663.9,648.9,637.1,633.2,631.1,631.2,636.2,651.1,671.2,680.1,682.1,632.6,0,659.1,664,649,637,633,631,631,636.2,651.1,671,680,682,632.6,11.4,06.11.2021 13:01,577.9,577.9,06.11.2021 13:01,469.1,469.1,605.5,605.3,487.5,773.6,773.3,801.4,801,715.5,81,79,06.11.2021 13:04,33.57,8.71,0.69,06.11.2021 13:02,622,615.7,618.8,609.9,615.6,608.6,621.6,617.2,615.9,611.1,616.6,611.3,626.3,619.3,618,613.1,620.4,614.9,556.9,536.3,622,615.7,618.8,609.9,615.6,608.6,621.6,617.2,615.9,611.1,616.6,611.3,626.3,619.3,618,613.1,620.4,614.9,556.9,536.3,248307296,6.11.2021 13:58,0.23,0,
06.11.2021 12:58,14,06.11.2021 13:01,168,524.6,499.6,34.2,68.8,536.9,509.9,39,16.5,547.2,515,44.1,7.8,566.9,535,27.9,9.6,594.6,556.3,30.6,0,630.2,600.4,27.7,2.4,633,633.2,12.6,22.8,633,633.1,9.9,23.6,659,664,649,637,633,631.1,631,636,651,671,680,682,632.2,10.1,659,664,649.1,637.2,633.1,631.1,631,636,651,671.1,680,682,632.5,0,659,664.1,649.1,637,633,631.1,631,636,651,671,680,682,632.5,0.4,06.11.2021 13:01,577.9,577.9,06.11.2021 13:01,468.2,468.3,604.6,604.4,487.4,771.8,771.3,800.7,800.2,715.1,81,79,06.11.2021 13:04,33.99,9.04,0.68,06.11.2021 13:02,620.4,615.2,618.6,609.5,614.9,608.1,620.3,617.4,616.3,610.2,615.8,611.1,625.4,619.3,617.5,613.4,621.1,613.8,558.3,536.5,620.4,615.2,618.6,609.5,614.9,608.1,620.3,617.4,616.3,610.2,615.8,611.1,625.4,619.3,617.5,613.4,621.1,613.8,558.3,536.5,248307329,6.11.2021 13:59,0.19,1,
06.11.2021 12:59,14,06.11.2021 13:01,168,524.6,499.5,34.1,69.8,536.9,509.9,39,16.5,547.1,515,45,7.8,566.7,535,29.8,9.6,595.4,556.4,23.1,0,629.6,600.3,33.4,3.3,633.3,633.2,9.8,22.8,632.9,633.2,10.9,22.6,659,664,649.1,637,633,631,631,636,650.9,670.9,680.1,681.9,632.1,10.9,658.8,663.9,648.9,637,633,631.1,631.1,635.9,651.1,671.1,680,681.9,631.9,4.7,659.1,664.1,649.1,637,633,631.1,630.9,635.9,651.1,671.1,680.1,682,631.9,3.5,06.11.2021 13:02,577.9,577.9,06.11.2021 13:02,467.2,467.2,603.6,603.5,487.3,770.6,770.2,800.3,799.9,714.5,81,79,06.11.2021 13:05,34.52,9.19,0.68,06.11.2021 13:02,620,614.6,618.5,613.4,616.2,606.5,619.6,616.2,616,613,613.8,607.6,624.8,619.3,617.7,614.3,618.2,609.8,557.4,536.1,620,614.6,618.5,613.4,616.2,606.5,619.6,616.2,616,613,613.8,607.6,624.8,619.3,617.7,614.3,618.2,609.8,557.4,536.1,248307357,6.11.2021 14:00,0.11,1,
06.11.2021 13:00,14,06.11.2021 13:03,168,524.3,499.7,36.9,67.9,537,510,38,15.6,547.1,514.9,45,8.8,566.8,535,28.8,9.5,594.6,556.3,30.6,0,630,600.2,29.6,4.4,633.1,633,11.7,24.8,633.1,633.1,9,23.5,659.1,664.1,649.1,637.1,633,631.1,631.1,636.1,651,670.9,679.9,681.9,631.9,12.8,659,664,649,637,633,631,631.1,636,651,670.9,679.9,681.9,632,4.3,658.9,664,649,637,632.9,631,631,636,651,671,680.2,682.1,632,0,06.11.2021 13:03,577.9,577.9,06.11.2021 13:03,463.7,463.8,600.8,600.6,486.8,772.3,771.9,800.8,800.5,715.1,81,78,06.11.2021 13:06,35.55,9.31,0.69,06.11.2021 13:04,621,615,619.1,613.7,614.8,607.9,619.8,616.7,615.8,613.2,615.9,610.7,623.9,619.1,618.7,614.7,618.5,610.5,558.8,536.6,621,615,619.1,613.7,614.8,607.9,619.8,616.7,615.8,613.2,615.9,610.7,623.9,619.1,618.7,614.7,618.5,610.5,558.8,536.6,248307446,6.11.2021 14:01,0.22,0,
06.11.2021 13:01,14,06.11.2021 13:04,168,524.7,499.4,33.1,70.8,537.2,510.1,36.2,14.6,547.1,514.8,45,9.8,566.9,535,27.9,9.4,594.6,556.2,30.7,0,629.8,600.2,31.5,4.5,633.2,633,10.7,25,632.9,633.1,10.8,23.4,659.1,664,649,636.9,633,631.1,631.1,636.2,651,671.1,680.1,682.1,631.9,12.9,659.1,664.1,649.3,637,633.1,631.2,631.1,636,650.9,671,679.9,682,632.3,1.2,658.9,664,649,637,633,631,631.1,636,651,670.9,680,681.9,632.3,0,06.11.2021 13:04,577.9,577.9,06.11.2021 13:04,469.5,469.5,607,606.8,487.4,773.6,773.1,801.3,800.9,714.8,81,78,06.11.2021 13:07,36.04,9.39,0.69,06.11.2021 13:05,620.2,614.9,618.4,614.6,613.9,608.3,619.6,616.2,615.9,613.4,615.4,611.1,625.4,618.7,616.6,614.9,619.4,614.7,557.4,537.5,620.2,614.9,618.4,614.6,613.9,608.3,619.6,616.2,615.9,613.4,615.4,611.1,625.4,618.7,616.6,614.9,619.4,614.7,557.4,537.5,248307763,6.11.2021 14:01,-0.01,1,
06.11.2021 13:01,14,06.11.2021 13:04,168,525,499.3,30,71.9,536.5,510.1,42.7,14.5,547,514.8,46,9.8,566.7,535,29.9,9.4,595.2,556.3,25.1,0,630.3,600.3,26.8,3.6,633.2,633,10.8,25.1,633,633.1,10,23.4,659,664.1,649,637,633,631.1,631.1,636.1,651,671.1,680,682,631.8,14,659.2,664.1,649.2,637.2,633.2,631,631,636.1,651,671.1,680,682,632.3,1,658.9,664,648.8,637,633,631,630.9,636.1,651,671,680.1,682.1,632.3,0,06.11.2021 13:04,577.9,577.9,06.11.2021 13:05,470.6,470.7,607.3,607.1,487.4,775.3,774.9,801.9,801.5,715.7,81,79,06.11.2021 13:08,35.65,9.44,0.7,06.11.2021 13:05,620,615.8,620.5,611.1,614.2,608,618.3,616.1,616.6,612.6,614.5,610.3,623.5,619,617.8,614.1,617.8,612.4,558.8,534.7,620,615.8,620.5,611.1,614.2,608,618.3,616.1,616.6,612.6,614.5,610.3,623.5,619,617.8,614.1,617.8,612.4,558.8,534.7,248307796,6.11.2021 14:06,0.18,1,
06.11.2021 13:02,15,06.11.2021 13:05,168,524.9,499.5,31,70.3,537,510.2,38.1,13.5,547,514.9,46,8.9,567.1,535.1,26.1,8.5,594.8,556.2,28.8,0,630.1,600.3,28.8,3.6,633.2,633,10.8,25.1,633,633.4,9.9,20.4,659,664,649,637,633,631.1,631,636,651,671,680.1,682.2,631.7,15,659.1,664,649.2,637.1,633,631.2,631.2,636,651,671.1,679.9,682,632.1,2.8,658.9,664,648.9,637,633,631,631,636,650.8,670.9,679.9,681.9,632.1,0,06.11.2021 13:05,577.9,577.9,06.11.2021 13:05,470.1,470.2,606.5,606.3,487.1,774,773.6,801.5,801,715.3,81,78,06.11.2021 13:10,36.11,9.45,0.7,06.11.2021 13:08,621.1,616.2,619.6,614.9,615.7,609.3,621.7,618.4,616.6,613.8,618.3,612.1,624.7,619.5,617.9,615.5,620.4,614.7,559.6,537.8,621.1,616.2,619.6,614.9,615.7,609.3,621.7,618.4,616.6,613.8,618.3,612.1,624.7,619.5,617.9,615.5,620.4,614.7,559.6,537.8,248307824,6.11.2021 14:07,0.16,1,
06.11.2021 13:06,15,06.11.2021 13:09,168,524.3,493.8,37.4,100,535.1,512.3,52.3,0,547.1,520.7,40.4,0,566.5,538.8,29.3,0,593.3,560.6,41,0,628.9,603,38,0,632.6,631.7,16.4,37.3,632,632.1,19.7,30,658.9,664,649,637,633,630.9,631,635.9,651,671,680.1,682.1,631.5,15.4,658.8,663.9,649,636.9,632.9,631.1,631,636,651,671,680.1,682,631.8,6,659.1,664,649,637,633,631,630.9,636,651,670.9,679.9,681.9,631.8,0,06.11.2021 13:09,577.9,577.9,06.11.2021 13:09,467.2,467.3,604.5,604.2,487.2,770.8,770.4,801.3,800.9,714.5,81,78,06.11.2021 13:12,36.33,9.28,0.68,06.11.2021 13:10,620.5,615.9,620.5,614.9,616.5,609.4,620.9,618.4,617.3,614.8,617.8,611.5,625.2,620.7,618.6,616.4,622.2,614.6,557,536.8,620.5,615.9,620.5,614.9,616.5,609.4,620.9,618.4,617.3,614.8,617.8,611.5,625.2,620.7,618.6,616.4,622.2,614.6,557,536.8,248308108,6.11.2021 14:07,0.12,1,
06.11.2021 13:07,15,06.11.2021 13:10,168,524.3,495,37.3,100,535.7,511.5,47.3,0.3,546.8,518.6,43.8,0,567,537,25,0,592.6,559.1,48.2,0,631.4,601.8,14.6,0,633,632.6,12.6,29.8,632.2,633.3,17.9,18.9,659,664,649,636.9,632.9,630.9,630.9,635.9,650.8,670.8,679.9,681.9,631.4,17,659,663.9,649.2,637,632.9,631,631,636,651,670.9,680,681.9,631.9,5.2,659,664,648.9,637,633,630.9,630.9,636,651,671,680,682,631.9,0,06.11.2021 13:10,577.9,577.9,06.11.2021 13:10,464.6,464.8,602.2,602,487.3,768.5,768.1,800.4,799.9,713.5,81,78,06.11.2021 13:13,36.04,9.27,0.72,06.11.2021 13:11,619.4,615.5,620.2,614.4,614.2,607.4,618.9,617,617.6,613.7,615.4,609.9,623.9,619.6,618.9,615.9,618.9,611.7,557.4,538.9,619.4,615.5,620.2,614.4,614.2,607.4,618.9,617,617.6,613.7,615.4,609.9,623.9,619.6,618.9,615.9,618.9,611.7,557.4,538.9,248308168,6.11.2021 14:08,0.17,1,
06.11.2021 13:08,15,06.11.2021 13:11,168,525.2,496.9,28.8,91.7,537,511,35.3,4.3,546.7,517.7,44.9,0,565.9,536.1,35.9,0,597.3,559.2,4.7,0,628.2,600.7,44.6,0,633.2,633,10.6,26.2,633.7,633.6,3.8,15.8,658.9,663.9,649,636.9,633,630.9,630.9,636,651,670.9,680,681.9,631.7,14.4,659.1,664.1,649.2,636.9,632.8,630.9,630.8,635.9,651,671,680,681.9,632,4.3,659,664.1,649,637,633,631,631.1,635.9,651.1,671,680,682.1,632,0,06.11.2021 13:11,577.9,577.9,06.11.2021 13:11,463.4,463.6,601.2,601,487,772.9,772.5,801.8,801.3,714.6,80,78,06.11.2021 13:14,35.72,9.38,0.69,06.11.2021 13:12,620.3,615.9,620,613.6,614.4,608.6,620.8,618.7,617.9,613.7,616,610.8,626,621.1,619.8,614.8,620.5,612.4,559.9,538.1,620.3,615.9,620,613.6,614.4,608.6,620.8,618.7,617.9,613.7,616,610.8,626,621.1,619.8,614.8,620.5,612.4,559.9,538.1,248308196,6.11.2021 14:10,0.37,0,
06.11.2021 13:08,14,06.11.2021 13:11,168,524.6,499.2,34.3,70.9,536,510.5,44.9,8.6,546.6,517,46.2,0,567.3,535.5,22.5,4.4,592.3,558.2,51.5,0,630.9,600.5,19.2,1.5,632.9,633.1,13.4,25.3,632.4,633.5,16.1,16.5,659,663.9,649.1,637,633,630.8,630.9,635.9,650.8,670.8,680,681.9,631.9,12.6,659.1,664.1,649.3,637,633.1,631.1,631.1,636,650.9,671,680,682,632,4.3,659.1,664,649,637.1,633,631,631,636,651,671,680.1,682.2,632,0,06.11.2021 13:11,577.9,577.9,06.11.2021 13:11,462.4,462.5,600.5,600.4,486.6,772.8,772.3,801.7,801.3,715,81,78,06.11.2021 13:14,35.45,9.37,0.69,06.11.2021 13:12,620.9,615.3,619.1,615.6,615.8,608.5,620.3,617.2,616.7,614.2,617.8,610.4,625,619.4,618.7,616.3,622.1,613.7,559.9,537.4,620.9,615.3,619.1,615.6,615.8,608.5,620.3,617.2,616.7,614.2,617.8,610.4,625,619.4,618.7,616.3,622.1,613.7,559.9,537.4,248308231,6.11.2021 14:12,0.3,0,
06.11.2021 13:11,14,06.11.2021 13:14,168,524.6,498.1,34.5,80.8,536.4,508.8,42.1,27.2,546.8,514.7,45.8,10.4,566.1,534.6,34.4,13.9,593.9,557.3,37,0,630.2,600.4,26.3,3.4,633.5,633.2,7.8,24.4,633.6,632.8,4.7,23.5,659,664,649,636.9,632.9,631,631,636,651.1,671,680.1,682.2,631.9,12.3,658.8,663.9,648.9,637,633,631.1,631.1,636,651.1,671.1,680,682,632,4.2,659,664,649,637.1,633,631.1,631.1,636,651,671,680,681.9,632,0,06.11.2021 13:14,577.9,577.9,06.11.2021 13:14,463.6,463.6,601.3,601,487,770.1,769.7,800.5,800.1,714.1,81,78,06.11.2021 13:17,35.55,9.15,0.68,06.11.2021 13:15,619.8,615.5,620.2,610.8,613.7,608.7,617.8,615.8,615.9,610.7,614.3,610.7,623,619.4,618.3,613.5,618,613.8,555.9,536.1,619.8,615.5,620.2,610.8,613.7,608.7,617.8,615.8,615.9,610.7,614.3,610.7,623,619.4,618.3,613.5,618,613.8,555.9,536.1,248308407,6.11.2021 14:12,0.2,1,
06.11.2021 13:12,14,06.11.2021 13:15,168,524.8,498.9,32.6,75.4,536.4,509.5,42.4,22.1,547,514.8,44.3,9.8,567.5,535.4,21.6,6.3,595.5,557.3,21.8,0,629.6,600.5,32,2.2,632.8,633.2,14.3,24.2,632.5,632.9,15,23.1,658.9,664,648.9,636.9,632.9,630.9,631,635.9,651,670.9,680,682,631.9,12.5,659,663.9,649.1,637,633,631.1,631,636.1,651,671,680,681.9,632,4.2,659.1,664,649,637.1,633.1,631,631.1,636.1,651,671,679.8,681.9,632,23.5,06.11.2021 13:15,577.9,577.9,06.11.2021 13:16,467.6,467.6,605.3,605.1,487.2,773.6,773.2,801.8,801.3,715.1,81,78,06.11.2021 13:19,35.45,9.34,0.7,06.11.2021 13:16,620,614.2,618.3,614.5,615.1,609.3,620.3,617.2,616.5,613.4,617.6,612.4,624.2,620.4,619.1,615.8,619.3,615,559.6,536.5,620,614.2,618.3,614.5,615.1,609.3,620.3,617.2,616.5,613.4,617.6,612.4,624.2,620.4,619.1,615.8,619.3,615,559.6,536.5,248308500,6.11.2021 14:13,0.2,1,
06.11.2021 13:13,14,06.11.2021 13:16,168,525,499.7,30.6,68.1,536.8,510,38.8,17.5,547.2,514.9,42.5,8.9,566.2,535.3,33.8,7,594.3,557.1,33.3,0,630.3,600.5,25.5,2,633.4,633.2,8.6,24.2,633.6,633,4.5,22.3,659,664.1,649,637,633,631,631,636,651,670.8,680,681.8,632,11.6,659.1,663.9,649.1,637.1,633.1,631,630.9,636,651,671,680,682,632,4.2,659,664,648.9,636.9,633,631,631,636,651,671,680,682.1,632,5.7,06.11.2021 13:16,577.9,577.9,06.11.2021 13:16,467.1,467.2,604.5,604.3,487.3,772.1,771.6,801.1,800.8,714.9,81,78,06.11.2021 13:19,35.23,9.34,0.7,06.11.2021 13:17,620.6,615,618.9,612.4,615.2,609.5,621.1,618.1,616.3,612.3,616.2,611.8,625,620.7,618.3,614.1,620,614.6,558.2,533.7,620.6,615,618.9,612.4,615.2,609.5,621.1,618.1,616.3,612.3,616.2,611.8,625,620.7,618.3,614.1,620,614.6,558.2,533.7,248308529,6.11.2021 14:16,0.22,0,
06.11.2021 13:13,14,06.11.2021 13:16,168,524.8,500.2,32.2,63.1,536.2,510.3,44.5,14.6,546.9,515,45.5,7.9,567.4,535.4,22.6,5.8,595.6,557.2,20.8,0,629.8,600.5,30.3,2,633,633.2,12.4,24.2,632.6,632.9,14,23.3,659,664,649,636.9,633,631,631,636.1,650.9,670.9,680,681.8,632,11.6,659,663.9,649.2,637,633,631,631,635.9,650.9,671,680,682,632,4.2,659,664,649.1,637,633,630.9,631,635.9,651.1,671,680,682,632,0,06.11.2021 13:16,577.9,577.9,06.11.2021 13:17,466.1,466.3,603.5,603.3,487,770.2,769.8,800.4,800,714.1,81,78,06.11.2021 13:20,35.11,9.28,0.69,06.11.2021 13:17,620.2,615.6,619.7,613,615.2,608,620.5,616.7,616.4,612.7,614.9,609,625.3,618.5,617.1,614.8,619.4,611.9,559.3,536,620.2,615.6,619.7,613,615.2,608,620.5,616.7,616.4,612.7,614.9,609,625.3,618.5,617.1,614.8,619.4,611.9,559.3,536,248308561,6.11.2021 14:17,0.09,1,
06.11.2021 13:16,15,06.11.2021 13:19,168,524.8,499.1,32,73.5,536.4,510.7,43,8.7,546.9,514.9,46,8.6,567.2,534.9,24.6,10.1,594.8,556.7,28.3,0,629.5,600.2,33.3,4.9,632.8,633.1,14.2,25.1,632.8,633.1,11.9,21.7,659,664.1,649,637,633,631.1,631.1,636,651,671,680,682.1,632,11.8,658.9,664,649.3,637.1,633.2,631.1,631.1,636,651,671.1,680.1,682.1,631.9,5.1,659,664,649,637.1,633.1,631.1,631.1,636,651.1,671,680,681.9,631.9,5.4,06.11.2021 13:19,577.9,577.9,06.11.2021 13:19,468.6,468.7,605.8,605.5,486.8,770.1,769.7,800.3,800,714,81,78,06.11.2021 13:22,35.23,9.34,0.69,06.11.2021 13:20,619,614,620.7,612.2,614.2,607.9,617,615.3,615.5,611.8,613.7,609.1,622.4,618.3,617.3,613,618,612.1,559.2,535.6,619,614,620.7,612.2,614.2,607.9,617,615.3,615.5,611.8,613.7,609.1,622.4,618.3,617.3,613,618,612.1,559.2,535.6,248308744,6.11.2021 14:17,0.15,1,
06.11.2021 13:17,15,06.11.2021 13:20,168,524.9,499.1,31,74.1,536.5,510.2,42.2,12.9,547,515,45.1,7.7,567.3,535,23.8,9.2,594.7,556.7,29.3,0,629.9,600.4,29.7,3.1,633,633.3,12.2,23.1,632.8,632.6,11.9,26.7,659,664.1,649,636.9,633,631,631,636.1,651,671,680.1,682.1,631.9,12.9,658.8,663.9,649.1,636.9,633,631,631,636,651,671,680,682,632,4.2,658.9,663.9,648.9,636.9,632.9,630.9,631,636,650.9,670.9,679.8,681.8,632,22.8,06.11.2021 13:20,577.9,577.9,06.11.2021 13:20,466.6,466.7,603.8,603.6,486.8,774,773.5,801.6,801.3,715,81,78,06.11.2021 13:23,35.23,9.08,0.68,06.11.2021 13:21,619.6,614.2,618.8,614.6,614.5,606.6,619.4,616.1,615.4,612.6,615,608.3,625.2,619.3,617.5,614.8,619.6,612.4,560.1,535.7,619.6,614.2,618.8,614.6,614.5,606.6,619.4,616.1,615.4,612.6,615,608.3,625.2,619.3,617.5,614.8,619.6,612.4,560.1,535.7,248308805,6.11.2021 14:18,0.12,1,
06.11.2021 13:18,14,06.11.2021 13:21,168,524.5,499.6,34.7,69.6,537,510.1,37.5,13.7,547.1,515,44.3,7.7,566.5,535.1,31.4,8.2,595.3,556.8,24,0,629.8,600.4,30.6,3,633.4,633.5,8.3,21.1,633.3,632.7,7.2,26,659,664,649,636.9,632.9,631.1,631,636.1,650.9,670.9,680,682,631.8,13.9,659.1,664,649.2,637.1,633.1,631.1,631,636,651.1,671,680,682,632,4.2,659,664,649,637,633,631.1,631,636,651,671,680,681.9,632,0,06.11.2021 13:21,577.9,577.9,06.11.2021 13:21,465.6,465.7,602.8,602.6,486.6,772.2,771.8,801.1,800.7,714.8,80,78,06.11.2021 13:24,35.11,9.19,0.69,06.11.2021 13:22,619.6,614.6,619.1,614.6,613.5,607.7,619.3,616.1,615.8,613.1,613.7,608.9,624.2,619.3,617.5,614.3,617.2,610.6,558.4,538.9,619.6,614.6,619.1,614.6,613.5,607.7,619.3,616.1,615.8,613.1,613.7,608.9,624.2,619.3,617.5,614.3,617.2,610.6,558.4,538.9,248308833,6.11.2021 14:18,0,1,
06.11.2021 13:18,14,06.11.2021 13:21,168,525.2,499.8,28,67.7,536.4,509.9,43.2,15.6,547.3,515,42.4,7.7,567.1,535,25.6,9.1,594.5,556.6,31.2,0,630.2,600.4,26.9,3,633,633.3,12.2,22.9,632.9,632.9,10.9,24.3,658.9,663.9,648.9,637,632.9,631,631,635.8,650.9,671,680,682,631.9,13.1,659.1,663.9,649,637,633,631.1,631,636,651.1,671,680,681.9,631.9,5.2,659,664.1,649.1,637,632.9,631,631.1,636,651,671,680,682,631.9,0,06.11.2021 13:21,577.9,577.9,06.11.2021 13:21,464.4,464.5,601.9,601.7,486.5,770.4,770,800.4,800,714.4,81,78,06.11.2021 13:24,35.25,9.17,0.68,06.11.2021 13:22,619.6,615.2,619.1,612.2,614.9,608.6,620.1,617.7,616.4,611.8,617.4,612.3,626.3,620.7,618,614.1,620.2,614.1,559.1,535,619.6,615.2,619.1,612.2,614.9,608.6,620.1,617.7,616.4,611.8,617.4,612.3,626.3,620.7,618,614.1,620.2,614.1,559.1,535,248308866,6.11.2021 14:18,0.23,0,
06.11.2021 13:19,14,06.11.2021 13:22,168,524.5,500,34.6,65.7,537,509.8,37.5,16.6,547.4,515.1,41.4,6.8,566.6,535.1,30.5,8.1,595.6,556.8,21,0,629.6,600.3,32.5,3.9,633,633.1,12.1,24.7,633.1,633.2,9,21.5,659,664,649,637,633,631.1,631,636,650.9,670.9,680,681.9,632,12.1,659.1,664,649.1,637,633,631,631,635.9,651,671,680,682,632.1,3.3,659.1,664,649,637,633.2,631.1,631,635.9,651,671,680,682.1,632.1,0,06.11.2021 13:22,577.9,577.9,06.11.2021 13:22,463.3,463.4,601,600.8,486.6,771.7,771.3,800.9,800.5,714.3,81,78,06.11.2021 13:25,35.23,9.09,0.68,06.11.2021 13:22,619.6,615.2,619.4,613.6,613.7,607.8,619.9,616.8,615.8,612.6,613.6,609.2,624.2,618.9,616.6,613,618.3,610.8,558.7,535,619.6,615.2,619.4,613.6,613.7,607.8,619.9,616.8,615.8,612.6,613.6,609.2,624.2,618.9,616.6,613,618.3,610.8,558.7,535,248308894,6.11.2021 14:19,0.15,1,
06.11.2021 13:19,14,06.11.2021 13:22,168,524.7,500.2,32.6,63.6,536.4,509.7,43.3,17.7,547,515,45.2,7.7,566.9,535,27.5,9,594.1,556.5,35.1,0,630.2,600.4,27,3,633.2,633.1,10.3,24.8,632.9,633.1,10.9,22.4,659.1,664,649,637,632.9,631,631,636,650.9,670.9,679.9,681.8,632,12.1,659.2,664.2,649.3,637,633,630.9,631.1,636,651,671,680,682,632.2,2.3,659.1,664.1,649.2,637,633,631,631,636,651.1,671.1,680.1,682.1,632.2,0,06.11.2021 13:22,577.9,577.9,06.11.2021 13:22,462.6,462.6,600.8,600.6,486.9,774,773.5,801.6,801.3,715.4,81,78,06.11.2021 13:25,35.6,9.28,0.7,06.11.2021 13:23,620.5,615.1,618.7,615.3,614.8,607.3,619.7,616.7,616.1,613.6,614.5,607.9,624.8,619.6,618.2,615.3,618,611.2,560,538.6,620.5,615.1,618.7,615.3,614.8,607.3,619.7,616.7,616.1,613.6,614.5,607.9,624.8,619.6,618.2,615.3,618,611.2,560,538.6,248308922,6.11.2021 14:19,0.13,1,
06.11.2021 13:20,15,06.11.2021 13:22,168,524.9,500,30.7,65.2,536.8,509.7,39.5,17.9,547,515,45.2,7.7,566.8,535,28.7,9,595.8,556.8,19.1,0,629.7,600.3,31.7,3.9,632.9,633.1,13.1,24.7,633.1,633.2,9,21.4,659.1,664.1,649,637,633,630.9,631,636,650.9,671,679.9,681.8,632.1,11.1,658.9,664,649.2,637.1,633,631.2,631,635.9,651.1,671.1,680,682,632.2,2.2,659,664.1,648.9,637,633,631.1,631.1,635.9,651.1,671.1,680,682.1,632.2,0,06.11.2021 13:23,577.9,577.9,06.11.2021 13:23,467,467,605.3,605.1,487.1,772.8,772.4,801.3,800.9,715,81,79,06.11.2021 13:26,35.72,9.26,0.7,06.11.2021 13:23,619,614.6,619.5,610.4,613.9,607.6,619.4,616.8,616.2,610.4,615.4,610.3,625.6,620.7,619.3,612.6,620,614,557,535.2,619,614.6,619.5,610.4,613.9,607.6,619.4,616.8,616.2,610.4,615.4,610.3,625.6,620.7,619.3,612.6,620,614,557,535.2,248308955,6.11.2021 14:20,0.3,0,
06.11.2021 13:20,14,06.11.2021 13:23,168,524,499.5,39.3,69.8,536.7,509.5,40.6,20,547.1,515,44.4,7.7,566.8,534.9,28.5,9.9,594.2,556.6,34.2,0,630.3,600.4,26,2.9,633.3,633.2,9.3,23.8,632.8,633.1,11.8,22.3,659.1,664.1,649,637.1,632.9,631,631,635.9,650.9,671,680,682,632.2,10.1,659.1,664.1,649.3,637.1,633.1,631.2,631.2,636.1,651.1,671.1,680.1,682.1,632.1,3.1,659,664.1,649.1,637.1,633.2,631.1,631.1,636.1,651.2,671.1,680.1,682.1,632.1,5,06.11.2021 13:23,577.9,577.9,06.11.2021 13:23,467.8,468,605.5,605.3,486.6,771,770.6,800.6,800.2,714.8,81,78,06.11.2021 13:26,35.72,9.34,0.7,06.11.2021 13:24,620.4,615.6,618.8,612,614.9,608,619.9,616.6,616,611.7,616.1,610.9,625.3,619.3,618.2,613.7,621.1,614.3,558.3,537.5,620.4,615.6,618.8,612,614.9,608,619.9,616.6,616,611.7,616.1,610.9,625.3,619.3,618.2,613.7,621.1,614.3,558.3,537.5,248308983,6.11.2021 14:21,-0.13,1,
06.11.2021 13:21,14,06.11.2021 13:24,168,524.6,500,33.7,65.2,536.8,509.7,39.7,18.5,547.1,514.9,44.5,8.6,566.6,535,30.4,8.9,594.5,556.7,31.4,0,630.2,600.4,27,2.9,632.9,633.2,13,23.8,632.9,632.8,10.9,25.3,659.1,664,649,637.1,633,631.1,631,636,651,671,680,682.1,632,11.9,659,664,649.1,637.1,633,631.1,631.1,636,651.2,671.2,680.1,682.1,631.9,5,659,664,649,637,633,630.9,631,636,651,671,679.9,681.9,631.9,11.8,06.11.2021 13:24,577.9,577.9,06.11.2021 13:24,466.3,466.5,603.7,603.6,486.8,774.1,773.8,801.7,801.3,714.9,80,78,06.11.2021 13:27,35.72,9.29,0.7,06.11.2021 13:25,620.2,614.9,619.1,613.4,614.4,608.6,620.1,617,616.5,613,614.8,610.4,624.6,619.9,618.7,614.5,617,611.8,561,537.5,620.2,614.9,619.1,613.4,614.4,608.6,620.1,617,616.5,613,614.8,610.4,624.6,619.9,618.7,614.5,617,611.8,561,537.5,248309044,6.11.2021 14:21,-0.03,1,
06.11.2021 13:21,14,06.11.2021 13:24,168,524.9,499.6,30.6,68.8,536.4,509.6,43.4,19.6,547.1,515,44.3,7.6,567.2,535,24.9,8.9,595.2,556.7,24.6,0,629.9,600.4,29.9,2.9,633.3,633.3,9.3,22.8,633,633,9.9,23.5,658.9,664.1,649,637,633,631.1,631.1,636.1,651,671.1,680,682.1,631.9,12.9,659,664.1,649.2,637.1,633.2,631.1,631.2,636.1,651.1,671.1,680.1,682,631.8,6.1,658.9,664,649,636.9,633,631,631,636.1,651.2,671,680,682,631.8,0,06.11.2021 13:24,577.9,577.9,06.11.2021 13:25,465.2,465.2,602.7,602.5,486.9,773.8,773.4,801.6,801.2,715.1,81,78,06.11.2021 13:28,35.87,9.32,0.7,06.11.2021 13:25,620.5,614.7,617.8,612.1,614,607.7,620.5,617.2,615.8,611.6,616.4,610.4,625.1,618.8,617.4,614.1,619.9,613.2,561,539,620.5,614.7,617.8,612.1,614,607.7,620.5,617.2,615.8,611.6,616.4,610.4,625.1,618.8,617.4,614.1,619.9,613.2,561,539,248309077,6.11.2021 14:23,0.06,1,
06.11.2021 13:22,14,06.11.2021 13:25,168,524.4,499.3,35.5,71.8,537.2,509.8,36,17.9,547.2,515,43.5,7.6,566.5,535,31.4,8.9,594.8,556.7,28.6,0,630.2,600.4,27,2.8,632.9,633.3,13,22.7,632.9,632.9,10.9,24.6,659,664.1,649,637,633,631.1,631,636,651,671.1,680,682.1,631.9,13,658.9,663.9,649,636.9,633.2,631.1,631.1,636,651.1,671.1,680.1,682,631.9,5.2,659.1,664,649,637,633,631.1,631.1,636,651.1,671,680,682,631.9,0,06.11.2021 13:25,577.9,577.9,06.11.2021 13:25,464.1,464.1,601.8,601.6,486.8,772.1,771.7,801,800.6,715.2,81,78,06.11.2021 13:28,35.87,9.18,0.68,06.11.2021 13:26,619.7,614.8,618.1,612,613.8,607.8,619.6,617.3,615.7,612.4,614.1,610.2,625.5,621.7,618.5,614,619,612.9,559,535.3,619.7,614.8,618.1,612,613.8,607.8,619.6,617.3,615.7,612.4,614.1,610.2,625.5,621.7,618.5,614,619,612.9,559,535.3,248309105,6.11.2021 14:24,0.12,1,
06.11.2021 13:25,15,06.11.2021 13:28,168,524.6,499.2,33.3,73,536.5,510.2,42.7,13.6,547.3,514.9,42.7,8.6,566.8,535,28.8,8.9,595.3,556.6,23.8,0,629.7,600.1,31.8,6,633.2,633.1,10.1,24.7,632.9,633,10.9,23.2,659,664,649,637,633,631,631,636,650.9,670.9,680,682,632.1,11.2,659,664,649.4,637.2,632.9,631,630.9,635.9,651.1,671,680,682.1,632,4.1,659,664,649.1,637.1,633.1,631.1,631,635.9,651.1,671,680,682.1,632,0,06.11.2021 13:28,577.9,577.9,06.11.2021 13:28,467.5,467.6,604.9,604.6,487,770.3,770,800.3,799.9,714.4,81,79,06.11.2021 13:31,35.67,9.35,0.7,06.11.2021 13:29,619.6,613.9,618.3,612.4,615.2,609.5,619,616.1,615.4,612.1,615,611.2,624.7,618.5,617.9,614.1,619.1,613.7,557.4,536.5,619.6,613.9,618.3,612.4,615.2,609.5,619,616.1,615.4,612.1,615,611.2,624.7,618.5,617.9,614.1,619.1,613.7,557.4,536.5,248309288,6.11.2021 14:26,0.03,1,
06.11.2021 13:25,14,06.11.2021 13:28,168,524.5,499,34.4,75.2,536.9,510.3,39,12.5,547,514.8,45.5,9.6,566.8,535,28.9,8.9,594.4,556.5,32.4,0,630.5,600.3,24.2,4.2,633,633.2,12,23.8,633,632.9,9.9,24.3,659,664,649,637,632.9,631,631,636,651,671,680,681.9,632,12.1,659.2,664.2,649.4,637.1,633.1,631.2,631.2,636.1,651.1,671.1,680,682.1,631.9,5.1,659,664,649,637,633,631.1,631,636.1,651,671.1,680.2,682.2,631.9,0,06.11.2021 13:28,577.9,577.9,06.11.2021 13:28,466.4,466.5,603.8,603.6,487,774.5,774.2,801.8,801.4,715.3,81,78,06.11.2021 13:31,35.87,8.74,0.67,06.11.2021 13:29,618.5,614.4,619.1,613.9,613,607.2,617.4,615.5,615.9,612.6,614.6,610,622.8,618.7,618.2,614.8,620,612.1,560.9,538.3,618.5,614.4,619.1,613.9,613,607.2,617.4,615.5,615.9,612.6,614.6,610,622.8,618.7,618.2,614.8,620,612.1,560.9,538.3,248309320,6.11.2021 14:26,0.41,0,
06.11.2021 13:27,14,06.11.2021 13:30,168,524.9,499.7,30.6,69.1,536.5,510,42.7,15,547,514.9,45.6,8.8,566.9,535,28,8.9,595.1,556.6,25.7,0,630.3,600.5,26.1,2.3,633.2,633.3,10.2,22.6,632.9,633,10.9,23.7,659,664,648.9,637.1,633.1,631.1,631,636,651,671.1,680,682,632,12.3,658.9,664,649.2,637,633,631.2,631.2,636,651.1,671.1,680.1,682,632,4.3,659,664,648.9,637.1,633,631,631,636,651,671,680,682,632,11.2,06.11.2021 13:30,577.9,577.9,06.11.2021 13:30,463.1,463.1,601.1,600.9,486.8,770.8,770.3,800.5,800,714.8,81,78,06.11.2021 13:33,35.69,9.17,0.69,06.11.2021 13:31,619.8,614.8,619.6,613.7,613.4,607.3,620.8,617.8,616.9,612.8,616,610.9,623.5,619.9,617.6,613.7,619.4,613.5,561.4,539.4,619.8,614.8,619.6,613.7,613.4,607.3,620.8,617.8,616.9,612.8,616,610.9,623.5,619.9,617.6,613.7,619.4,613.5,561.4,539.4,248309410,6.11.2021 14:41,0.33,0,
06.11.2021 13:37,14,06.11.2021 13:40,168,524.4,499.2,35.2,69.1,536.7,509,39.3,23.3,547,514.8,44.3,9.1,567,534.4,26.1,15.2,594,557.2,35.7,0,629.2,600,36.2,6.7,632.8,633.1,13.9,23.5,632.8,632.9,12.1,24.5,659.1,664.1,649,637,632.9,631,630.9,635.9,650.9,670.9,679.9,681.9,632,11.2,658.9,663.9,649.2,637,633,631,630.9,636,650.9,671,680,681.9,631.9,5.3,659,664,649.1,637,633,631.1,631,636,651.1,671.1,680,682,631.9,0,06.11.2021 13:40,577.9,577.9,06.11.2021 13:40,464.6,464.6,603,602.8,486.6,773.1,772.7,801.5,801.1,714.9,81,79,06.11.2021 13:43,35.45,8.79,0.65,06.11.2021 13:41,621.3,615.4,619.9,611.4,615.4,609.9,620.8,618,616.9,611.9,616.7,612.8,625.9,621.2,619.1,613.5,620.5,615.5,556.6,537.3,621.3,615.4,619.9,611.4,615.4,609.9,620.8,618,616.9,611.9,616.7,612.8,625.9,621.2,619.1,613.5,620.5,615.5,556.6,537.3,248310072,6.11.2021 15:14,0.33,0,
06.11.2021 14:15,14,06.11.2021 14:17,168,516.6,496.9,29.9,84.4,529.6,514,52.8,0,546.3,520.8,50.9,0,567.2,538.4,24.8,0,589.6,559.4,40.8,0,622.1,599.2,20,16.9,633.4,632.7,8.9,23.6,633.1,632.9,6.8,21.9,659,664,648.8,636.8,632.8,630.8,630.7,635.9,650.8,670.8,680,682.1,631.6,11.6,658.9,664,649.1,637.2,633,631.1,631.1,636,651.1,671.1,680,682,632.4,0.1,658.9,663.9,649.1,637,633,631,631,636,651,670.9,679.9,681.9,632.4,0,06.11.2021 14:18,578.2,578.2,06.11.2021 14:18,463.8,464,605.5,605.3,485.8,769,768.7,801.6,801.2,712.8,81,79,06.11.2021 14:21,34.52,8.97,0.68,06.11.2021 14:18,622.6,617.8,622.6,612.8,616.7,610.4,622.3,620.2,618.7,613,617.5,612.4,626.8,621.2,620,614.5,621.1,615.6,556.7,536.4,622.6,617.8,622.6,612.8,616.7,610.4,622.3,620.2,618.7,613,617.5,612.4,626.8,621.2,620,614.5,621.1,615.6,556.7,536.4,248312736,6.11.2021 15:39,0.13,1,
06.11.2021 14:18,14,06.11.2021 14:21,168,522.3,498.3,37.1,72.9,536.9,509.1,37.6,22.3,547.2,516.5,43.2,0,566.7,535,30.2,8.1,596.7,558.5,11.2,0,627.2,600.9,32.5,0.7,632.9,632.7,13.7,24.9,632.6,632.8,12.2,24,659.1,664.1,648.9,636.8,632.8,630.9,630.8,635.9,650.8,670.7,679.8,681.9,631.6,12.8,659.2,664.2,649.3,637.1,633.1,631.1,631.1,635.9,651,671,679.9,682,632,3.8,659,664,649.1,637,633,631,631,635.9,651.1,671.1,680,682.1,632,28.7,06.11.2021 14:21,578.2,578.2,06.11.2021 14:21,464.3,464.4,604.9,604.7,485.1,767.8,767.4,800.6,800.2,713,81,79,06.11.2021 14:24,34.64,8.95,0.69,06.11.2021 14:21,622.8,617.8,620,612.4,616.7,609.7,622.9,619.8,617.9,612.6,619.1,613.3,625.6,621.5,619.2,614.9,621.2,613.6,560.1,537.5,622.8,617.8,620,612.4,616.7,609.7,622.9,619.8,617.9,612.6,619.1,613.3,625.6,621.5,619.2,614.9,621.2,613.6,560.1,537.5,248312945,6.11.2021 15:53,0.18,1,
06.11.2021 14:40,14,06.11.2021 14:43,168,521,501.1,37.4,50.4,536.4,510.8,42.1,4.5,546.8,517.3,45.3,0,567.2,536.1,24.2,0,593.2,559.6,45.7,0,628.7,600.1,34,5.6,633,633.2,12.3,21.5,632.8,632.9,11.2,23.2,659,664,648.9,636.9,633,630.9,630.9,636,650.8,671,680.1,682.2,632,10.3,658.9,663.9,649,637,632.9,631,631,635.9,650.8,670.9,680,682,632.3,1.2,658.9,664,648.9,637,633,631,630.9,635.9,651,671,680,682,632.3,0,06.11.2021 14:43,578.05,578.05,06.11.2021 14:43,463.5,463.6,603.7,603.5,485.6,770,769.6,801.6,801.2,713.3,81,79,06.11.2021 14:46,34.72,9.49,0.76,06.11.2021 14:43,622.2,618,622.2,615,616.9,609.8,623.1,620.3,618.7,615.4,619.4,612.5,626.7,620.7,619.3,615.6,621.9,613.9,561.2,537.5,622.2,618,622.2,615,616.9,609.8,623.1,620.3,618.7,615.4,619.4,612.5,626.7,620.7,619.3,615.6,621.9,613.9,561.2,537.5,248314348,6.11.2021 15:55,0.24,0,
06.11.2021 14:54,15,06.11.2021 14:57,168,524.8,499,31.7,72.1,536.6,510,40.8,15.8,547,515,44.6,7.2,566.5,534.9,31.1,10.1,596.2,556.8,15.3,0,629.9,600.3,29.9,4,633,633.1,12.1,23.7,632.9,633.1,10.4,22.8,659,664.1,649,636.9,632.9,630.9,631,636,650.8,670.9,679.9,681.9,632,11.6,659,664,649,637.3,633.1,631.1,631.1,635.9,651.1,671.2,680.1,682.1,632,4.1,658.9,664.1,649.1,637,633,630.9,631,635.9,651.2,671.1,680,682.1,632,0,06.11.2021 14:57,577.96,577.96,06.11.2021 14:57,463.8,463.8,603.3,603.2,486.3,769.5,769,800.6,800.1,713.8,80,78,06.11.2021 15:02,36.11,9.83,0,06.11.2021 14:57,620.9,615.9,619.5,611.7,615,608.5,620.2,616.9,616.4,612.4,615.8,610.8,625.8,618.9,617.2,613.5,620.4,613.4,557.2,535,620.9,615.9,619.5,611.7,615,608.5,620.2,616.9,616.4,612.4,615.8,610.8,625.8,618.9,617.2,613.5,620.4,613.4,557.2,535,248315258,6.11.2021 16:19,0.11,1,
06.11.2021 15:19,14,06.11.2021 15:22,168,524.8,498.8,31.3,75.3,536.8,509.4,39.7,20.6,547.3,514.7,42.4,10.6,566.6,535.1,30.3,8.6,593.6,556.7,39.8,0,630.5,600.5,23.3,3.2,633,633,12,25.1,633.2,633,8.1,22,659.1,664,649,636.9,632.9,631,630.9,635.9,651,671,679.9,681.8,631.9,12.8,658.8,663.9,649,637.1,633,631.2,631.2,636.1,651.1,671.2,680.1,682.1,632,4.1,659,664,649,637,633,631.1,631,636.1,651,671.1,680.1,682.1,632,0,06.11.2021 15:22,577.96,577.96,06.11.2021 15:23,465.5,465.6,604.5,604.4,486.3,773.6,773.2,801.6,801.2,715.2,81,78,06.11.2021 15:25,36.89,8.79,0.67,06.11.2021 15:23,619.3,614.1,618.6,613,614.4,608.7,620.1,617.2,616.2,612.3,616.5,608.4,625,619.7,617.8,614.6,620.2,611.2,557.1,535.6,619.3,614.1,618.6,613,614.4,608.7,620.1,617.2,616.2,612.3,616.5,608.4,625,619.7,617.8,614.6,620.2,611.2,557.1,535.6,248317137,6.11.2021 16:36,0.17,1,
06.11.2021 15:35,14,06.11.2021 15:38,168,524.4,499.5,35.2,70.3,536.9,510,38.9,14.9,547.1,515,44.4,7.4,566.7,535,29.5,8.6,594.2,556.4,34,0,629.7,600.3,31,4.7,633.1,633.1,11.1,24.6,632.7,633,12.8,22.5,659.1,664.2,649,636.9,633,631,631,636,651,671,680,681.9,632.1,11,659.1,664,649.1,637.2,633.1,631.3,631.3,636.1,651.1,671.1,680.1,682.1,632,4.4,659,664,649,637,633.1,631.1,631.1,636.1,651.1,671.1,680.1,682,632,15.7,06.11.2021 15:39,577.96,577.96,06.11.2021 15:39,464.8,464.8,603.3,603,486.6,773,772.6,801.2,800.8,715.1,81,78,06.11.2021 15:42,36.82,9.48,0.7,06.11.2021 15:39,618.9,613.7,618.5,614.3,613.4,605.8,618.9,616,615.2,612.1,614.1,608.2,623.7,619.3,618.1,615,617.9,611.5,557.8,536.1,618.9,613.7,618.5,614.3,613.4,605.8,618.9,616,615.2,612.1,614.1,608.2,623.7,619.3,618.1,615,617.9,611.5,557.8,536.1,248318169,6.11.2021 16:36,0.18,1,
06.11.2021 15:36,14,06.11.2021 15:39,168,524.4,499.1,35.2,74.6,537.1,509.8,37,16.9,547.2,514.9,43.5,8.4,566.6,534.9,30.5,9.5,594.6,556.5,30.2,0,629.9,600.4,29.2,3.8,633.3,633.3,9.2,22.6,632.9,632.9,10.9,23.6,659.1,664.1,649,637.1,633,631,631.1,636.1,651,671.1,680,682,632.1,10.9,659,664,649.1,637,633.1,631.1,631.1,636.1,651,671,680.1,682,632.4,0.3,658.9,664,649,637,633,631,630.9,636.1,651.1,670.9,680,682.1,632.4,0,06.11.2021 15:39,577.96,577.96,06.11.2021 15:40,462.6,462.7,601.5,601.2,486,773.5,773.1,801.3,800.8,715,80,78,06.11.2021 15:43,36.79,9.43,0.7,06.11.2021 15:40,619.6,614.6,617.6,610.6,614.1,608.3,619.8,617.1,615.5,610.4,615.8,611.1,624,619.6,617.3,612.5,618.5,612.6,558.5,533.2,619.6,614.6,617.6,610.6,614.1,608.3,619.8,617.1,615.5,610.4,615.8,611.1,624,619.6,617.3,612.5,618.5,612.6,558.5,533.2,248318229,6.11.2021 16:37,0.2,1,
06.11.2021 15:37,15,06.11.2021 15:40,168,525,499.4,29.4,72,536.5,509.9,42.6,15.9,547.2,514.9,43.4,8.4,567.1,534.9,25.8,9.5,595.2,556.5,24.4,0,630.3,600.5,25.4,2.8,633.1,633.1,11,24.5,633,633.2,9.9,20.8,659,664,649.1,637.1,633.1,631.1,631,636,651,671,680,682,632,11.8,659.1,664.1,649,637.1,633,631,631,636,651.1,671,680,682,632.3,1,658.9,663.9,649,637.1,633,631,631,636,651.1,671,680,681.9,632.3,0,06.11.2021 15:40,577.96,577.96,06.11.2021 15:40,461.5,461.6,600.5,600.3,486,771.6,771.2,800.6,800.2,714.9,80,78,06.11.2021 15:43,36.72,8.85,0.67,06.11.2021 15:40,620,614.1,617.7,610.2,614.5,609,620.6,616.5,615,610.6,616.9,612,625.3,618.5,616.9,612.9,619,614.1,561.2,533.2,620,614.1,617.7,610.2,614.5,609,620.6,616.5,615,610.6,616.9,612,625.3,618.5,616.9,612.9,619,614.1,561.2,533.2,248318258,6.11.2021 16:37,0.14,1,
06.11.2021 15:37,14,06.11.2021 15:40,168,524.7,499.8,32.2,68.2,537.1,510,37,15,547.2,515,43.5,7.4,566.6,535,30.5,8.6,594.8,556.4,28.3,0,629.9,600.3,29.2,4.6,633,633,11.9,25.4,632.9,633.4,10.8,18.8,659.1,664,649.1,637,633,631,631,636.1,651,671.1,680,682.1,632,11.9,659.2,664.1,649.3,637.2,633.1,631.1,631.2,636,651.1,671.1,680,682,632.1,2.8,658.9,663.9,649,637,633,631,631,636,650.9,671,679.9,681.9,632.1,0,06.11.2021 15:40,577.96,577.96,06.11.2021 15:41,464.6,464.6,604.5,604.3,486.1,771,770.5,800.4,800,714.9,80,78,06.11.2021 15:44,36.82,9.11,0.73,06.11.2021 15:41,618.5,613,617.5,613,613.6,604.8,618.4,615.6,614.6,611.8,614,606.6,623.5,618,617,614.6,619.1,610.2,559.3,538.9,618.5,613,617.5,613,613.6,604.8,618.4,615.6,614.6,611.8,614,606.6,623.5,618,617,614.6,619.1,610.2,559.3,538.9,248318291,6.11.2021 16:38,0.02,1,
06.11.2021 15:38,14,06.11.2021 15:41,168,524.4,500,35,66.2,536.7,509.9,40.7,16,547.1,515,44.4,7.4,567.1,535,25.9,8.6,594.9,556.4,27.2,0,630.2,600.3,26.3,4.7,633.3,633,9.2,25.5,632.9,633.3,10.9,19.6,659,664.1,649,636.9,633,631,631,636,651.1,671.1,680,682.1,631.9,12.9,659.2,664.1,649.2,637.3,633.1,631.2,631.2,636.1,651.1,671.1,679.9,682,631.9,4.6,658.9,663.9,648.9,636.9,632.9,631,630.9,636.1,651,671,680,681.9,631.9,0,06.11.2021 15:41,577.96,577.96,06.11.2021 15:41,467.4,467.4,606.3,606.1,486.5,774.6,774.1,801.6,801.2,715.6,80,78,06.11.2021 15:44,36.7,9.2,0.78,06.11.2021 15:41,618.6,612.8,618,612.3,615.2,607.6,618.7,615.4,614.6,611.4,616.7,610.6,624.5,619.5,617.2,613.7,621.2,613.6,557.9,537.9,618.6,612.8,618,612.3,615.2,607.6,618.7,615.4,614.6,611.4,616.7,610.6,624.5,619.5,617.2,613.7,621.2,613.6,557.9,537.9,248318319,6.11.2021 16:38,0.06,1,
06.11.2021 15:38,14,06.11.2021 15:41,168,524.7,500,32.2,66,537,509.8,37.9,17,547.3,515.1,42.5,6.4,566.6,534.9,30.5,9.5,595.2,556.5,24.5,0,630,600.2,28.2,5.6,633,632.9,12,26.6,632.9,633.2,10.9,20.4,658.9,664,649,637.1,633,631,631,636.1,651.1,671.1,680,681.9,631.9,12.9,659.1,664,649.3,637.2,633.1,631,631.1,636.1,651.2,671.1,680,682,631.8,5.7,659,664,648.9,636.9,633,631,631,636.1,650.9,671,679.9,681.9,631.8,0,06.11.2021 15:41,577.96,577.96,06.11.2021 15:41,467.5,467.5,605.8,605.6,486.5,774.1,773.6,801.5,801.1,715.6,80,78,06.11.2021 15:44,36.82,9.22,0.79,06.11.2021 15:42,617.4,612.4,617.6,613,613.1,604.4,618.6,615.7,614.6,611.5,613.6,607,623.7,619.6,617,613.2,618.2,608.6,558.6,537.3,617.4,612.4,617.6,613,613.1,604.4,618.6,615.7,614.6,611.5,613.6,607,623.7,619.6,617,613.2,618.2,608.6,558.6,537.3,248318351,6.11.2021 16:39,0.18,1,
06.11.2021 15:39,14,06.11.2021 15:42,168,524.6,500,33.2,65.8,536.8,509.7,39.8,18.1,546.9,515,46.3,7.3,567.2,535,24.9,8.5,594.7,556.4,29.1,0,630.1,600.2,27.3,5.7,633.3,633,9.2,25.8,633,633.2,10,20.4,659,664,649,636.9,633,631,631,636,651.1,671.1,680.1,682,631.9,13,659,664.1,649.1,637.1,633.1,631.1,631.2,636.2,651.2,671.2,680.1,682.1,631.8,5.8,659.1,664,649.1,637.1,633,631.1,631,636.2,650.9,670.9,679.9,681.9,631.8,0,06.11.2021 15:42,577.96,577.96,06.11.2021 15:42,466.7,466.8,605,604.7,486.3,772.4,772,801,800.5,715.3,80,78,06.11.2021 15:45,36.52,9.23,0.78,06.11.2021 15:42,620.1,613,617.6,609.5,614.5,609.5,620.2,615.7,614.4,610.1,616.5,612.7,624.2,617.3,616.2,612.4,618.8,615,557.8,536.6,620.1,613,617.6,609.5,614.5,609.5,620.2,615.7,614.4,610.1,616.5,612.7,624.2,617.3,616.2,612.4,618.8,615,557.8,536.6,248318380,6.11.2021 16:40,0.09,1,
06.11.2021 15:39,15,06.11.2021 15:42,168,524.7,499.4,32.2,71.5,537,509.7,37.9,18.3,547.4,515,41.6,7.3,566.7,534.9,29.6,9.5,595.1,556.4,25.4,0,629.9,600.2,29.1,5.7,633,633.1,12,24.9,633,633.2,9.9,20.3,659,663.9,649,637,633,630.9,631,636.1,651.1,671,680,681.9,631.9,13.1,658.9,664,649.2,637,633,631.1,631,636,651.1,671.1,680,682,631.8,6,659,664,649.1,637,633.1,631,631.1,636,651.1,671,679.9,682,631.8,0,06.11.2021 15:42,577.96,577.96,06.11.2021 15:42,465.7,465.8,603.9,603.7,486.5,770.5,770,800.2,799.8,714.8,80,78,06.11.2021 15:45,36.82,9.25,0.78,06.11.2021 15:43,618.3,613.3,617.5,611.8,612.6,607,618.7,616,615.5,611.7,614.6,609,623.9,617.8,616.1,613.5,618.8,611.7,560.2,536,618.3,613.3,617.5,611.8,612.6,607,618.7,616,615.5,611.7,614.6,609,623.9,617.8,616.1,613.5,618.8,611.7,560.2,536,248318412,6.11.2021 16:41,0.15,1,
06.11.2021 15:40,15,06.11.2021 15:43,168,524.5,499.3,34.1,72.8,537,510,37.9,15.7,547.4,514.9,41.6,8.3,566.8,535,28.7,8.5,595.2,556.4,24.4,0,629.8,600.3,30.1,4.9,632.9,633.3,12.8,22.9,632.9,633,10.9,22.3,659,664,649,637,633,630.9,631,636.1,651,671,680,681.9,632.1,11.2,658.9,663.9,649,637,633,631.1,631,636,651,670.9,680,681.9,632,4.2,659,664,649,637,633,631,631,636,651.1,671,680.1,682.1,632,0,06.11.2021 15:43,577.96,577.96,06.11.2021 15:43,463.4,463.5,602,601.8,486.1,775,774.5,801.8,801.4,715.8,80,78,06.11.2021 15:46,36.79,9.37,0.78,06.11.2021 15:44,619.5,613.2,617.6,609.7,615,607.5,619.4,616.1,614.9,610.1,615.2,609.9,624.4,618.6,617.3,612.4,617.8,611.6,559.9,536.2,619.5,613.2,617.6,609.7,615,607.5,619.4,616.1,614.9,610.1,615.2,609.9,624.4,618.6,617.3,612.4,617.8,611.6,559.9,536.2,248318473,6.11.2021 16:41,0.26,0,
06.11.2021 15:41,15,06.11.2021 15:44,168,524.6,499.6,33,70.3,537,510.2,37.9,13.7,547.4,515,41.5,7.4,566.8,535,28.6,8.4,595,556.3,26.1,0,629.9,600.3,29.1,4.9,632.7,633,14.7,25.6,632.8,633,11.9,22.3,659,664.1,649.1,637,633,630.9,631,636,651,671,679.9,682,632.1,11.1,659.1,664,649,637.1,633,631.1,631.1,636,651,670.9,680,681.9,632,4.2,658.9,664,649,637,633.1,630.9,630.9,636,651,671,680.1,682,632,0,06.11.2021 15:44,577.96,577.96,06.11.2021 15:44,461.4,461.4,600.4,600.3,486,771.9,771.5,800.7,800.3,714.9,80,78,06.11.2021 15:47,36.55,9.35,0.77,06.11.2021 15:45,620,614.3,618.2,611.2,614.8,607.4,619.9,616.3,615.2,610.3,617.4,611.2,624.1,618.3,616.9,613.2,619.9,612.1,558.2,536.8,620,614.3,618.2,611.2,614.8,607.4,619.9,616.3,615.2,610.3,617.4,611.2,624.1,618.3,616.9,613.2,619.9,612.1,558.2,536.8,248318534,6.11.2021 16:42,0.15,1,
06.11.2021 15:43,14,06.11.2021 15:46,168,524.6,500,33,66.2,536.9,510.3,38.9,12.3,547.1,515.1,44.3,6.4,566.7,535,29.6,8.4,595.1,556.4,25.4,0,630,600.4,28.1,3.9,633.1,633.2,10.9,23.8,633,633.1,9.9,21.4,659.1,664.1,649,636.9,633,631.1,631.1,636.2,651.1,671.1,680,682.2,632,11.9,659.1,664.1,649.1,637.1,633,631.1,631.1,636,650.9,670.9,679.9,682,631.9,5.1,659,664,648.9,637,633,631,631,636,651,671,680.1,682.1,631.9,8.2,06.11.2021 15:46,577.96,577.96,06.11.2021 15:46,464.6,464.6,603.3,603,486,773.9,773.5,801.4,801,715.7,80,78,06.11.2021 15:49,36.82,9.33,0.79,06.11.2021 15:46,618.9,613.7,617.8,608.9,613.4,608.3,619.2,616.2,615.2,609.3,614.4,611,624.4,618.9,617.4,612.4,618.2,611.9,558.1,534.8,618.9,613.7,617.8,608.9,613.4,608.3,619.2,616.2,615.2,609.3,614.4,611,624.4,618.9,617.4,612.4,618.2,611.9,558.1,534.8,248318623,6.11.2021 16:48,0.21,0,
06.11.2021 15:47,14,06.11.2021 15:50,168,514,501.7,66.6,46.2,536.9,513.6,8.7,0,546.1,524.7,50.8,0,565.5,542.3,40.5,0,596.2,564.2,15.5,0,629.6,605.1,16.6,0,633.5,632.9,7.3,24.7,633.9,632.2,1,27.3,659,664.1,649.1,637,633,631,631.1,636,651.1,671,680,681.9,632.7,3.3,658.9,663.9,648.9,637,632.9,631.1,631.1,636,651.1,671.2,680.1,682,632,4.3,659,664.1,649,637.1,633.1,631.1,631,636,651,671,680.2,682.2,632,76.3,06.11.2021 15:50,578.26,578.26,06.11.2021 15:50,464.4,464.5,604.9,604.7,486.2,768.6,768.3,801,800.6,714.1,81,78,06.11.2021 15:53,36.62,9.08,0.72,06.11.2021 15:51,621.2,616.9,621.4,612.8,614.1,605.9,619.1,617.4,618.3,612.6,616.5,609,623.8,619.6,619,614.9,620.7,611.5,557,536.6,621.2,616.9,621.4,612.8,614.1,605.9,619.1,617.4,618.3,612.6,616.5,609,623.8,619.6,619,614.9,620.7,611.5,557,536.6,248318924,6.11.2021 16:49,0.3,0,
06.11.2021 15:49,15,06.11.2021 15:52,168,520.6,494.1,30.4,100,534.4,512.6,58.2,0,546.6,520.5,46.6,0,567.8,538.8,18.4,0,594.2,560.9,34.6,0,631.3,602.9,15.5,0,632.7,632.4,14.9,31.1,632.6,632.8,13.5,23.2,659,664,648.9,636.9,632.9,630.9,631,635.9,651,671,680,682,631.5,14.6,659,664,649.2,637.1,633,631.1,631,636,651,671,680,681.9,631.9,5.2,659,664,649,637,633,631.1,631,636,651.1,671.1,680.1,682.1,631.9,0,06.11.2021 15:52,578.2,578.2,06.11.2021 15:52,463.5,463.6,603,602.8,486.5,772,771.5,801.7,801.3,714.5,80,78,06.11.2021 15:55,36.52,9.23,0.73,06.11.2021 15:52,622,615,619.6,610.2,617,612.1,621.2,617.8,616.5,610.8,617.8,613.5,626,620.9,619.1,612.9,620.6,613.1,558.7,536.8,622,615,619.6,610.2,617,612.1,621.2,617.8,616.5,610.8,617.8,613.5,626,620.9,619.1,612.9,620.6,613.1,558.7,536.8,248319013,6.11.2021 16:49,0.11,1,
06.11.2021 15:49,14,06.11.2021 15:52,168,521.2,495.6,33.5,100,538.6,512.1,21.5,0,547.6,519.5,37.1,0,565.8,537.7,37.6,0,596.6,560.7,12.7,0,629,602,37.2,0,633.3,632.7,9.1,28.6,633.1,633.2,8.5,19.4,659,664.1,648.9,636.9,632.9,631,631,636,651,671,680,682.2,631.5,14.8,659,664,649,636.9,633,631.1,631.1,636,651.1,671,680,682,632,4.3,659,664,648.9,636.9,633,631,631,636,651.1,671,680,682,632,0,06.11.2021 15:52,578.2,578.2,06.11.2021 15:52,462.3,462.5,601.9,601.7,486.2,770.9,770.5,801.3,800.9,714.5,80,78,06.11.2021 15:55,36.6,9.09,0.73,06.11.2021 15:53,620.7,614.6,618.7,614.6,614.6,607.2,620.7,617.8,616.6,613.4,616.6,609.1,625.4,620,618.3,615.9,620.9,613,559.6,538.6,620.7,614.6,618.7,614.6,614.6,607.2,620.7,617.8,616.6,613.4,616.6,609.1,625.4,620,618.3,615.9,620.9,613,559.6,538.6,248319046,6.11.2021 16:50,0.29,0,
06.11.2021 15:50,15,06.11.2021 15:53,168,522.7,497.9,27.4,83.9,535.1,511.6,54.4,0,546.6,518.5,46.7,0,567.6,537,20.3,0,593.3,559.5,43,0,630.5,601.5,23,0,632.9,633,12.9,26,633.1,633.2,8.7,19.4,658.9,664,649,637,633,631,631,636,651,671,680.1,682.1,631.6,14.2,659,664,649.3,637,633.1,631.2,631.1,636,650.9,670.9,680,682,632,4.3,659,663.9,649,637,633,631,631,636,651,670.9,680,682,632,0,06.11.2021 15:53,578.15,578.15,06.11.2021 15:53,461.1,461.2,600.8,600.6,486,769.1,768.7,800.6,800.2,714.1,80,78,06.11.2021 15:56,36.89,9.01,0.71,06.11.2021 15:53,620.1,614.1,618.4,608.9,613.7,607.9,619.4,616.7,615.4,609.7,615.4,611.4,625.2,618.5,617.6,612.8,619.5,613.5,559.5,535.3,620.1,614.1,618.4,608.9,613.7,607.9,619.4,616.7,615.4,609.7,615.4,611.4,625.2,618.5,617.6,612.8,619.5,613.5,559.5,535.3,248319074,6.11.2021 16:50,0.04,1,
06.11.2021 15:51,15,06.11.2021 15:54,168,523.8,501.4,34.3,50.7,535.7,510.5,48.9,8.3,546.8,517,45.1,0,567.6,535.7,20.4,1.6,593.1,558.5,44.8,0,629.6,600.5,31.6,2.4,632.5,633.2,16.8,23.9,633.5,633,4.9,21.3,658.9,663.9,648.9,636.9,632.9,631,630.9,635.9,650.9,670.8,680,681.9,631.8,12.6,659,664.1,649.4,637.1,633,631,631.2,636,651,671.1,680,682.1,632,4.3,659,664.1,649,637,633,631.1,631,636,651,671,680,682,632,0,06.11.2021 15:54,578.1,578.1,06.11.2021 15:54,465.7,465.8,605.5,605.3,486,772.6,772.3,801.7,801.3,714.3,80,78,06.11.2021 15:57,36.52,9.4,0.75,06.11.2021 15:54,619.4,613.9,617.6,613.2,615,607.2,619.3,616.1,615.2,611.7,615,608.7,623.6,619.1,617.8,614.2,619.8,611.9,559.3,535.2,619.4,613.9,617.6,613.2,615,607.2,619.3,616.1,615.2,611.7,615,608.7,623.6,619.1,617.8,614.2,619.8,611.9,559.3,535.2,248319135,6.11.2021 16:53,0.08,1,
06.11.2021 15:51,14,06.11.2021 15:54,168,524.5,501.1,34.3,52.7,537.8,509.9,29.1,13.8,547.2,516.5,41.4,0,566.1,535.1,34.9,7,597,558.6,8.5,0,630.2,600.4,26.1,3.3,633.4,633.3,8.1,22.8,632.4,632.7,15.3,24.2,658.9,663.9,648.9,637,632.9,630.9,630.9,635.9,650.9,670.9,680,682,632,10.8,659.1,664,649,637.1,633.1,631.2,631.2,636.1,651.2,671.1,680,682.1,632,4.3,659.1,664.1,649,637,633,631,631.1,636.1,651,670.9,679.9,682,632,0,06.11.2021 15:54,578.1,578.1,06.11.2021 15:54,465.8,465.9,605.1,604.8,486.1,772.8,772.3,801.7,801.2,714.3,80,78,06.11.2021 15:57,37.04,9.39,0.75,06.11.2021 15:54,620.1,614.3,618.2,611.4,613.8,606.3,619.8,616.7,616,611.7,614.6,608.7,625.1,620.9,618.6,614.1,617.8,608.7,559.6,535.7,620.1,614.3,618.2,611.4,613.8,606.3,619.8,616.7,616,611.7,614.6,608.7,625.1,620.9,618.6,614.1,617.8,608.7,559.6,535.7,248319163,6.11.2021 16:54,0.26,0,
06.11.2021 15:54,14,06.11.2021 15:57,168,524.4,498.7,35.3,76.8,536.9,508.9,38.1,27,547.3,514.7,41.5,10,566.4,534.9,32,10.2,593.9,557.3,37.4,0,630.6,600.6,22.4,2,633,633.2,11.8,24,632.6,632.9,13.4,22.8,659,664,649.1,637,633.1,631,630.9,636.1,651,670.9,680.1,682.1,631.8,12.9,659,663.9,649,637.1,633,631,631.1,636,651,671.1,680.1,681.9,632,4.3,658.9,664,649,637,633.1,631,630.9,636,651,670.9,680,681.9,632,0,06.11.2021 15:57,578,578,06.11.2021 15:58,467,467.1,605.6,605.5,486.5,769.8,769.3,800.5,800,713.8,81,78,06.11.2021 16:01,36.79,9.38,0.73,06.11.2021 15:58,619.8,614.1,618.3,613.2,613.7,606,619,615.6,615.6,612.6,615.8,607.2,624.2,618.7,617,615.2,620.4,611.1,559.3,536.6,619.8,614.1,618.3,613.2,613.7,606,619,615.6,615.6,612.6,615.8,607.2,624.2,618.7,617,615.2,620.4,611.1,559.3,536.6,248319379,6.11.2021 16:55,0.07,1,
06.11.2021 15:55,14,06.11.2021 15:58,168,525.3,499.7,26.6,67.7,536.5,509.4,41.8,22.8,546.8,514.7,46.2,10.2,567.5,535.2,21.9,7.4,595.9,557.4,18.3,0,629.8,600.5,30.1,2.8,633.3,633.2,8.9,24,633.4,633,6,21.9,659,664,649,636.9,633,630.9,631,636,651,670.9,680,682,631.8,13,659.1,664,649.3,637.1,633,631.1,631,636.1,651.1,671,680,682,632,4.3,659,664.1,649.1,637,633,631,631,636.1,651,671,679.9,681.9,632,0,06.11.2021 15:58,578,578,06.11.2021 15:58,466.3,466.5,604.8,604.6,486.5,773.8,773.5,801.8,801.3,715.1,80,78,06.11.2021 16:01,36.79,8.95,0.69,06.11.2021 15:58,620.5,614.1,617.8,611.4,615,607,619.7,616.3,615.4,610.9,614.6,608.5,623.9,619,617,613,618.2,610.2,558.6,536,620.5,614.1,617.8,611.4,615,607,619.7,616.3,615.4,610.9,614.6,608.5,623.9,619,617,613,618.2,610.2,558.6,536,248319407,6.11.2021 16:56,0.15,1,
06.11.2021 15:55,14,06.11.2021 15:58,168,524.5,500.1,34.3,63.9,537.2,509.8,35.3,19.3,547.1,514.7,43.5,10.3,566.1,535.3,34.8,6.3,594.3,557.2,33.5,0,630,600.4,28,3.7,633.1,633.2,10.9,24,632.4,632.9,15.4,22.9,658.9,663.9,649.1,637.1,633.1,631.1,630.9,635.9,651,671,680.1,682,632,11.1,659.2,664,649.2,637.1,633.1,631.2,631.2,636,650.9,671,680,682,632.1,3.3,659,663.9,649,637.1,633,631.1,631,636,651,671,679.9,681.9,632.1,0,06.11.2021 15:58,578,578,06.11.2021 15:59,465.3,465.4,603.7,603.6,486.3,773.5,773.1,801.6,801.3,715.3,80,78,06.11.2021 16:01,36.7,9.09,0.71,06.11.2021 15:59,620.9,614.6,618.7,611.4,614.9,607.9,620.2,617.4,615.9,611.7,616.4,610.5,625.2,620.1,617.6,613.7,620.7,613.7,558.4,533.7,620.9,614.6,618.7,611.4,614.9,607.9,620.2,617.4,615.9,611.7,616.4,610.5,625.2,620.1,617.6,613.7,620.7,613.7,558.4,533.7,248319440,6.11.2021 16:58,0.16,1,
06.11.2021 15:57,14,06.11.2021 16:00,168,524.6,499.7,33.2,67.1,536.4,510.7,42.8,10.2,546.9,515.1,45.6,6.5,567.7,535.3,19.9,5.6,595.1,557.1,25.6,0,630.1,600.4,27.2,3.5,633.2,633,10,25.7,633.4,633.1,5.9,21.3,658.9,663.9,649,637,633,630.9,630.9,635.8,650.9,671,680,681.9,632,11,658.9,664,649,637.1,633,631.1,631.1,636,651.1,671.1,680.1,682.1,632,4.2,659.1,664.1,649,637.1,633.1,631.1,631,636,651,671,680,682.1,632,0,06.11.2021 16:00,577.95,577.95,06.11.2021 16:00,462,462,600.7,600.5,486.3,771.1,770.6,800.8,800.4,714.8,80,78,06.11.2021 16:03,36.7,9.15,0.7,06.11.2021 16:00,619.6,613,617.8,610.2,614,605.7,619.1,615.8,615.3,610.8,616.1,608.2,624.3,618,617.5,612.9,621.8,612.1,558.9,536.1,619.6,613,617.8,610.2,614,605.7,619.1,615.8,615.3,610.8,616.1,608.2,624.3,618,617.5,612.9,621.8,612.1,558.9,536.1,248319529,6.11.2021 16:58,0.18,1,
06.11.2021 15:58,14,06.11.2021 16:01,168,524.4,499.6,35.3,68.2,536.9,510.9,38.2,6.8,547.2,515.1,42.9,6.3,566.4,534.8,32.3,10.2,595,556.9,26.6,0,630,600.3,28.2,4.4,633,633,11.9,25.9,632.9,633,10.8,22.3,659,664,649,636.9,632.9,630.8,630.9,635.9,650.9,670.9,680,681.9,631.8,13.1,658.8,663.9,649.1,637,633.2,631.1,631.1,636,651,671,680.1,681.9,632,4.2,658.9,664,648.9,637,633,631,630.9,636,651.1,671.1,680.2,682.2,632,0,06.11.2021 16:01,577.95,577.95,06.11.2021 16:01,467.1,467.1,605.3,605.1,486.3,771.5,771.1,801,800.5,714.8,81,78,06.11.2021 16:04,36.7,9.11,0.7,06.11.2021 16:02,619.7,614.5,619.3,614.5,614.8,605.5,620,617.2,616.1,612.9,615.2,607.3,625.7,620.5,618.9,615.5,618.5,608.9,558.9,537.7,619.7,614.5,619.3,614.5,614.8,605.5,620,617.2,616.1,612.9,615.2,607.3,625.7,620.5,618.9,615.5,618.5,608.9,558.9,537.7,248319623,6.11.2021 16:59,0.18,1,
06.11.2021 15:59,14,06.11.2021 16:02,168,524.8,499.7,31.4,67.3,536.5,510.8,42,7.3,546.9,515,45.8,7.2,567,534.8,26.5,10.3,594.7,556.8,29.3,0,630,600.3,28.1,4.4,633.1,633.1,10.8,24.9,632.8,633,11.6,22.3,659,664,649.1,637,633,631.1,631.1,636,651,671,680,682.1,631.8,13.2,658.9,663.8,649.1,637,633,631,631,636.1,651,671.1,680.1,682,632,4.2,659,664,649,637,633,631.1,631.1,636.1,650.9,671.1,680.1,682,632,0,06.11.2021 16:02,577.95,577.95,06.11.2021 16:02,466.3,466.3,604.4,604.2,486.3,769.6,769.2,800.1,799.8,714.3,80,78,06.11.2021 16:05,36.7,9.16,0.7,06.11.2021 16:02,618.9,613.3,617,612.3,614.2,605.3,619.3,615.9,615.3,612.1,615,607.5,624.4,617.4,617.3,614.3,621,610.9,557.9,539.2,618.9,613.3,617,612.3,614.2,605.3,619.3,615.9,615.3,612.1,615,607.5,624.4,617.4,617.3,614.3,621,610.9,557.9,539.2,248319651,6.11.2021 17:00,0.15,1,
06.11.2021 15:59,14,06.11.2021 16:02,168,524.5,499.6,34.3,68.3,537.1,510.6,36.4,8.8,547.1,515,43.9,7.2,566.5,534.8,31.3,10.4,595.3,557,23.8,0,630.3,600.3,25.3,4.5,633.4,633.2,8.1,24,633.2,633.2,8,20.4,659,664,649,637.1,633.1,631.1,631,636.1,651.1,671,680.1,682,631.9,12.3,659,664,649.1,637.1,632.9,631,631,635.9,651,671.1,680,682,632,4.2,659,664,649,637,633.1,631.1,631,635.9,651,671,680,682,632,0,06.11.2021 16:02,577.95,577.95,06.11.2021 16:02,465.3,465.4,603.5,603.2,486.6,772.6,772.1,801.2,800.8,714.6,80,78,06.11.2021 16:05,36.67,8.96,0.7,06.11.2021 16:03,619.4,614,619.1,612.8,614.7,608.3,619.5,616.4,616.2,612.4,616.8,611.1,624.8,619.6,617.8,614.1,620.2,614.1,559.9,534,619.4,614,619.1,612.8,614.7,608.3,619.5,616.4,616.2,612.4,616.8,611.1,624.8,619.6,617.8,614.1,620.2,614.1,559.9,534,248319683,6.11.2021 17:09,0.3,0,
06.11.2021 16:01,14,06.11.2021 16:03,168,524.6,499.6,33.4,68.6,536.6,509.7,41,16.9,547,514.9,45,8.1,566.9,535.1,27.4,7.5,594.6,556.9,30,0,629.8,600.4,30,3.3,632.9,633.3,12.7,22.9,632.6,632.9,13.6,23.5,658.9,664,649,637,633,631,631,636,651,670.9,680.1,682,632,11.4,659.1,664.1,649.2,637,633.1,631.1,631.1,636,651,671,679.9,681.9,632.1,3.2,658.9,664,649,636.9,632.9,631,631,636,651,671,680,682,632.1,0,06.11.2021 16:04,577.92,577.92,06.11.2021 16:04,461.9,462,600.6,600.3,485.9,771.2,770.7,800.6,800.3,714.8,81,78,06.11.2021 16:07,36.7,9.08,0.68,06.11.2021 16:04,618.8,613.4,617.5,609.5,613.5,604.5,618.3,615,614.6,609.5,614.1,607.3,623.6,618,617.2,611.6,618.9,610.1,561.5,535.7,618.8,613.4,617.5,609.5,613.5,604.5,618.3,615,614.6,609.5,614.1,607.3,623.6,618,617.2,611.6,618.9,610.1,561.5,535.7,248320029,6.11.2021 17:10,0.1,1,
1.384918981,99,1.384907407,2,22.5,18.7,100,100,25.4,12.3,65.6,37.1,16.7,17.4,60.2,33.1,19,12.8,50.6,51.7,24,12.1,58.2,38.5,26,9.2,58.7,31.3,4.3,4,27.2,34.4,4.4,2.8,23.5,26.7,1.3,1.5,1.5,1.6,2.6,1.7,1.7,1.6,1.8,1.7,1.4,1.5,1.9,13.8,1.4,1.4,1.8,1.6,2.5,1.7,2.9,1.9,1.7,1.7,1.4,1.2,6.4,9.3,1.2,1.3,1.3,1.3,2.3,1.4,1.3,1.9,1.4,1.3,1.4,1.5,6.4,100,1.384907407,0.5,0.5,1.384907407,23.4,23.4,7.3,7.3,6.6,20.8,20.7,1.9,2,9.9,3,2,1.384907407,6.94,2.21,0.93,1.384571759,11.1,10,10.8,12.2,10,12.4,11,9.6,9,10.8,10.7,11.9,8.8,9.2,8.4,10,9.2,10.6,7.3,14.5,11.1,10,10.8,12.2,10,12.4,11,9.6,9,10.8,10.7,11.9,8.8,9.2,8.4,10,9.2,10.6,7.3,14.5,169107,1.391608796,,,
