GlassID1,ScanDateTimeGlasses,ScanDateTimeFurnace,ZN01_TOP_Temp,ZN01_BOTTOM_TEMP,ZN02_TOP_Temp,ZN02_BOTTOM_TEMP,ZN03_TOP_Temp,ZN03_BOTTOM_TEMP,ZN04_TOP_Temp,ZN04_BOTTOM_TEMP,ZN05_TOP_Temp,ZN05_BOTTOM_TEMP,ZN06_TOP_Temp,ZN06_BOTTOM_TEMP,ZN07_TOP_Temp,ZN07_BOTTOM_TEMP,ZN08_TOP_Temp,ZN08_BOTTOM_TEMP,ZN09_E01_TEMP,ZN09_E02_TEMP,ZN09_E03_TEMP,ZN09_E04_TEMP,ZN09_E05_TEMP,ZN09_E06_TEMP,ZN09_E07_TEMP,ZN09_E08_TEMP,ZN09_E09_TEMP,ZN09_E10_TEMP,ZN09_E11_TEMP,ZN09_E12_TEMP,ZN09_BOTTOM_TEMP,ZN10_E01_TEMP,ZN10_E02_TEMP,ZN10_E03_TEMP,ZN10_E04_TEMP,ZN10_E05_TEMP,ZN10_E06_TEMP,ZN10_E07_TEMP,ZN10_E08_TEMP,ZN10_E09_TEMP,ZN10_E10_TEMP,ZN10_E11_TEMP,ZN10_E12_TEMP,ZN10_BOTTOM_TEMP,ZN11_E01_TEMP,ZN11_E02_TEMP,ZN11_E03_TEMP,ZN11_E04_TEMP,ZN11_E05_TEMP,ZN11_E06_TEMP,ZN11_E07_TEMP,ZN11_E08_TEMP,ZN11_E09_TEMP,ZN11_E10_TEMP,ZN11_E11_TEMP,ZN11_E12_TEMP,ZN11_BOTTOM_TEMP,HUD Output Value,0.2,Class
248150922,05.11.2021 06:46,05.11.2021 06:49,524.7,499.1,536.5,510.1,547.3,514.9,567,535,594.8,556.6,630.1,600.3,635.1,633.1,634.8,634.2,660,664.9,650,637.9,635,632,631.9,636.9,651.9,671.8,680.9,682.9,631.9,659.9,665.1,650,637.9,635,631.9,632,636.9,652,672,681,682.9,632,660,665,650,638,635,632.1,632,636.9,652.1,672,681.2,683.2,632,0.15,TRUE,1
248159643,05.11.2021 08:55,05.11.2021 08:58,524.9,499.3,536.9,510.3,547.4,514.9,566.5,534.9,595.5,556.3,630,600.5,635.2,633,635,634.2,660,665,650,638,635,632,632,637.1,652,672,681,683.1,632,660,665.1,650.2,638.1,635.1,632.3,632.2,637,652.1,672.1,681.1,683,631.9,660,665,650,638,635,631.9,632,637,652,672,680.9,682.9,631.9,0.17,TRUE,1
248159732,05.11.2021 08:56,05.11.2021 08:59,524.1,499.6,537.1,510,547.2,514.9,567.3,535.1,594.4,556.2,629.9,600.4,635.2,633,635,634.1,660,664.9,649.9,637.9,634.9,631.9,631.9,637,652,672,681,682.9,632,660,665,650.2,638,635,632,631.9,637.1,652,672.1,681.1,683,632,660,665,650.1,638.1,635.1,632.1,632,637.1,652.1,672,681.2,683.2,632,0.48,FALSE,0
248159793,05.11.2021 08:57,05.11.2021 09:00,524.3,499.2,537.1,509.8,547.2,514.8,567.1,535,594.5,556.1,630,600.4,635,633.1,634.9,633.9,660.1,665.1,650,637.9,635,631.9,632,637.1,652,672,681,682.9,632,659.9,665,649.6,637.9,635,632.1,632.7,637,651.9,671.8,681,683,636.1,659.9,665,650,638,634.9,631.9,632,637,652.1,672,681,683,636.1,0.29,FALSE,0
248159915,05.11.2021 08:59,05.11.2021 09:02,524.8,499.7,537.1,509.9,547.2,514.9,566.9,534.9,594.7,556,630.3,600.3,635,633,634.9,634.1,660,665.1,650,638,635,632,631.9,636.9,652,672,681.1,683.1,631.9,660.2,665,650,637.9,635,632,631.9,636.8,651.5,671.6,680.8,683,635.9,659.9,665,650,638,635.1,632.1,632.1,636.8,652,672,680.9,682.9,635.9,0.39,FALSE,0
248159948,05.11.2021 08:59,05.11.2021 09:02,524.3,499.9,536.8,509.9,547.2,514.9,567,535,595.2,556.2,630.1,600.3,635.4,633.1,635,634.2,659.9,665,649.9,637.9,634.9,631.9,632,637,652.1,672,681.1,683.2,631.9,660,665,649.9,638,634.9,631.8,631.9,636.7,651.8,671.8,680.9,683,635.5,660.1,665,650,638,635,632,631.9,636.7,652,672,681,683,635.5,0.26,FALSE,0
248160265,05.11.2021 09:00,05.11.2021 09:03,524.2,499.5,537.2,510,547.3,515.1,567,535.1,595,556.1,629.9,600.3,635.2,633.2,634.9,634.2,659.9,664.9,650.1,638.1,635,632,632,637,651.9,672,681,683.1,632.1,659.8,664.8,649.7,637.8,634.9,631.9,632,636.7,651.9,671.8,680.9,682.9,634.8,660,665,649.9,638,635,632,631.9,636.7,651.9,671.9,680.9,682.8,634.8,0.33,FALSE,0
248160293,05.11.2021 09:01,05.11.2021 09:04,524.9,499.5,536.7,510,547.3,515,566.9,535.1,595,556.2,630.2,600.4,635.3,633.2,635.1,634.1,659.9,664.9,649.9,638,635,631.9,632,637,652,672,681,682.9,632.1,659.8,665,649.9,637.8,634.8,631.8,632,636.7,651.8,671.7,681,683,634.9,660.1,665,650,637.9,635,632,632,636.7,652.1,671.9,680.9,683,634.9,0.31,FALSE,0
248160326,05.11.2021 09:01,05.11.2021 09:04,524.8,499.5,537,510,547.3,515.1,567.1,535.1,595,556.1,629.8,600.4,635,633.2,634.7,633.9,660,665,650,638,635,631.9,631.9,636.9,651.9,672,681,683,632.2,659.8,664.9,649.7,637.8,634.8,631.7,631.9,636.6,651.6,671.6,680.9,682.9,634.7,660.1,665,650.1,638,635.1,632.1,632,636.6,651.9,672,681,683.1,634.7,0.1,TRUE,1
248160354,05.11.2021 09:02,05.11.2021 09:05,524.1,499.2,536.9,510.1,547.3,515.2,566.8,535,594.9,556.1,630.2,600.5,635.1,633.4,635.2,634,660.1,665.1,650.1,638,635,632,632,637,651.9,672,681,682.9,632,659.9,664.9,649.8,637.8,634.9,631.8,631.8,636.7,651.7,671.7,680.9,682.9,634.6,660,665,650,638,635,631.9,632,636.7,652,672,681,683.1,634.6,0.34,FALSE,0
248160387,05.11.2021 09:02,05.11.2021 09:05,524.9,499.3,536.5,510.1,547.3,515.1,567.1,535,594.9,556.1,629.9,600.4,635,633.3,634.8,634,660.1,665,650,638,635,632,632,637.1,651.9,672,681,682.9,631.9,659.9,664.9,649.9,637.8,634.9,631.9,631.8,636.7,651.7,671.7,680.9,682.8,634.5,660,665,650.1,638,635.1,632.1,632.1,636.7,651.9,672,681.1,683.1,634.5,0.37,FALSE,0
248160448,05.11.2021 09:03,05.11.2021 09:06,524.8,499.9,536.4,510.2,547.2,515.1,566.8,534.9,594.8,556.1,630,600.5,635,633.2,634.9,634.2,660.1,665.1,650.1,638.1,635.1,632.1,632,637,652,672,681,683.1,631.9,660,665,649.9,637.8,634.6,631.6,631.6,636.7,651.7,671.7,680.8,683,634.3,659.9,665,650,637.9,635,631.9,632,636.7,652.1,672,681,683,634.3,0.26,FALSE,0
248160505,05.11.2021 09:04,05.11.2021 09:07,524.9,499.9,536.4,510.1,547.3,515,566.8,534.9,594.8,556.1,630.2,600.3,635.5,633.2,635.2,634.3,660,665,650,638,634.9,632.1,632.1,637.1,652,672.1,681,683.1,632,660.1,665,650.1,638,635,631.8,631.9,636.7,651.8,671.7,680.8,683,634,660,665,650,638,635,632.1,631.9,636.7,652.1,672,681,683,634,0.18,TRUE,1
248160566,05.11.2021 09:05,05.11.2021 09:08,524.9,499.5,536.5,510.2,547.1,514.9,566.9,535,594.9,556.2,630.1,600.3,635.3,633.2,635.3,634.2,659.9,665,650.1,638,635.1,632,632,637,651.9,672,681.1,683.1,632.2,660.1,665,650.1,638.1,635.1,632,632,636.8,651.9,671.9,680.8,683,633.7,660.1,665,650,638,635.1,632,632,636.8,651.9,671.9,680.9,683,633.7,0.14,TRUE,1
248160627,05.11.2021 09:06,05.11.2021 09:09,524.3,499.3,536.6,510,547.1,514.8,566.8,534.9,594.9,556.1,630.3,600.4,635.2,633.3,635.1,634,660,664.9,650,638,635,632.1,632.1,636.9,651.9,672,681,683,632.1,659.9,664.9,649.9,638,635,631.9,632,636.9,651.9,671.9,681,683,633.5,660.1,665,650,638,635.1,632.1,632,636.9,652,672,681,683,633.5,0.37,FALSE,0
248161111,05.11.2021 09:13,05.11.2021 09:16,523.1,500,535.6,513.7,547.8,524.4,566.6,541.7,595.5,563.3,626.7,605.4,634,632.5,634.1,632.8,660,665,650.1,638,634.9,632,632,636.9,652,671.9,680.9,682.9,632.2,659.8,664.9,649.9,638,634.9,631.9,631.9,636.9,651.9,671.9,680.9,682.9,632.4,660,665.1,650.1,638.1,635.1,632.1,632,636.9,652.1,672,681.2,683.3,632.4,0.05,TRUE,1
248161383,05.11.2021 09:18,05.11.2021 09:21,524.5,500.2,537.1,509,546.9,515.5,566.2,534.3,597,558,630,600.4,635.1,633.1,634.8,633.8,660,664.8,650,638,635,632,631.9,636.9,651.8,671.8,680.9,682.8,631.9,660,665,650,638.1,635.1,632.1,632,636.9,652.1,672.1,681.1,683.1,632.2,660,665,650.1,638,635.1,632,631.9,636.9,652,672,681.1,683.1,632.2,0.24,FALSE,0
248161444,05.11.2021 09:19,05.11.2021 09:22,524.4,498.9,536.8,508.7,546.8,514.7,566.5,534.4,596.8,557.6,629.4,600,634.9,633,634.8,634,660.1,665,650,638,635,632,631.9,637,651.9,671.9,680.9,682.9,631.8,659.9,664.9,649.9,638,635,632.1,632,636.9,652.1,672.1,681.1,683,632.1,660.1,665,650,638,635.1,632,632.1,636.9,652,672,681,683,632.1,0.25,FALSE,0
248161566,05.11.2021 09:21,05.11.2021 09:24,524.7,499,536.9,509.5,546.8,514.7,567.2,535.3,596,557.2,629.7,600.5,635.2,633.2,635,634,660.1,665.2,650,638,635.1,632.1,632,637,652,672,681.1,683.2,632,659.8,664.9,650,637.9,634.9,631.9,632,637,651.9,671.9,681,682.9,632,659.9,664.9,649.9,638,635,632,631.9,637,652.1,671.9,681,682.9,632,0.35,FALSE,0
248161655,05.11.2021 09:22,05.11.2021 09:25,524.3,499.5,536.7,510.6,547.2,515.3,566.1,535.4,594.5,557,629.6,600.4,635.3,633.2,635.1,634,660,665,650,638,634.9,631.9,632,637,652,672.1,681,683,631.8,660.2,665.1,650.3,638,634.9,631.9,631.9,636.9,651.9,672,681,683,631.9,660,665,650.1,638,634.9,631.9,632.1,636.9,652,671.9,680.9,682.9,631.9,0.39,FALSE,0
248161971,05.11.2021 09:27,05.11.2021 09:30,524.6,498.4,537.9,513,546.4,522.9,566.5,540.5,596,563.1,630.7,604.9,635.6,632.2,635.9,633.1,660,665,650,637.9,635,631.9,632,637,651.9,671.9,680.9,682.8,631.8,660,665.1,650.2,638.2,635.1,632,631.9,636.9,652.1,672,681,683,631.9,660,665,650.1,638,635,631.9,631.9,636.9,652.1,672,681.1,683.1,631.9,0.3,FALSE,0
248162004,05.11.2021 09:27,05.11.2021 09:30,524.2,495,535.2,512.5,546.4,521.5,566.6,539.2,593.5,561.7,630.1,604,634.9,631.8,634.3,633.1,660.1,665,649.9,637.9,634.9,631.9,632,636.9,651.9,671.8,680.9,682.8,631.5,659.9,665,650,638.1,635.1,632,632,636.9,652,671.9,680.9,682.9,631.9,660,664.9,650,638,635.1,632.1,632.1,636.9,651.9,672,681.1,683.1,631.9,0.3,FALSE,0
248162187,05.11.2021 09:30,05.11.2021 09:33,524.6,500.1,536.2,509.6,546.5,515.9,566.8,534.5,592.9,558,629.7,600.1,635,633,635.2,634.2,660,664.9,650,638,634.9,632,631.9,636.8,651.8,671.9,681,683.2,631.9,660.2,665.1,650.2,638.2,635,632,632,637,652.2,672,681.1,683,631.9,660.1,665,650.1,638.1,635.1,632.1,632,637,652,671.9,681,683,631.9,0.2,FALSE,0
248162459,05.11.2021 09:35,05.11.2021 09:38,524.4,499.1,536.4,509.9,546.9,515.1,567.1,535.4,595.4,557.1,629.6,600.4,635.1,633,635.3,634.1,660,665,650,638,635,632,631.9,637,652,671.9,681,683.2,631.8,660.1,665,650.2,638,635,632,631.9,637,652,672,681,683,632,660,665,650.1,638.1,635,632.1,632,637,652,672,681,682.9,632,0.35,FALSE,0
248162488,05.11.2021 09:35,05.11.2021 09:38,524.4,499.3,536.8,510.1,546.7,515.1,566.3,535.3,594.5,557,630.4,600.4,635.4,632.9,634.6,634.1,660,665.1,650,637.9,634.9,631.9,632,637,651.9,672,681,683,631.8,660,665.1,650.2,638.1,635.1,632,631.9,637,652,672.1,681,683,632,660.1,665,649.9,637.9,634.9,631.9,632.1,637,652.1,672.1,680.9,682.9,632,0.27,FALSE,0
248162520,05.11.2021 09:35,05.11.2021 09:38,524.7,499.4,536.6,510.2,546.8,515.2,567.2,535.3,595.1,556.8,629.8,600.3,635.2,632.8,635.3,634.3,659.9,664.9,650,638,635,632,632,636.9,651.9,671.9,681.1,683,631.9,660.1,665,650.2,638.2,635.1,632.2,632.2,637,652.1,672,680.9,683.1,632,660,665.1,650.1,638,635.1,632.1,632,637,651.9,672,681,683,632,0.35,FALSE,0
248162581,05.11.2021 09:36,05.11.2021 09:39,525,499.1,536.6,510.4,546.8,515.2,567.1,535,595.1,556.7,629.9,600.1,635.1,633,635.1,634.2,659.9,664.9,649.9,637.8,634.9,631.8,632,636.9,651.9,671.9,681,682.9,631.9,660,665.1,650.1,638.1,635.2,632.2,632.2,637.1,652,672.1,681,683.1,631.9,660.1,665,650.1,638.1,635,632.1,632.1,637.1,652,672,681,683.1,631.9,0.67,FALSE,0
248162609,05.11.2021 09:37,05.11.2021 09:40,524.4,498.7,536.5,510.4,546.8,515,566.5,534.8,594.7,556.7,629.9,600.1,635.1,633,634.9,634.2,660,665,649.9,637.9,634.9,631.9,632,636.8,651.9,671.8,681.1,683,632,659.9,664.9,650.1,638,635,632.1,632,636.9,652.1,672,681,683,631.9,660,665,650,637.9,635.1,632.1,632,636.9,652.1,672.1,681.1,683,631.9,0.54,FALSE,0
248162642,05.11.2021 09:37,05.11.2021 09:40,524.4,498.9,536.9,510.3,547.1,515,567,534.8,595.1,556.6,629.8,600.1,635.2,633.2,634.9,634.1,660,665,649.9,637.9,635,632,631.9,636.9,652,671.9,681,682.9,632,660,665,650.1,638,634.9,631.9,632,636.9,652.1,672.1,681.1,683,632,660,665.1,650.1,638,635,632,632,636.9,652.1,672,681.1,683.2,632,0.68,FALSE,0
248162931,05.11.2021 09:42,05.11.2021 09:45,521.9,500.6,534.8,513.2,544.7,524.9,564.4,541.9,594.6,564.5,628.5,606.5,634.8,633.4,634.7,634.2,660,665,650,637.9,635,632.1,632.1,637.1,652.1,672.1,681,683.2,632.4,660,665.1,650.3,638,635.2,632.1,632,637,652,672,680.9,683,632.7,660,665,650,637.9,634.9,632,631.9,637,652,672,681,683,632.7,0.5,FALSE,0
248163024,05.11.2021 09:43,05.11.2021 09:46,524.8,495.4,536.5,511.8,546.3,520.4,567.4,538.4,595,561.4,628.3,603.1,634.3,631.9,634,633,659.9,664.9,649.8,637.8,634.8,631.8,631.9,637,651.9,671.9,681,682.9,631.7,660,664.9,650,638,634.9,632,632,636.9,652.1,672.1,680.9,683,632.3,660.1,665,650.1,638,635,632,631.9,636.9,651.9,672,680.9,682.8,632.3,0.25,FALSE,0
248163114,05.11.2021 09:45,05.11.2021 09:48,524.2,498.4,536.7,510.2,546.6,517.5,565.8,535.7,594.7,559.5,629.4,601.1,635.1,632.7,635.5,634.4,660,664.9,650,637.9,635,631.8,631.9,637,651.8,671.8,680.9,682.8,631.7,659.9,664.9,650,637.9,634.9,632,632.1,636.9,652,672,681,683,631.9,660,665,650,638,635.1,632.2,632.1,636.9,652,672,681,683.1,631.9,0.16,TRUE,1
248163146,05.11.2021 09:45,05.11.2021 09:48,524.6,500,536.2,509.8,546.5,516.9,567.3,535.3,594.7,558.9,630.5,600.8,635.2,632.9,634.6,634.4,660.1,665.1,650,638,635,631.9,632,636.8,651.8,671.8,680.9,682.9,631.8,659.9,664.8,649.8,638.1,634.9,631.9,632,636.9,651.9,672,681,682.9,631.9,659.9,665,650.1,638.1,635,632,632,636.9,652.2,672.1,681.2,683.1,631.9,0.4,FALSE,0
248163207,05.11.2021 09:46,05.11.2021 09:49,524.1,500.3,536.4,508.9,546.3,515.7,567.4,534.5,594.3,558.2,630.5,600.1,635,632.9,634.7,634,660,665.1,650,638,635,632,631.9,636.9,651.9,671.8,680.9,682.9,631.7,659.9,665,650,637.9,635.1,632.2,632.1,636.9,651.9,671.8,681,682.9,632,660,665,650.1,638.1,635.1,631.9,632.1,636.9,652.1,672,681,683.1,632,0.27,FALSE,0
248163236,05.11.2021 09:47,05.11.2021 09:50,524.3,499.4,536.4,508.6,546.8,515.3,565.9,534.3,595.3,558.1,629.7,600,635.3,633,635.1,633.9,660,665.1,649.9,637.9,634.9,632,632,636.9,651.9,672,680.9,683.1,631.8,660.1,665.1,650.2,638.1,635,632.1,632,636.9,651.9,671.9,680.9,683,632,660,665,650.1,638.1,635.1,632.1,632,636.9,652,672,681,683,632,0.46,FALSE,0
248163297,05.11.2021 09:48,05.11.2021 09:51,524.8,497.8,536.6,508.8,546.8,514.7,566.2,534.5,595.4,557.7,630.1,600.1,635.4,632.9,634.9,633.9,660,665,650,638.1,635.1,632.2,632,637,651.9,672,681,683.2,632,660.1,665,650.2,638.2,635.1,632.1,632.3,637,652,672,681,683.1,632,659.9,665,649.9,638,635,632,632,637,652,672,681,682.9,632,0.11,TRUE,1
248163429,05.11.2021 09:50,05.11.2021 09:53,521.5,503.6,533.4,511.4,545,519.2,564.1,538.5,592.6,560.1,631.2,603.3,634.1,634.1,633.9,634.4,660.1,665,650.1,638.1,635,632,632,636.9,651.9,671.8,681,683,632.3,659.9,665,650.2,638.2,635.2,632.1,632.1,637,652,672,681.1,683,631.9,660,665.1,650.1,638.1,635,632,632.2,637,652,672.1,681,683.1,631.9,0.19,TRUE,1
248163522,05.11.2021 09:51,05.11.2021 09:54,525,496.8,536.9,511.5,546.2,517,567.8,536.7,596.1,558.8,628.8,601.1,634.9,631.9,634.5,633.3,660,665,650,638,635,632,631.9,637,652,671.9,681.1,683.1,631.9,660,665,650,638.2,635,632.1,632,637,652,671.9,681,683,632,660,665,649.9,637.9,635,632,631.9,637,652.1,671.9,680.9,682.9,632,0.12,TRUE,1
248163584,05.11.2021 09:52,05.11.2021 09:55,525.4,495.9,536.4,510.9,546.3,515.9,568.2,535.5,595.1,558,630.3,600.5,635,632.3,634.3,633.9,659.9,664.8,650,638,635,632,631.9,637,651.8,671.8,680.9,683,631.7,660.1,665,650,637.9,635,632,632.1,636.9,651.9,671.9,681,683,632,660.1,665,650,638.1,635.1,632,632.1,636.9,652,671.9,680.8,682.9,632,0.22,FALSE,0
248163612,05.11.2021 09:53,05.11.2021 09:56,524.4,497.1,537,510.4,547.4,515.4,565.3,534.7,595.1,557.9,629,599.9,635.3,632.7,635.8,634.4,659.9,665,650,638,635,631.9,631.9,636.9,651.9,671.9,681,683.1,631.7,660.1,665.1,650.2,638,634.9,631.9,631.8,636.9,652,671.9,681,683.1,632,659.5,664.6,649.6,637.8,634.7,631.9,631.8,636.9,651.4,671.5,680.2,682.2,632,0.34,FALSE,0
248171681,05.11.2021 11:51,05.11.2021 11:54,509.2,495.7,515.3,508.1,534.3,513.3,552.7,534.4,574.9,554.9,609.7,600.3,632.5,632.2,632.3,633.1,659.1,663.9,648.7,636.7,632.6,630.6,630.5,635.7,650.4,670.6,679.8,682.1,631.5,660.1,664.9,650.1,638.1,635,632.1,632.1,636.9,651.9,672,681,683,632.1,659,663.9,649,636.9,632.9,630.9,631.1,636.9,650.9,671.1,680,682,632.1,0.21,FALSE,0
248171770,05.11.2021 11:52,05.11.2021 11:55,511.9,496,517.7,508.7,536.8,515.5,555.6,535.5,576.5,555.7,612.4,600.6,632.8,632.4,632.4,632.5,659,663.9,648.6,636.6,632.6,630.7,630.6,635.7,650.4,670.5,679.8,682.1,631.3,660,665,650.1,638,635.1,632.3,631.9,636.9,652,671.9,681,683.1,632,659,663.9,648.9,636.9,632.9,630.9,630.9,636.9,650.9,671,680,681.9,632,0.09,TRUE,1
248171831,05.11.2021 11:53,05.11.2021 11:56,513.6,495.7,519.6,509.2,538.7,515.7,557.5,535.3,578.3,555.6,614.4,600.7,632.6,632.4,632.6,632.9,659,663.9,648.8,636.7,632.6,630.7,630.6,635.9,650.5,670.6,679.8,682,631.4,660.1,664.9,650.2,638.1,635.1,632.2,632.2,637,652.1,672.1,681.1,683.1,631.9,659.2,664,649.1,636.9,633,630.9,631,637,650.9,671,679.9,681.9,631.9,0.12,TRUE,1
248171863,05.11.2021 11:53,05.11.2021 11:56,514.9,496,520.6,509.5,539.6,515.6,558.1,535.1,580.4,555.6,614.7,600.6,632.8,632.4,632.6,633.1,659,663.9,648.7,636.6,632.6,630.7,630.6,635.8,650.5,670.5,679.8,682,631.4,660,665,650.3,638.1,635.2,632.1,632.3,637.1,652,672.1,681,683,631.9,659,664,649,636.9,632.9,630.9,630.9,637.1,651,670.9,679.9,682,631.9,0.23,FALSE,0
248171924,05.11.2021 11:54,05.11.2021 11:57,516.7,496.9,522.3,509.5,541.5,515.3,560,535.1,582.2,555.8,616.8,600.9,632.6,632.5,632.6,633.2,658.9,664,648.7,636.6,632.7,630.7,630.5,635.6,650.5,670.6,679.8,681.9,631.5,659.8,665,650,637.9,634.9,632,631.9,636.9,652.1,671.9,681,683,631.9,659,664,649.1,637,632.9,631,630.9,636.9,651,671,680.1,682,631.9,0.27,FALSE,0
248171952,05.11.2021 11:55,05.11.2021 11:58,517.6,497.1,523.3,509.6,542.3,515.1,560.9,535.2,582.1,555.7,617.9,601,632.7,632.6,632.8,633.1,659.1,664,648.8,636.7,632.7,630.7,630.6,635.9,650.5,670.6,679.8,681.9,631.6,660,665,650.1,638.1,635,631.9,632,636.9,652,672,681,682.9,632,659,664,649.1,637,633,631,631,636.9,651.1,671.1,680.2,682.2,632,0.27,FALSE,0
248172013,05.11.2021 11:56,05.11.2021 11:59,519.4,497.4,525.3,509.6,544,515.1,562.6,535.4,584.3,556,619.6,601.1,632.7,632.7,632.8,632.9,659.1,664,648.8,636.7,632.8,630.8,630.8,635.9,650.7,670.7,679.8,681.9,631.6,660,664.9,650.2,638.1,635,632,632,637,652,672,681,682.9,631.9,659,664,649.1,637,633.1,631.1,631,637,651,671,680.1,682.1,631.9,0.18,TRUE,1
248172106,05.11.2021 11:57,05.11.2021 12:00,522.3,498.1,527.6,509.6,546.9,516,565.6,536,587.1,556.4,622.6,601.6,633.3,633,633,633.2,659,664,648.9,636.9,632.8,630.9,630.8,635.9,650.7,670.8,679.9,682.1,631.7,660,665.1,650.4,638.3,635.2,632.1,632.1,637,652.1,672.1,681.1,683.1,632,659,664.1,649,637,633,631,630.9,637,650.9,670.8,680,682,632,0.15,TRUE,1
248172135,05.11.2021 11:58,05.11.2021 12:01,523.4,498.5,529.1,509.7,546.9,516,566.3,536.2,588.3,556.6,623.2,601.6,632.7,632.9,632.7,633.2,659,663.9,648.8,636.7,632.7,630.7,630.8,635.8,650.7,670.8,679.9,682.2,631.7,660,665,650,638.1,635.1,632.1,632.2,637.1,652,672,681.1,683.1,632.7,659,664.1,648.9,637,633,631,631,637.1,651,670.9,679.9,681.8,632.7,0.24,FALSE,0
248172196,05.11.2021 11:59,05.11.2021 12:02,523.4,498.9,530.9,509.9,546.7,515.7,566.7,535.9,590.2,556.7,625.2,601.5,633.3,632.9,632.7,633.2,658.9,663.9,648.8,636.8,632.8,630.8,630.8,635.9,650.8,670.9,679.9,682,631.7,660,665,649.8,638.1,635,632,632.1,637.2,652.2,672.2,681.1,683.1,632.9,659,664,648.9,636.9,633,631,631,637.2,651,671,680,681.9,632.9,0.48,FALSE,0
248172619,05.11.2021 12:01,05.11.2021 12:04,525.6,499.8,536.8,512.3,547.2,521,567.3,539.3,596.8,561.8,627.2,604.9,633.8,632.6,632.8,632.3,658.9,664,648.9,636.8,632.8,630.8,630.9,635.9,650.9,670.9,680,682,632.3,659.8,664.9,649.9,637.9,635,631.9,632,636.9,652,672,680.9,683,632.3,659.1,664,649,637,633,631,631,636.9,651,671,679.9,681.9,632.3,0.3,FALSE,0
248172648,05.11.2021 12:02,05.11.2021 12:05,522.8,495.9,535.5,512,546.7,519.8,566.5,538.1,591.2,560.4,631.8,604.8,632.9,631.9,633.5,632.1,658.9,663.9,648.9,636.9,632.9,631,630.9,635.8,650.9,670.8,680,681.9,632.1,660,665,650,637.9,634.9,632,632,636.9,651.9,671.9,680.9,682.9,632.1,659,664,649,637,633.1,631,631,636.9,651,671,679.9,681.9,632.1,0.18,TRUE,1
248172680,05.11.2021 12:02,05.11.2021 12:05,524.6,494,536.5,511.6,547,518.8,566.7,537.1,597.4,560.5,626.8,603.6,632.9,631.8,632.1,632,658.9,663.8,648.8,636.8,632.9,630.8,630.7,635.8,650.9,670.8,680,681.9,631.8,659.9,664.9,650,637.9,634.9,632,632.1,636.9,651.9,671.9,680.9,682.8,631.9,659,664,649,637,633,630.9,631,636.9,651.1,670.9,679.9,681.9,631.9,0.49,FALSE,0
248172741,05.11.2021 12:03,05.11.2021 12:06,524.4,494.8,536.3,510.7,546.9,517,566.7,535.6,596.8,559.3,629.2,602.7,633.1,632.7,632.3,633,659,664,648.8,636.8,632.8,630.8,630.8,635.8,650.8,670.7,679.9,681.7,631.5,660.2,665.2,650.3,638,634.9,631.9,631.9,636.9,652,671.9,681,683.1,631.8,658.9,664,649,637,633,631,631.1,636.9,651.1,671.1,680.1,682.1,631.8,0.3,FALSE,0
248172769,05.11.2021 12:04,05.11.2021 12:07,524.6,496.5,536.2,510.3,547,516.4,566.3,535,592.4,558.6,628.7,602,633,632.9,633.3,633.4,659.1,664,648.9,636.8,632.9,630.9,630.8,635.8,650.8,670.7,679.9,681.8,631.5,660.1,665.1,650.3,638,635.2,632.2,632,637,652,672,680.9,683.1,631.9,659.1,664,649,637,632.9,631,631.1,637,650.9,671,680,682,631.9,0.3,FALSE,0
248172801,05.11.2021 12:04,05.11.2021 12:07,524.5,498.2,536.2,509.9,546.6,515.7,567.2,534.6,595.7,558.4,630.5,601.9,633.2,633.1,632.5,633.4,659.1,664.1,649,636.9,632.9,630.9,630.8,636,650.8,670.8,679.9,681.9,631.6,660,665,650.2,638.2,635,632.2,632,636.9,652.2,672.1,681,683,631.8,658.9,664,649,637,633,631,631,636.9,651.1,671,680.2,682.1,631.8,0.33,FALSE,0
248172830,05.11.2021 12:05,05.11.2021 12:08,524,499.4,536.5,509.6,547,515.3,566.1,534.4,593.5,558.2,628.8,601.3,632.9,633.1,633.1,633.2,659.1,664,648.9,636.8,632.9,630.9,630.9,636,650.8,670.8,679.8,681.8,631.8,660.1,665,650,638.1,635,632,632.2,637,652,672.1,681,683.1,632,658.9,664,649,637,633,631,630.9,637,651,671,680.1,682.1,632,0.33,FALSE,0
248172858,05.11.2021 12:05,05.11.2021 12:08,524.5,499.7,536.3,509.2,546.7,515,567.5,534.5,594.9,557.9,629.9,601.2,633.3,633.2,632.8,633,659,663.9,649,637,632.9,630.9,630.8,635.9,650.8,670.9,679.9,682,631.9,660,665,650,638.1,635.1,631.9,632,637,652,672.1,681,683.1,632.1,658.9,663.9,649,636.9,632.9,630.9,631,637,651,671,679.8,681.9,632.1,0.51,FALSE,0
248172951,05.11.2021 12:06,05.11.2021 12:09,524.2,498.3,536.8,508.9,547.2,514.9,565.9,535,595,557.6,629.8,601.1,633.2,632.9,633,633,658.9,663.8,648.9,636.9,632.9,630.9,630.8,636,650.9,670.8,680,682.1,631.8,659.9,664.9,650,638,634.9,631.9,632,636.9,651.9,671.9,681,683,632.1,659.1,664,649.1,637,633,631,630.9,636.9,650.9,670.9,679.8,681.9,632.1,0.28,FALSE,0
248173139,05.11.2021 12:09,05.11.2021 12:12,524.8,499.9,537.7,513,547,522.1,567.7,540.4,597.4,562.8,627.9,605,633.3,632.6,632.6,631.8,658.9,664,649,636.9,632.9,630.9,631,636,651,671,680.1,682,632.8,659.9,665,649.9,638,635.1,632.1,632.1,637,651.9,672,681,683,632.1,658.9,663.9,649,637,633,630.9,630.9,637,651,671,680.1,682,632.1,0.27,FALSE,0
248173168,05.11.2021 12:10,05.11.2021 12:13,523.8,496.3,535.8,512.8,546.7,520.8,565.6,538.9,592.3,561.5,631,604.5,633.3,632.1,633.5,631.7,658.9,664,648.9,637,633,631,630.9,635.9,650.9,671,680.1,682.1,632.4,660.1,665.1,650.1,638,634.9,632,631.9,636.9,652,672.1,681,683,631.9,659,664,649,637,633,630.9,631,636.9,650.9,670.9,679.9,681.8,631.9,0.44,FALSE,0
248173229,05.11.2021 12:11,05.11.2021 12:14,524.4,493.7,536.7,512,547.1,518.6,565.5,536.9,593.4,560.3,629.4,603,633.6,632.8,633.7,632.3,659,664,648.8,636.9,632.9,631,631,635.8,650.9,671,680,682,631.7,659.9,665,650,638,635,632.1,632,637,652,672,681,683,631.8,659.2,664.1,649.1,637,633,631,631,637,651.1,671,680,682,631.8,0.24,FALSE,0
248173289,05.11.2021 12:12,05.11.2021 12:15,525.4,497.2,536.7,511,547.4,517,565.1,535.3,594.3,559.3,629.2,602.3,633.4,633.6,633.7,633,659,663.9,648.9,636.9,632.8,630.9,630.9,635.9,650.9,670.9,679.9,681.9,631.5,659,664.2,649.1,637.4,634.3,631.3,631.2,636.3,651.1,671.3,680.5,682.5,631.9,659.1,664.1,649,637.1,633.1,631,631,636.3,651.1,670.9,680,681.9,631.9,0.39,FALSE,0
248173322,05.11.2021 12:12,05.11.2021 12:15,524.2,499.3,536.8,510.5,546.4,516.3,568.1,535,595.2,559,630,602,632.8,633.6,632.5,632.9,659,663.9,648.9,636.9,632.8,630.8,630.9,635.9,650.9,670.8,679.9,682,631.8,659.1,664.1,649.3,637.1,633.3,631.1,631,636.1,651.2,671.3,680.3,682.3,631.8,659.1,664.1,649.1,637,633,631,631,636.1,651,671.1,680,682,631.8,0.28,FALSE,0
248173350,05.11.2021 12:13,05.11.2021 12:16,524.7,500.6,536.5,510,547.4,515.9,565.4,534.5,594.4,558.7,629.7,601.6,633.2,633.4,633.5,632.9,659,663.9,648.9,636.9,632.9,630.8,630.8,635.9,650.9,670.8,679.9,681.9,632.1,659,664,648.7,637.6,633.9,632.2,633.6,637.5,650.8,670.8,679.9,681.9,637.8,659,664,649,637,633,630.9,631,637.5,651.1,671,680.1,682.1,637.8,0.26,FALSE,0
248173383,05.11.2021 12:13,05.11.2021 12:16,524.3,501.1,536.7,509.6,546.6,515.3,567.9,534.7,595.1,558.5,629.6,601.3,632.8,633.3,632.6,632.8,659.1,664,648.9,636.9,632.8,630.9,630.9,635.9,650.8,670.9,679.9,681.8,632.2,659,663.9,648.9,637.1,633.1,631.3,632.4,636.6,650.8,670.9,679.9,682,637.4,659,664,649.1,637,633,631,631,636.6,651.2,671.1,680.1,682.1,637.4,0.25,FALSE,0
248173411,05.11.2021 12:14,05.11.2021 12:17,524.6,500.4,536.3,509.1,547.1,515,565.5,534.4,594.6,558.3,630.1,601.2,633.4,633.3,633.2,632.8,659.1,664.1,649,637,632.9,630.9,630.8,635.9,650.8,670.8,679.9,681.9,632.3,659,663.9,648.7,636.9,633.1,631.1,631.7,636.1,650.6,670.7,679.8,681.9,637,658.9,664,649,637,633,631,631,636.1,651,671,680,682,637,0.16,TRUE,1
248173594,05.11.2021 12:17,05.11.2021 12:19,524.7,499,536.6,509.6,547.3,515.3,566.3,535.5,596,557.9,629.7,600.8,633,633.1,633,633,659,664.1,649,636.9,633,631,631,635.9,650.9,671,680,682,632,659,663.9,648.8,636.7,632.7,630.8,631,635.7,650.7,670.7,679.8,682,635,659.1,664,649,637.1,633.1,631,630.9,635.7,650.9,671,680,681.9,635,0.24,FALSE,0
248173654,05.11.2021 12:17,05.11.2021 12:20,524.9,499.4,536.4,510.1,547.2,515.4,566.4,535.3,596,557.7,629.7,600.7,632.8,633,633.2,633.1,658.9,663.9,648.9,636.9,632.9,630.8,630.9,635.8,650.8,670.8,679.9,682,632,658.9,664,648.9,636.8,632.8,630.8,631,635.7,650.7,670.8,679.9,682,634.6,659,664,649,637,633,630.9,631,635.7,651,671,680,682,634.6,0.41,FALSE,0
248173715,05.11.2021 12:18,05.11.2021 12:21,524.8,498.9,536.6,510.6,547.1,515.3,566.6,535.1,595.9,557.5,629.8,600.7,633.1,633.1,633.1,633.3,659,664,649,637,632.9,630.8,630.9,636,650.8,670.9,679.9,682,632,658.9,663.9,648.8,636.8,632.9,630.9,631,635.7,650.7,670.7,679.8,681.9,634.1,659,664.1,649,637,633.1,631,631,635.7,651.1,671.1,680.2,682.2,634.1,0.42,FALSE,0
248173805,05.11.2021 12:20,05.11.2021 12:23,524.6,498.9,536.9,510.6,547.2,515.1,566.7,535,594.2,557.2,629.9,600.6,632.9,633,632.9,633.2,659,664,648.9,637,632.9,630.9,630.9,636.1,651,670.9,679.9,682,631.9,659,663.9,649,636.9,632.7,630.8,630.9,635.8,650.6,670.7,679.8,681.9,633.5,658.9,664,649,637,633,631.1,631,635.8,650.9,670.9,680,682,633.5,0.46,FALSE,0
248173837,05.11.2021 12:20,05.11.2021 12:23,524.5,498.8,536.6,510.6,547.1,515.1,566.9,535,595.4,557.2,630.1,600.6,633.1,633.1,632.9,633.1,659,664,648.9,636.9,632.9,631.1,631.1,636.2,651,671,680,682.1,631.9,659.2,664,649.2,636.8,632.8,630.8,630.9,635.7,650.7,670.8,679.9,682,633.5,658.9,664,649.1,637,633.1,630.9,630.9,635.7,651,671,680.1,682,633.5,0.15,TRUE,1
248173898,05.11.2021 12:21,05.11.2021 12:24,524.8,498.7,536.6,510.2,547.1,515,566.9,535,595.6,557.2,629.8,600.5,632.9,633.1,632.8,633,659,663.9,648.9,636.9,633,630.9,631,635.9,651,671,680,682.1,631.7,659,663.9,649.2,636.9,633,631,631,635.7,650.9,670.9,679.9,682.1,633.2,658.9,664,649,637,633,631.1,630.9,635.7,650.9,670.9,680,682,633.2,-0.06,TRUE,1
248173926,05.11.2021 12:22,05.11.2021 12:25,524.5,498.6,536.9,510,547.1,514.9,566.8,535.1,594.3,557,630.3,600.5,633.3,633.1,633.1,633.1,659,663.9,648.9,636.9,633,630.9,630.9,636,651,671,680,682,631.9,659.2,664.1,649.1,637,633,631.1,631.1,635.8,650.9,670.9,679.9,682.1,633.1,659.1,664,649,636.9,632.9,631,631,635.8,650.9,671,679.8,681.9,633.1,0.21,FALSE,0
248173958,05.11.2021 12:22,05.11.2021 12:25,524.9,498.9,536.6,509.8,547.2,514.9,566.7,535,595.5,557,629.8,600.4,633.2,633.1,632.9,633.1,659,663.9,649,637,633,630.8,631,636,650.8,671,680,682.1,631.9,659,664,649.1,636.8,632.8,630.9,631.1,635.7,650.8,670.8,679.9,682,632.9,659,664,649.1,637,633,631.1,631,635.7,650.9,671,679.9,681.8,632.9,0.43,FALSE,0
248173987,05.11.2021 12:23,05.11.2021 12:26,525,499.4,536.9,509.7,547.2,515,567.1,535.1,594.3,556.9,630,600.4,632.9,633.1,633,633.1,658.9,663.8,648.9,637,632.9,630.9,630.9,635.8,650.9,670.9,680,682,632.1,659,663.9,648.9,636.9,632.8,631,630.9,635.9,650.9,671,679.9,682,632.8,659.1,664,649,637,633,631,631.1,635.9,651,671,680,681.9,632.8,0.47,FALSE,0
248174080,05.11.2021 12:24,05.11.2021 12:27,524.3,499.7,536.9,509.7,547.4,515.1,566.8,535.2,595.5,557,629.9,600.4,632.7,633,632.8,633.1,659.1,664,649,636.9,633,631,630.9,635.9,650.9,670.9,679.9,681.9,631.9,658.9,664,649.1,637,632.9,631,631,635.8,650.9,670.9,679.9,681.9,632.5,659,663.9,649,637,632.9,631,630.9,635.8,650.9,671,680,682,632.5,0.56,FALSE,0
248174137,05.11.2021 12:25,05.11.2021 12:28,524.5,499.4,536.8,509.9,547.2,515.1,566.8,535.1,595.4,557.1,629.9,600.5,633.1,633.1,632.9,633.1,659,664,648.9,637,633,631,631,636.1,651,671.1,680,682,632,659.1,664,649.2,637,632.9,630.9,631,635.8,650.8,670.9,679.9,682,632.3,659,664,649.1,637,633,631,631,635.8,651,671,680,682.1,632.3,0.12,TRUE,1
248174380,05.11.2021 12:29,05.11.2021 12:32,524.5,500,536.9,510.3,547.3,515.2,567.1,535,595.2,556.8,629.7,600.3,632.6,633,632.6,633,658.9,663.9,648.9,636.9,632.8,630.8,630.9,635.8,650.9,670.9,679.9,681.9,631.8,659.1,664.1,649.4,637.1,633.1,631.1,631,635.9,650.9,670.9,679.9,682,631.9,659.1,664,649,636.9,633,631,631,635.9,651,671,680,682.1,631.9,0.38,FALSE,0
248174501,05.11.2021 12:31,05.11.2021 12:34,524.5,499.1,536.9,510.1,547.2,515.1,567,535,595,556.8,629.9,600.4,633.1,633.2,632.9,633.2,659.1,664.1,649,637,633.1,631,631,636.1,650.9,671,680,681.9,632,658.9,663.9,649,636.9,633,631,630.9,635.9,651,671,680,681.9,632,658.9,663.9,649,637,633,631,630.9,635.9,651,671,680.1,682.1,632,0.16,TRUE,1
248174562,05.11.2021 12:32,05.11.2021 12:35,524.6,499.5,537,510,547,515,567,535,594.7,556.7,630.1,600.3,632.9,633.1,633,633.2,659,664,649,637,632.9,631,631,636,651.1,671,680,682.1,631.8,658.9,664,649,636.9,633,631.1,630.9,635.8,651,671,679.9,681.9,632,659,663.9,649,637,633,630.9,631,635.8,651,671,680,682,632,-0.04,TRUE,1
248174595,05.11.2021 12:32,05.11.2021 12:35,524.6,499.6,536.9,509.9,547.1,515,566.6,535,595.2,556.8,630,600.3,633.4,633.1,632.9,633.2,659,664,649,637,633,631,631,636,651,671,680,682,631.9,659,664,649.1,637.2,633.1,631.1,631.1,636.1,651.2,671.3,680.1,682,632.8,659.1,664,649,637,633,631,631.1,636.1,651,670.9,679.9,681.9,632.8,0.05,TRUE,1
248174623,05.11.2021 12:33,05.11.2021 12:36,525.1,499.8,536.8,510,547.1,514.9,567.1,535,594.6,556.6,630.1,600.3,633.2,633.2,633.1,633.3,659,664,649,636.9,632.9,630.9,631,636,651,671,680.1,682.1,631.9,658.9,663.9,649,637,633,631.1,631.2,636,651.1,671.1,680,682,632.8,659,664,649,636.9,632.9,631,630.9,636,651,671,680.1,682.1,632.8,0.04,TRUE,1
248174651,05.11.2021 12:33,05.11.2021 12:36,524.3,499.6,537.2,510,547.2,515,566.6,535,595.5,556.8,629.9,600.3,633.1,633.2,632.8,633.1,658.9,663.9,649,636.9,632.9,631,630.9,636.1,651,671,680,682,631.9,659,664,649,637,633,631,631,636,651.1,671,680.1,682,632.7,659.1,664,648.9,637,633,631,631,636,650.9,671,679.8,681.9,632.7,0.22,FALSE,0
248174684,05.11.2021 12:34,05.11.2021 12:36,524.8,499.6,536.6,510,547.3,515,567.2,535,594.4,556.6,630,600.3,633,633.2,633.2,633.1,658.9,664,649,637,633,631,630.9,636,651.1,671,680,682,631.9,659,664,649.1,637.1,633,630.9,630.9,635.9,651,670.9,679.9,682,632.2,659.1,664.1,649,637,633,631.1,631.1,635.9,651,671,680,681.9,632.2,0.14,TRUE,1
248174712,05.11.2021 12:34,05.11.2021 12:37,524.7,499.6,537.2,510,547.2,515,566.5,535,595.6,556.8,629.9,600.3,633.2,633.2,632.6,633,659,664,649,637,633,631,630.9,636,651,671,680.1,682,631.9,658.9,663.9,648.9,637,633.1,631,631,635.9,650.9,670.9,679.9,681.9,632.1,659,664.1,649.1,637,633,631,631,635.9,651.1,671,680.1,682,632.1,0.05,TRUE,1
248174745,05.11.2021 12:35,05.11.2021 12:37,524.2,499.5,536.6,510,547.2,515,567.1,535.1,594.3,556.7,630,600.4,633.2,633.2,633.3,633.1,659,663.9,649,637,633,631,630.9,636,651,670.9,680,681.9,631.9,658.8,663.9,649,636.9,633,630.9,630.9,635.9,651,670.9,680,681.9,632.2,659,664.1,649,637,633.1,631.1,630.9,635.9,650.9,671,680,682.1,632.2,0.1,TRUE,1
248174773,05.11.2021 12:35,05.11.2021 12:38,524.7,499.8,536.8,510,547.1,515,566.6,535,595.4,556.8,630,600.4,632.9,633.1,632.6,633.1,659.1,664.1,649.1,637,633,631,631,636,651,670.9,680.1,682,632,658.9,664,648.9,636.9,633,631,630.9,635.9,650.9,670.9,679.9,681.9,632.1,659,664.1,649.1,637,633,631.1,631,635.9,651.1,671,680.1,682.1,632.1,0,TRUE,1
248174806,05.11.2021 12:35,05.11.2021 12:38,524.3,499.7,536.8,509.9,547.2,515,566.9,535,594.3,556.6,629.9,600.3,633.2,633.1,633.1,633.1,659.1,664.1,649,637,633,631,630.9,636,651,670.9,679.9,681.9,632.1,659,664.1,649.1,637,632.9,630.9,630.9,635.9,651,670.9,679.9,682,632.1,659,664,649,637,633,631.1,631,635.9,651,671,680,682,632.1,-0.02,TRUE,1
248174834,05.11.2021 12:36,05.11.2021 12:39,524.9,499.7,536.9,510,547,515,566.6,534.9,595.4,556.7,630.1,600.4,633,633.2,632.8,633,659.1,664.1,649,637,633,631,631,636,651.1,671.1,680,682,632.1,659.1,664.1,649.2,637,633.1,631.1,630.9,635.9,651,670.9,679.9,681.9,632,659,664,649,636.9,632.9,631,631,635.9,651.1,671.1,680.1,682,632,0,TRUE,1
248174866,05.11.2021 12:36,05.11.2021 12:39,524.6,499.5,536.6,510.1,547.2,515,567,535,594.5,556.6,630,600.4,633.1,633.2,633,633,659,663.9,649,636.9,632.9,631,631,636.1,651.1,671.1,680,682.1,632.2,659,664.2,649.3,637.1,632.9,631,630.9,635.9,650.9,670.9,679.9,682,631.9,658.9,664,649,637,633,631.1,631,635.9,651.1,670.9,680.1,682.1,631.9,0.1,TRUE,1
248174895,05.11.2021 12:37,05.11.2021 12:40,524.7,499.5,537.1,510.2,547,514.9,566.9,535,595.3,556.7,630.1,600.4,633.1,633.2,633.1,633.2,659.1,664.1,649.1,637.1,633,631,631,636,651.1,671.1,680.1,682.1,632.1,659.1,664.1,649.2,637.1,633,631.2,631,636,651,671,680,682,631.9,658.9,663.9,649,636.9,632.9,630.9,631,636,651,671,680,681.9,631.9,0.13,TRUE,1
248174956,05.11.2021 12:38,05.11.2021 12:41,524.9,500.2,536.9,510.3,547.2,515.1,566.8,535,595.4,556.8,630.1,600.3,633.3,633.1,633.2,633.4,659,664.1,649,637.1,633,631.1,631,636.1,651,671,680.1,682.1,632,658.9,664,649.2,637,633.1,631.2,631.2,636.1,651.1,671.1,680.1,682,631.8,659,664,648.9,636.9,632.9,631,631.1,636.1,651,671,679.9,681.9,631.8,0.13,TRUE,1
248174988,05.11.2021 12:38,05.11.2021 12:41,524.3,500.1,536.9,510.3,547,515.1,566.8,535,594.4,556.5,630.3,600.3,632.9,633.2,632.8,633.2,658.9,663.8,649,636.9,633,631,630.9,636,650.9,670.9,680,682.1,632,659,664,649,637.1,633,631,631,635.9,651,671.1,680,682,631.9,659,664,649,637.1,633.1,631.1,631.1,635.9,651.1,671,680,682,631.9,-0.01,TRUE,1
248175049,05.11.2021 12:39,05.11.2021 12:42,524.6,499.7,536.7,510.1,547.4,515.1,566.9,535,594.3,556.5,630.3,600.3,632.8,633.1,632.8,632.9,658.9,664,648.9,637,633,630.9,631,636,651,671,680,681.9,631.9,658.9,663.9,649,637,632.9,631,631,635.9,650.9,671,680,682,632.1,659.1,664,649.1,637,633.1,631.1,631.1,635.9,651,671,680,682,632.1,0.13,TRUE,1
248175078,05.11.2021 12:40,05.11.2021 12:43,524.7,499.5,536.9,510.1,547.1,515.1,566.9,535,595.6,556.6,629.8,600.3,633.3,633.2,633.2,633,659,663.9,649,637.1,633,631,631,636,650.9,670.9,680,681.9,631.9,658.9,663.9,648.9,637,632.9,631,631,636,651,671,680,681.9,632.1,659,664,649.2,637.1,633.1,631,631,636,651,671,680.1,682,632.1,0.11,TRUE,1
248175199,05.11.2021 12:42,05.11.2021 12:45,524.5,499.8,536.7,509.8,547,514.9,566.8,534.8,595.2,556.6,630,600.3,632.7,633.1,633,633.1,659.1,664,649.1,637,633.1,631.1,631,636,651,670.9,680,681.9,632,659.2,664,649.1,637,632.9,631,631,635.9,651,670.9,680,682,631.9,658.9,664,648.9,636.9,632.9,630.9,631,635.9,651.1,671.1,680.1,682,631.9,-0.09,TRUE,1
248175260,05.11.2021 12:43,05.11.2021 12:45,524.4,499.8,536.8,509.8,547.1,514.9,566.9,534.9,595,556.5,630.1,600.3,632.9,633.1,633,633.1,659,664,648.9,636.9,633,631,631,636.1,651,671,680,682,632,659.1,664,649.1,637.1,633.1,631.1,631.2,635.9,651,671.1,680,682,631.9,659,664,649,637,633,631,631,635.9,651,670.9,680,682,631.9,0.05,TRUE,1
248175288,05.11.2021 12:43,05.11.2021 12:46,525.3,500.1,536.6,509.9,547.1,514.9,566.8,534.8,594.9,556.4,630,600.3,633.2,633.2,633,633,658.9,664,649,637,633,631.1,631,636,651,670.9,680,682.1,631.9,658.9,664.1,649.4,637.2,633.2,631.2,631,636,651.1,671.1,680,682,631.9,658.9,664,649,637,633,631,631,636,650.9,670.9,680,681.9,631.9,0.12,TRUE,1
248175321,05.11.2021 12:44,05.11.2021 12:46,524.4,499.7,537.1,509.9,547.3,515.1,567,534.9,594.9,556.4,630.2,600.3,633.2,633.2,633,633.1,659,664,649,637,633,631,631,636,651,670.9,680,682.1,632.1,658.8,664,649,637,633,631.1,631.1,636,651.1,671,680,682,631.9,659,664,648.9,637,633,631.1,631,636,651,670.9,679.9,681.9,631.9,0.03,TRUE,1
248175349,05.11.2021 12:44,05.11.2021 12:47,524.9,499.8,536.7,510.1,547.3,515.1,566.8,535,595.1,556.5,629.9,600.3,633,633.2,633.1,633.1,659,664,649.1,637,632.9,630.9,631,636,650.9,671,680,682,632.2,658.9,664,649.1,637,633,631.1,631.1,636,651,671,680,682,632,659.1,664,649,637,633,631,631,636,651.1,670.9,679.9,681.9,632,0.06,TRUE,1
248175443,05.11.2021 12:45,05.11.2021 12:48,524.6,499.4,537,510.1,547.2,515,566.7,535.1,594.8,556.5,630,600.3,633.2,633.3,633,633,658.9,663.9,649,637,633,631,630.9,636,650.9,671,680,682,632.1,658.9,663.9,649,637,633,631,630.9,635.9,650.9,670.9,680,681.9,631.9,659.1,664,649,637,633.1,631,631,635.9,651,670.9,680,682,631.9,0.11,TRUE,1
248175471,05.11.2021 12:46,05.11.2021 12:49,524.4,499.5,536.7,510.1,547.4,515.1,567.1,535.2,595,556.6,629.9,600.4,632.9,633.2,632.9,632.9,659.1,664.1,649.1,637,632.9,631,631,635.9,650.9,670.9,680,682,632.1,658.9,664,649.2,636.9,633,631,631,636,650.9,670.9,680,682,631.9,659,664.1,649.1,637.1,633.1,631.1,631.2,636,651.1,670.9,680,682.1,631.9,0.04,TRUE,1
248175504,05.11.2021 12:46,05.11.2021 12:49,524.7,499.8,536.9,510.1,547.2,515.1,566.6,535.1,595,556.6,630,600.4,633.3,633.3,632.8,633,659.1,664.1,649.1,637,633,631.1,631,636.1,651,670.9,679.9,681.9,632,659,664,649.1,637,633,630.9,631,635.9,651,671,680,682,631.9,659,664,649.1,637,633,631,631.1,635.9,651.1,671.1,680.1,682.1,631.9,-0.13,TRUE,1
248175532,05.11.2021 12:47,05.11.2021 12:50,524.8,500,536.5,510.2,547.1,515,567,535,594.7,556.5,630,600.4,633.1,633.3,633,633.1,659,664,649,637,633,631,631,636.1,651,671,680,682,632,659.1,664,649.2,637.1,633,631,630.9,635.9,651,670.9,680,682,631.8,658.9,664,648.9,637,633,631,631.1,635.9,651.1,670.9,680,682.1,631.8,0.12,TRUE,1
248175565,05.11.2021 12:47,05.11.2021 12:50,524.5,499.9,537.3,510.2,547.3,515,566.6,534.9,595.1,556.6,630.1,600.5,633.2,633.2,632.9,633,659,664.1,649,636.9,633.1,631.1,631,636,651,670.9,680,681.9,631.9,659.1,664,649.4,637,632.9,631.1,631.1,636,651,671,679.9,682,632,658.9,663.9,648.9,636.9,632.9,631,631,636,651,671.1,680.1,682,632,0.11,TRUE,1
248175790,05.11.2021 12:51,05.11.2021 12:54,524,495.8,537.6,510.5,547.6,516.9,565.7,535.7,594.1,558.2,630.4,601,633.3,632.4,633.5,632.8,659,664,649,637,632.9,631,631,636.1,651,671.1,680,682.1,632.1,658.9,664,649.1,637.1,633,631,631,636,651.1,671.1,680,682,631.9,659,664,649,637.1,633.1,631.1,631,636,651,671,680,681.9,631.9,0.1,TRUE,1
248175851,05.11.2021 12:52,05.11.2021 12:55,524.3,497.9,537.6,509.9,547.6,515.8,565.6,534.7,595,557.7,629.4,600.2,633.3,633,633.6,633.4,659,663.9,648.9,637,633,631,631.1,636,651,671,680.1,682.1,631.8,659,664,649.1,636.9,633,631.2,631,636.1,650.9,670.9,680,681.9,632,659.1,664.1,649,637,633,631.1,631,636.1,651.1,671,680,682,632,0.03,TRUE,1
248175883,05.11.2021 12:52,05.11.2021 12:55,525.2,499.6,536,509.7,546.7,515.2,568.2,534.5,594.7,557.2,630.5,600.2,633,633.1,632.3,633.1,658.9,664,648.9,636.9,632.9,630.9,630.9,635.9,650.9,671,680,681.9,631.8,659,664,649.1,637,633,631,631,636,651.1,671.1,680.1,682,632.1,659,664,649.1,637,633,631,631,636,651,671,679.9,681.9,632.1,0.13,TRUE,1
248175912,05.11.2021 12:53,05.11.2021 12:56,524.5,500.6,537.6,509.4,547.6,514.8,565.6,534.2,595.5,557.3,629.6,600,633.5,633.3,633.7,633.2,658.9,663.8,648.9,636.9,633,631,630.9,636,650.9,671,679.9,682,632,659.1,664,649.3,637.1,633,631,630.9,635.9,651,671,679.9,682,632,659.1,664,649.1,637.1,633.1,631.1,631,635.9,651,671,680.1,682.1,632,0.17,TRUE,1
248175944,05.11.2021 12:53,05.11.2021 12:56,524.3,501,536.3,509.2,546.8,514.5,568,534.4,594.4,556.9,629.9,600,632.6,633.1,632.3,633.1,659,664,648.9,637,633,631,631,635.9,650.9,670.8,680,682,632.2,659.1,664.2,649.3,637,633,631,631,636,650.9,671,680,682,631.9,659.1,664.1,649.1,637.1,633.1,631.2,631.2,636,651.1,671.1,680.1,682.1,631.9,0.07,TRUE,1
248175973,05.11.2021 12:54,05.11.2021 12:57,524.5,500.7,537,509.1,547.2,514.4,565.8,534.4,595.5,557.1,630.2,600.2,633.7,633.3,633.4,633.2,659,663.9,648.9,637,633,631,630.9,635.9,650.9,671,679.9,681.9,632.2,659,664,649.2,637,633.1,631.1,631,635.9,651,671,679.9,682,631.8,659,664,649,637,633,630.9,631,635.9,651.2,671.1,680.1,682.2,631.8,0.06,TRUE,1
248176005,05.11.2021 12:54,05.11.2021 12:57,524.2,499.9,536.6,509,547.1,514.5,567.7,534.8,594.5,556.9,629.7,600.2,632.7,633.1,632.7,633,659.1,664.1,649,637,633,631,630.9,635.9,650.8,670.9,680,681.9,632.1,659.1,664.1,649.4,637.1,633.1,631.3,631.1,636,651.1,671.1,680,682.1,631.9,659,664,649,637,633.1,631.1,631,636,650.9,671,680.1,682.2,631.9,0.29,FALSE,0
248176033,05.11.2021 12:55,05.11.2021 12:58,524.4,499.1,536.8,508.9,547.2,514.6,566.2,535,595.4,557.1,630.2,600.4,633.3,633.1,632.9,632.9,659.1,664.2,649,637,633,631,631,636,650.9,671,679.9,681.9,632,659.1,664.1,649.2,637.2,633.1,631.2,631.2,636.1,651.1,671.2,680,682.1,631.9,659,664,649,637,633,630.9,631,636.1,651.1,671,680.1,682,631.9,-0.06,TRUE,1
248176066,05.11.2021 12:55,05.11.2021 12:58,524.4,498.6,536.8,509,546.9,514.7,567.3,535.2,594.4,556.7,630.1,600.4,633,633.1,633.1,632.9,659,664,649.1,637.1,633,631,631,636,651.1,671,680,682,631.9,659,664,649.2,637,633.1,631.2,631.3,636,651.2,671.1,680.1,682,631.9,658.9,664,649,637,633.1,631.1,631,636,651,671,680,682,631.9,0.18,TRUE,1
248176123,05.11.2021 12:56,05.11.2021 12:59,525,498.9,536.9,509.5,547,515,567.1,535.3,594.3,556.8,630.5,600.4,633.3,633.1,633.3,633.2,659.1,664,649.1,637,633,631,631,636,651,671.1,680.1,682.2,632.1,658.9,663.9,649,637,633,631.1,631,636,651,671.1,680,681.9,632,659,664,649,637,633.1,631.1,631.1,636,651.1,671.1,680,682,632,0.17,TRUE,1
248176155,05.11.2021 12:57,05.11.2021 12:59,524.8,499.4,536.9,509.9,547.1,515.2,566.6,535.2,595.7,556.8,629.7,600.2,633,633.1,632.7,633.3,659,664,649,637,633,631,631,636,651.1,671,680,682.1,631.9,659,663.9,649.1,637,633.1,631.1,631,636,651.1,671.1,680.1,682,632,659,664,649,637,633,630.9,631,636,651.1,670.9,679.9,681.9,632,0.07,TRUE,1
248176184,05.11.2021 12:57,05.11.2021 13:00,524.8,499.8,536.7,510.1,547.2,515.2,566.9,535.1,594,556.6,630.3,600.2,633.2,633,633.3,633.3,659,664.1,649.1,636.9,633,631.1,631,636.1,651,671,680,682.2,631.9,658.8,663.8,649,637,633,631,631.1,636,651,671.1,680,681.9,632,659.1,664,649,637,633,631,631,636,651.1,671,680.1,682,632,0.1,TRUE,1
248176216,05.11.2021 12:57,05.11.2021 13:00,524.3,499.8,537.1,510.3,547.3,515.3,566.9,535.1,596,556.9,629.7,600.3,633,633.1,632.8,633.1,658.9,664,649,637,633.1,631,631,636.1,651,670.9,680.1,681.9,632,658.9,663.9,649.1,637,633,631,631,636,651,671,680,681.9,632,659,664,649,637,633,631,631,636,650.9,670.9,679.9,681.9,632,0.11,TRUE,1
248176306,05.11.2021 12:59,05.11.2021 13:02,524.8,499.6,536.9,510.4,547.3,515.1,566.7,534.7,594.3,556.6,629.9,600.2,633.1,633.1,633.2,632.9,659,664.1,649,637,633,631,630.9,636,650.9,671,680,682,632,659.1,664.1,649.2,637,633.1,631.1,631,635.9,651.1,671.1,680,682.1,632,659,664,649.1,636.9,633,631.1,630.9,635.9,651,671.1,680.1,682.2,632,-0.01,TRUE,1
248176338,05.11.2021 12:59,05.11.2021 13:02,524.4,499.8,536.9,510.5,547.3,515.1,566.9,534.8,595.5,556.7,630.1,600.4,633,633.1,632.9,633.1,659,664.1,649,636.9,632.9,630.9,631,636,650.9,670.9,679.9,681.8,632,659,664,649.2,637,632.9,631,631,636,650.9,671,679.8,682,631.9,658.9,664,649,636.9,632.9,630.9,631.1,636,651.2,671.1,680,682,631.9,0.04,TRUE,1
248176367,05.11.2021 13:00,05.11.2021 13:03,524.4,499.6,536.6,510.4,547.1,515,566.7,534.8,594.5,556.6,629.9,600.2,633,633,633,633.1,659,664,649,637,632.9,630.9,631,635.9,650.9,670.9,680,681.9,632,659.1,664.1,649.3,637.1,633.1,631.1,631.1,636,651.1,671.1,680,682,632.1,659,664,649,637.1,633.1,631.1,631,636,651,671.1,680.1,682.1,632.1,-0.02,TRUE,1
248176716,05.11.2021 13:01,05.11.2021 13:04,524.4,499,537,509.9,547.1,514.9,567,534.9,595.1,556.5,630.2,600.5,633.3,633.4,633.2,632.9,659,664.1,649.1,637.1,633,631,631.1,636.1,651.1,671.1,680,682,631.9,659.1,664,649.2,637.1,633,631.1,631,636.1,651.1,671.1,680.1,682.1,632.1,659.1,664.1,649.1,637.2,633.1,631.1,631,636.1,651,671,679.9,681.9,632.1,0.12,TRUE,1
248176744,05.11.2021 13:02,05.11.2021 13:05,525,499.3,536.9,509.8,547.4,514.9,566.7,535,594.9,556.6,629.9,600.5,632.9,633.2,632.7,632.9,659,664.1,649.1,637,632.9,631.1,631.1,636,651,671,680,682.1,631.9,658.9,663.9,649.1,637,633,631,631,636,651.1,671.1,680,682,632.1,659,664,649,637,633,631,631,636,651,671,680,682,632.1,0.25,FALSE,0
248176805,05.11.2021 13:03,05.11.2021 13:06,524.9,500.2,536.8,509.6,547.1,515,566.6,535,594.8,556.6,630,600.3,633.4,633,632.9,633.2,658.9,664,649,637,633,631,631.1,636,650.9,671,680,682.1,632,658.8,663.9,649,637,632.9,630.9,630.9,635.9,651.1,671.1,680,682,631.9,659.1,664,649,637,633,630.9,631,635.9,651,671,679.9,681.8,631.9,0.28,FALSE,0
248176927,05.11.2021 13:05,05.11.2021 13:08,524.8,499.3,536.8,510.1,547.3,515,566.7,534.9,594.9,556.4,630,600.2,633.2,633.2,632.7,633.1,659.1,664,649.1,637.1,633,631,631,636,650.9,670.9,680,681.9,632.2,659.1,664.1,649.2,637.1,633.1,631.1,631,636,651,671,680,682,632,659,664,649,637.1,633.1,631.1,631,636,651,671,680.1,682.2,632,0.2,FALSE,0
248176955,05.11.2021 13:05,05.11.2021 13:08,524.9,499.3,536.7,510.2,547.1,514.9,566.9,534.9,595.1,556.4,629.8,600.2,633.3,633.3,633.1,633.1,659.1,664.2,649,637,632.9,631,631,636,650.9,670.9,680,681.9,632.2,659,664.1,649.5,637.1,633,631.1,631,636,651,671.1,680.1,682.2,632,659,664.1,649.1,637.1,633.1,631.1,631.1,636,651.2,671,680.1,682.1,632,0.32,FALSE,0
248176987,05.11.2021 13:06,05.11.2021 13:08,524.5,499.1,536.6,510.3,547.3,514.9,566.8,534.9,594.8,556.3,630.4,600.5,633.1,633.3,632.9,633,659.1,664,649.1,637.1,633,631,631,635.9,651,671,679.9,682,632.1,659,664,649,637,633.2,631.3,631.2,636.1,651.2,671.1,680.1,682.1,632.1,659.1,663.9,649,636.9,633,631,631,636.1,651,671.1,680,682,632.1,0.33,FALSE,0
248177016,05.11.2021 13:06,05.11.2021 13:09,524.5,499.2,536.9,510.3,547,514.9,566.7,534.9,594.8,556.4,630.1,600.4,633,633.3,633.1,633,659,664,648.9,637,633,631,631.1,636.1,651,671,680,682,631.9,659,664.1,649.2,637.1,633.1,631,631.1,636,651.1,671.2,680.1,682.1,632.1,659,664.1,649.1,637.1,633.1,631.1,631.1,636,651.1,671,680.1,682.1,632.1,0.66,FALSE,0
248177128,05.11.2021 13:08,05.11.2021 13:11,521.2,505.2,535.3,511.6,545,520.4,564.4,539,593.6,560.1,630.4,603.6,631.8,634.1,631.6,633.3,658.9,664,649,637,633,631,631.1,636,651.1,671,680,681.9,632.6,658.9,664,649.1,637.1,632.9,631.1,631,636,651,671,680,682,632,659,664,649,637.1,633,631,631,636,650.9,670.9,679.9,682,632,0.28,FALSE,0
248177161,05.11.2021 13:08,05.11.2021 13:11,526.6,502.6,537,511.6,547.3,519.7,568.5,538.6,595.8,559.7,629.1,602.6,633.7,633.1,633.7,632.7,659.1,664,649,636.9,632.9,631,631.1,636,651,671.1,680.1,682,632.5,658.8,663.9,649,636.8,632.9,631,631,635.9,651,671.1,680.1,682,631.9,659,664,649,637,633,631,631.1,635.9,651,671,680,682,631.9,0.25,FALSE,0
248177189,05.11.2021 13:09,05.11.2021 13:12,523.2,498.9,537.1,511.3,547.2,518.9,565.5,537.4,594.2,559.2,630.9,602.3,633,632.4,632.6,632.3,659,663.9,649,637,632.9,631,631,636.1,651.1,671.1,680.1,682.2,632.3,658.9,663.9,649,637,633,631.1,631,636,651,671,679.9,681.9,631.9,658.9,664,649,637,633,631,630.9,636,650.9,670.9,679.9,682,631.9,0.25,FALSE,0
248181194,05.11.2021 14:07,05.11.2021 14:10,524.7,499.8,536.6,510.2,547.1,515,567.1,534.9,594.9,556.6,630.1,600.5,632.8,633.2,632.9,632.9,659,664,648.9,636.9,633,631,631.1,635.9,651,671,680,682.2,632,659.1,664.1,649.1,636.9,633.1,631.2,631,636,651,671,680,682,632.4,659,663.9,649,637,633,631,631,636,651,671,679.9,681.9,632.4,0.04,TRUE,1
248181255,05.11.2021 14:08,05.11.2021 14:11,524.2,499.4,537,510,547.3,515,567.1,534.9,594.7,556.5,630,600.3,632.6,633.1,633.1,633,659,663.9,649,637,633,631,631,635.9,651,671,680,682.1,631.9,659.1,664.1,649.3,637,633,631.1,631.1,635.9,651.1,671,680,682,632.3,659.1,664,649,637,632.9,631,631,635.9,651,671,679.9,681.9,632.3,-0.13,TRUE,1
248181284,05.11.2021 14:09,05.11.2021 14:12,525.3,499.5,536.6,510,547.2,514.9,566.6,534.9,595.1,556.6,629.7,600.3,633.4,633.2,632.8,633.2,658.9,663.9,649.1,637,633,631,630.9,635.9,651,671,680.1,682,632,659.1,664.1,649.4,637.3,633.2,631.2,631.1,636.1,651.1,671.1,680,682,632,659.1,664,649.1,637,633,631,631,636.1,650.9,670.9,679.9,681.9,632,0.14,TRUE,1
248182292,05.11.2021 14:24,05.11.2021 14:27,506.6,495.9,520,519.1,542.7,530.7,557.8,544.1,578.6,563.1,611.6,599.7,633,632.2,631.7,632.3,658.8,663.7,648.6,636.6,632.7,630.7,630.6,635.5,650.6,670.6,679.9,681.9,631.9,658.9,664,649.1,637,633,631,631.1,636.1,651,671.1,680,682,631.8,659.1,664,648.9,637,633,631,631,636.1,651,670.9,680,682,631.8,-0.18,TRUE,1
248182464,05.11.2021 14:27,05.11.2021 14:30,511.3,496.6,526.4,515.4,546.7,524.6,565.4,539.9,585.6,559.6,614,599.6,631.6,632.7,631.5,632.5,659,663.9,648.7,636.6,632.6,630.6,630.6,635.5,650.5,670.5,679.9,681.8,631.5,659.1,664,649.3,637.2,633,631.2,631.1,635.9,651.2,671,680,682,632.2,658.9,663.9,648.9,636.9,632.9,630.9,631,635.9,651.1,671,680,682.1,632.2,0.03,TRUE,1
248182493,05.11.2021 14:28,05.11.2021 14:30,513.1,497.9,531.2,514.6,546.4,523.4,565.7,539.2,588.7,559.6,618.7,600.1,633.7,632.5,633.5,632.8,659.1,663.9,648.8,636.7,632.7,630.8,630.7,635.7,650.6,670.7,679.9,681.9,631.6,659,664.1,649.5,637.2,633.2,631.2,631.1,636.1,651.3,671.2,680,682,632,659,663.9,649.1,637,633,631,631,636.1,651,671,680.2,682.2,632,0,TRUE,1
248182643,05.11.2021 14:30,05.11.2021 14:33,517.3,495.7,533.4,510.5,546.8,519.5,567.4,536.8,589.6,558,622.3,600.4,633,632.5,632.7,632.7,658.9,663.9,648.7,636.7,632.7,630.6,630.6,635.8,650.7,670.7,680,682,631.5,659,664,649,637,633,631.1,631,636,651,670.9,680,682,631.9,658.9,664,649,636.9,633,630.9,631.1,636,651,671.1,679.9,681.9,631.9,0.19,TRUE,1
248182675,05.11.2021 14:30,05.11.2021 14:33,518.3,496,535.2,509.7,547.1,519,566.3,536.3,595.5,558.7,621.1,600.4,633,632.6,632.5,632.6,659,664,648.8,636.8,632.8,630.9,630.7,635.7,650.7,670.7,680,682.2,631.5,659,664.1,649.1,637,633,631.1,631,636,650.9,670.9,680,682,631.9,659,664,649,636.9,633,631,631,636,651,670.9,680,681.9,631.9,0.12,TRUE,1
248182704,05.11.2021 14:31,05.11.2021 14:34,519.2,496.8,535.5,509.1,546.8,518.5,567.3,536,591.1,558.1,623.4,600.5,633.2,632.7,633.1,632.8,658.9,663.9,648.8,636.7,632.7,630.7,630.6,635.8,650.7,670.7,679.8,682,631.4,659.1,664.1,648.9,636.9,633,631,630.9,636,651,671,680,682,632,659,663.9,648.9,636.9,633,631,631,636,650.9,670.9,679.8,681.8,632,0.01,TRUE,1
248182736,05.11.2021 14:31,05.11.2021 14:34,520.1,497.7,536.8,508.7,547.2,518.2,566.6,535.6,597.3,558.7,623.4,600.7,632.7,632.7,632.4,632.7,659,663.9,648.8,636.8,632.8,630.8,630.7,635.8,650.7,670.7,679.9,682,631.5,659.1,664.1,649.1,636.9,633.1,631,631,636,651,670.9,679.9,682,632,659.1,664,649,637,633,631,631,636,650.9,671,680,682,632,0.07,TRUE,1
248182765,05.11.2021 14:32,05.11.2021 14:35,521,498.4,536.2,508.4,547.1,517.8,566.9,535.3,592.3,558.1,624.6,600.7,633.3,632.7,633.1,632.8,659,664,648.9,636.9,632.8,630.8,630.8,635.8,650.7,670.7,679.9,682,631.7,659.2,664.1,649.2,637.1,633,631.1,631,636,651,671,679.9,682,631.9,659,664,649.1,636.9,632.9,631,631,636,651,671,680,682,631.9,0.13,TRUE,1
248182797,05.11.2021 14:32,05.11.2021 14:35,521.6,498.6,536.7,508.3,547,517.4,566.9,535,597.4,558.6,625.4,600.9,633.1,632.7,632.4,632.8,658.9,663.9,648.8,636.8,632.8,630.8,630.8,635.7,650.7,670.7,679.8,681.8,631.8,659.1,664.1,649.2,637.1,633.1,631,631,636,651.1,671.1,680.1,682.1,632,659,664,649,637,633.1,631,630.9,636,650.9,671,680,682.1,632,0.03,TRUE,1
248182826,05.11.2021 14:33,05.11.2021 14:36,522.6,499.1,536.5,508.6,547.2,517.1,566.7,534.9,592.5,558.1,626.5,600.9,633,632.5,633.1,632.9,658.9,663.9,648.8,636.8,632.7,630.8,630.8,635.7,650.6,670.7,679.9,681.9,631.9,659.2,664.1,649.3,637.1,633.2,631.3,631.4,636.1,651.1,671.1,680,682.1,632,659,664.1,649,637,632.9,630.9,631,636.1,651,671.2,680.2,682.2,632,0.07,TRUE,1
248182886,05.11.2021 14:34,05.11.2021 14:37,524.9,498.5,536.3,509.2,547.4,516.7,566.4,534.7,592.9,557.9,628.5,601.1,633.2,632.8,633.1,632.8,659,664.1,648.9,636.8,632.8,630.9,630.9,635.8,650.7,670.7,679.8,681.8,631.8,659,664.1,649,636.9,633,631.1,631,636.1,651.1,671.1,680,682.1,632.1,658.9,663.9,649,637,633,631,630.9,636.1,651,671,680.1,682.1,632.1,0.23,FALSE,0
248182919,05.11.2021 14:34,05.11.2021 14:37,523.8,497.9,536.9,509.8,546.8,516.4,567.4,534.8,596.3,558.2,628.7,601.2,632.8,632.8,632.5,632.7,659.1,664,648.9,636.9,632.9,630.9,630.8,635.8,650.7,670.8,679.8,682,631.7,658.9,663.9,649.1,636.9,633.1,631.1,631.1,636,651.1,671.2,680,682,632,659,663.9,648.9,637,632.9,630.9,631,636,651.1,671.1,680,682.1,632,0.23,FALSE,0
248182947,05.11.2021 14:35,05.11.2021 14:38,524.6,497.8,536.5,510.1,547.2,516.3,566.5,534.8,593.9,557.9,629.7,601.1,633.2,632.9,632.9,632.7,659,664,648.9,636.8,632.8,630.8,630.8,635.9,650.8,670.9,679.9,681.9,631.6,659,664,649.1,637.2,633,630.9,630.9,636,651.1,671,680,682,632,659,664,649.1,637.1,633,631,631,636,650.9,670.9,679.9,682,632,0.01,TRUE,1
248182980,05.11.2021 14:35,05.11.2021 14:38,524.8,498.1,536.4,510.5,546.9,516.1,567.4,534.9,595.7,557.9,629.9,601.1,633.1,632.9,632.6,632.7,659,664,648.9,636.8,633,631,630.8,635.9,650.9,670.8,679.9,682.1,631.7,658.9,664,649,637,633,631.1,631.1,636,651.1,671,680,681.9,631.9,658.9,664,648.9,637,633,631,631,636,651,671,680.1,682,631.9,0.04,TRUE,1
248183008,05.11.2021 14:36,05.11.2021 14:39,524.4,498.4,537.2,510.7,547.2,515.9,566.4,534.8,594.6,557.8,629.6,600.9,633.1,633,632.9,632.8,659,664,648.9,636.9,632.9,630.9,630.9,635.8,650.8,670.9,680,682.1,631.7,659,664,649.1,636.9,633,631.1,631.1,636,651,671,680,681.9,631.9,659,664,649,637,633.1,631,631,636,651,671,679.9,681.9,631.9,-0.01,TRUE,1
248183146,05.11.2021 14:38,05.11.2021 14:41,526.5,502,537.7,512.2,547.3,519.7,568.7,538.3,596.4,560.5,628.7,602.6,633.1,632.7,633.4,633,659,663.9,648.8,636.9,632.9,630.9,630.9,636,651,671,680,682.2,632.5,659.1,664,649.2,637.1,633,631.1,631,636,651,671,680,682,631.9,658.9,663.9,649,637,633,631,631,636,651,671,680,681.9,631.9,0.35,FALSE,0
248183178,05.11.2021 14:38,05.11.2021 14:41,523,498.2,536.4,511.8,547.2,519,565.3,537.2,594,559.9,630.8,602.3,633.3,632.1,632.6,632.5,658.9,663.9,648.9,636.9,632.9,630.8,630.8,635.8,650.9,671,679.9,682,632,659.1,664,649.2,637,633.1,631.1,631.1,636,650.9,671,680,682,631.9,658.9,664,649,637.1,633.1,631,631,636,651,670.9,680,682,631.9,0.02,TRUE,1
248183207,05.11.2021 14:39,05.11.2021 14:42,525.2,495.7,536.8,511.4,546.8,518.3,568.3,536.9,595.7,559.5,629.1,601.7,632.6,631.8,632.7,632.3,659,664,648.9,636.8,632.9,631,630.9,636,650.9,670.9,679.9,682.2,631.6,659,664.1,649.3,637.1,633,631.1,631.1,636,651.2,671,680,682,632,659.2,664.1,649,637,633,631,631.1,636,651,671,680,682,632,-0.05,TRUE,1
248183240,05.11.2021 14:39,05.11.2021 14:42,524.1,494.4,537.2,510.8,547.6,517.8,565.7,536.2,595,559.3,629.8,601.4,633.6,632.1,633.3,632.7,658.9,663.9,648.9,636.9,632.9,630.9,630.9,635.9,650.9,670.9,679.9,682,631.3,659.1,664.1,649.2,637.1,633,631.1,631.2,636.1,651.1,671,680,682.1,632,659,663.9,649,637,633,631,631,636.1,650.9,671,680,681.9,632,-0.08,TRUE,1
248183268,05.11.2021 14:40,05.11.2021 14:43,525,495,536.4,510.4,547,517.1,568.4,535.8,594.8,558.9,630.1,601.2,632.6,632.4,632.4,632.8,658.9,663.9,648.8,636.8,632.8,630.7,630.9,635.9,650.8,670.9,680,682.1,631.4,659,664,649.2,637.1,633.1,631.2,631.1,636,651.3,671.2,680.1,682.1,632.1,659.1,664,649,637,633,631,631,636,651,671,679.9,681.9,632.1,0.22,FALSE,0
248183301,05.11.2021 14:40,05.11.2021 14:43,524.6,496.7,537.2,510,547.6,516.7,565.4,535.1,595.7,558.7,629.3,600.6,633.3,632.8,633.5,633.2,658.9,663.9,648.9,636.8,632.8,630.8,630.8,635.8,650.8,670.8,679.9,681.9,631.6,658.9,664,649.1,637.1,633.1,631.1,631.1,636,651.1,671.1,680.1,682,632,659.1,664.1,649.1,637.1,633.1,631.1,631.1,636,651.1,671,679.9,682,632,-0.09,TRUE,1
248183329,05.11.2021 14:41,05.11.2021 14:44,525,498.6,536.3,509.7,546.7,516.1,568.2,534.9,594,558.2,630.3,600.5,632.9,633,632.3,633.1,659,664,649,636.9,632.8,630.8,630.8,635.9,650.8,670.8,679.9,681.9,631.8,658.9,664,649.1,637.1,633.1,631,631,636.1,651.1,671.1,680.1,681.9,632,659,664,649,637,633,631,631,636.1,651,671,680,682,632,-0.01,TRUE,1
248183418,05.11.2021 14:42,05.11.2021 14:45,524,499.7,537.3,509.3,547.3,515.1,566.2,534.3,596.1,558,629.8,600.4,632.7,633,633.1,633,659.1,664.1,649,637,632.9,630.9,631,635.9,650.9,670.9,679.9,681.8,632,659,664,649,637,633,630.9,631,636,651,671,680,681.9,632,659,664,649,637,633,631,631,636,651.1,671,680,681.9,632,0.05,TRUE,1
248183451,05.11.2021 14:43,05.11.2021 14:45,525,499.4,535.9,509.3,547,514.8,567,534.5,593.9,557.6,630.2,600.5,633.4,633,632.7,633,659.1,664,649,637,633,631.1,630.9,635.8,650.8,670.8,679.9,682,631.9,658.9,664,649,637,632.9,630.9,630.9,635.9,651,671.1,680,682,632.1,658.9,663.9,648.9,636.9,632.9,630.9,631.1,635.9,651.1,671.1,680.1,682,632.1,0.12,TRUE,1
248183479,05.11.2021 14:43,05.11.2021 14:46,524.1,498.7,537.5,509.5,547,514.7,566.6,534.6,596,557.8,629.8,600.5,633.3,632.9,633,633.1,659,664,649,637,633,631,631,636,651,670.9,679.9,682.1,631.8,659.1,664,649.2,636.9,633,631.1,631.1,636,650.9,670.9,680,681.9,632.1,658.9,664,649,637,633,631,630.9,636,651,671,680.1,681.9,632.1,0.01,TRUE,1
248183572,05.11.2021 14:44,05.11.2021 14:47,524.9,498.5,536.7,510,547.2,514.8,566.9,535.1,593.9,557.3,630,600.6,632.9,632.9,633,633,658.9,663.9,648.9,636.8,632.9,631,630.9,635.8,650.9,671,680,682.2,631.9,659,664.2,649.3,637.1,633.1,631.3,631.1,636.1,651.2,671.1,680.1,682.2,632,659,664,649.1,637,633,631,631.1,636.1,651,670.9,679.9,681.9,632,0.3,FALSE,0
248183601,05.11.2021 14:45,05.11.2021 14:48,525.1,498.5,536.9,510.3,547,515,567,535.1,596.3,557.7,629.8,600.6,633.3,633,633,633,659,664,649,636.9,632.9,630.8,630.9,636,650.9,671,680,682,632.1,659,664.1,649.3,637.2,633.1,631,631.1,636.2,651.2,671.2,680.2,682.1,631.9,659,663.9,648.9,636.9,633,630.9,630.9,636.2,651.1,671,679.9,681.8,631.9,-0.11,TRUE,1
248183662,05.11.2021 14:46,05.11.2021 14:49,524.6,499.1,536.9,510.7,547.1,515.2,566.9,535.1,596.6,557.6,629.5,600.4,632.9,633.1,632.8,633,658.9,663.9,648.9,636.8,632.8,630.9,630.8,635.9,650.9,670.9,679.9,681.9,632.1,659,664.1,649.2,637.1,633.1,631.2,631.2,636.1,651.1,671.1,680.1,682,631.9,659.1,664.1,649.1,637.1,633,631.1,631.1,636.1,651,671.1,679.9,682,631.9,0,TRUE,1
248183723,05.11.2021 14:47,05.11.2021 14:50,524.5,499.6,536.8,510.7,547.2,515.3,567.2,535,596.4,557.4,629.7,600.5,633,633.1,632.9,633.1,659.1,664,648.9,636.9,632.9,630.9,630.9,636,650.9,670.9,680,681.8,632,658.9,664,649.2,637,633,631.1,631.1,636,651,670.9,680,682,632,659,664,649,637,633,631,631,636,651.2,671.1,680.1,682,632,0.03,TRUE,1
248183755,05.11.2021 14:47,05.11.2021 14:50,524.5,499.4,536.8,510.5,547.2,515.3,566.5,534.9,593.6,557.1,629.9,600.4,632.9,633,633,633.2,659.1,664,649.1,637,632.9,630.9,630.9,635.9,650.8,670.9,679.9,681.9,631.9,659,663.9,649.1,637.1,633,631.1,631.1,636,651.1,671.1,680,682,632.1,659.1,664.1,649.1,637.1,633.1,631,631.1,636,650.9,671,680.1,682,632.1,-0.16,TRUE,1
248183755,05.11.2021 14:47,05.11.2021 14:50,524.5,499.4,536.8,510.5,547.2,515.3,566.5,534.9,593.6,557.1,629.9,600.4,632.9,633,633,633.2,659.1,664,649.1,637,632.9,630.9,630.9,635.9,650.8,670.9,679.9,681.9,631.9,659,663.9,649.1,637.1,633,631.1,631.1,636,651.1,671.1,680,682,632.1,659.1,664.1,649.1,637.1,633.1,631,631.1,636,650.9,671,680.1,682,632.1,-0.06,TRUE,1
248183784,05.11.2021 14:48,05.11.2021 14:51,524.9,499.5,536.7,510.4,547,515.3,567.2,534.9,595.9,557.2,629.9,600.4,633,633,632.8,633.2,659,664,648.9,637,632.9,631,630.9,635.9,651,670.9,680,682,631.9,658.8,664,649.1,636.9,633,631,631,636,651.1,671,680,681.9,632.1,658.9,664,649,637,633,631,631,636,651.2,671,680.2,682.1,632.1,-0.31,FALSE,0
248183845,05.11.2021 14:49,05.11.2021 14:52,525.1,499.4,536.5,510,546.9,515,567.2,534.9,595.5,557.1,630.1,600.3,633.2,632.9,632.9,633.1,659,664,649,637,632.9,630.9,630.9,636,651,671,680.1,682,631.9,658.9,664,648.7,636.9,632.9,630.8,630.9,636,651.1,671,680.1,682,632.3,658.9,663.9,649,637,633,630.9,630.9,636,651,671,680,681.8,632.3,0.08,TRUE,1
248184089,05.11.2021 14:52,05.11.2021 14:55,524.5,499.3,536.9,509.9,547,515,567.2,535,595.2,556.9,629.9,600.3,633,633,633,633.1,659,664.1,649,636.9,633,630.9,630.9,635.8,650.9,670.9,679.9,681.9,632,659.1,664.1,649.1,637,633,631.1,631,635.8,650.8,670.7,679.8,682,632.4,659,664,649,637,633,631,631,635.8,651.1,671.1,680.1,682.1,632.4,0.4,FALSE,0
248184089,05.11.2021 14:52,05.11.2021 14:55,524.5,499.3,536.9,509.9,547,515,567.2,535,595.2,556.9,629.9,600.3,633,633,633,633.1,659,664.1,649,636.9,633,630.9,630.9,635.8,650.9,670.9,679.9,681.9,632,659.1,664.1,649.1,637,633,631.1,631,635.8,650.8,670.7,679.8,682,632.4,659,664,649,637,633,631,631,635.8,651.1,671.1,680.1,682.1,632.4,0.28,FALSE,0
248184393,05.11.2021 14:57,05.11.2021 15:00,524.6,498.9,537.1,510.1,547.3,514.8,566.9,534.9,594.4,556.6,630,600.3,632.9,633.1,633,633.1,658.9,663.9,649,637,633,631,630.8,635.9,650.8,671,680,681.9,631.9,659,664,649.1,637.1,633,631.1,630.9,635.8,650.9,670.8,679.9,682,631.7,659,664.1,649.1,637,633,631.1,631,635.8,651,671,680.1,682.1,631.7,0.03,TRUE,1
248184482,05.11.2021 14:59,05.11.2021 15:02,524.2,499.8,536.8,509.9,547.4,514.9,566.8,534.9,595.4,556.7,629.8,600.3,632.9,633.1,632.8,633.1,659.1,664.1,649,637,633.1,631,631,635.9,651,670.9,679.9,682,631.9,659,664.1,649.2,637.1,633.1,631,631.1,636,651,671.1,680,682.1,632.1,659,664,649,637,633.1,631.1,631,636,651,671.1,680.2,682.1,632.1,-0.09,TRUE,1
248184515,05.11.2021 14:59,05.11.2021 15:02,524.6,499.9,536.7,509.9,547.1,515,566.6,534.9,594.4,556.6,630.1,600.3,633.1,633,633,633.1,659,664,649,637,633,631,631,636,651,671,680,682.1,632.1,658.9,664,649,637,633.1,631.2,631.1,636,651.1,671,680,682,632.1,659,664,649,636.9,632.9,631.1,631,636,651,671,680,682.1,632.1,0.02,TRUE,1
248184543,05.11.2021 15:00,05.11.2021 15:03,525,499.9,536.7,509.8,547.1,514.9,567,535,595.2,556.7,630.4,600.4,633.1,633,632.9,633.2,659.1,664.1,649.1,637,633.1,631.2,631.1,636.1,651.1,671.1,680,682,632.1,658.9,663.9,649.1,637,632.9,631.1,631.1,635.9,650.9,671.1,680,682.1,632,659,664,649,637,633,631,631,635.9,651,671,679.9,681.9,632,0.01,TRUE,1
248184860,05.11.2021 15:01,05.11.2021 15:03,525,499.8,536.5,509.9,547.1,514.9,567,535,594.9,556.5,630,600.3,633.2,633.1,632.9,633,659,663.9,649,637,633.1,631.2,631,636,651,671.1,680.1,682.2,632.1,658.9,664,649,637,633.1,631.1,631.1,636.2,651.2,671.1,680,682.1,632.3,659,664,649,636.9,632.9,631,631,636.2,651,671,680,681.9,632.3,0.03,TRUE,1
248184889,05.11.2021 15:01,05.11.2021 15:04,525.2,499.6,536.9,510,547.2,514.9,566.6,534.9,595.1,556.6,630,600.3,633.3,633.2,632.8,633.1,658.9,664,649,637.1,633,631,631,636,650.9,671.1,680,682,632,658.9,664,649,637,633.1,631.2,631.2,636,651.1,671.1,680,682,632.3,659,664,649.1,637,633,631,630.9,636,650.9,671,679.9,681.9,632.3,0.2,FALSE,0
248184921,05.11.2021 15:02,05.11.2021 15:04,524,499.3,537.1,510,547.2,515,567.1,535,594.8,556.5,630.1,600.3,632.9,633.1,633.1,633.2,659,664,649,637,633.1,631.1,631.1,636.2,651,671,679.9,682,632.1,658.9,663.9,648.9,637,632.9,631,631,635.8,651,671.1,680.1,682.1,632,659.1,664.1,649,637,633,631,631,635.8,651,671,680,682,632,0.23,FALSE,0
248184949,05.11.2021 15:02,05.11.2021 15:05,525,499.6,536.9,510.2,547.2,515,566.6,535,595.3,556.6,630.2,600.4,633.5,633.2,633,633.1,658.9,663.9,649.1,637,633,630.9,630.9,636,650.9,671.1,680,681.9,632,658.9,664,649.1,637,633,631,631,635.9,650.9,670.9,680,682,631.7,659.1,664,649.1,637,633,631,630.9,635.9,651,671,680,682,631.7,0.06,TRUE,1
248185010,05.11.2021 15:03,05.11.2021 15:06,524.7,499.7,536.9,510.2,547.3,515,566.7,535,595.6,556.6,630.1,600.3,633,633.2,633.1,633,658.9,664,649,637,633,631,630.9,635.9,650.8,670.8,679.9,681.8,631.9,658.8,663.9,649,637.1,633,631.1,631.1,636,651,671,680,682,631.9,659,664,649.1,637,633,631,631.1,636,651.1,671,680.1,682.1,631.9,0.3,FALSE,0
248185043,05.11.2021 15:03,05.11.2021 15:06,524.8,499.6,536.5,510.2,547.1,514.9,566.8,534.9,594.3,556.4,630.2,600.4,633.2,633.2,632.8,632.9,659.1,664.1,649,637.1,633,631,630.9,635.9,651,670.9,680.1,681.9,631.9,659.1,664.1,649.2,637,632.8,630.9,630.8,635.9,650.9,670.9,679.9,681.9,632.1,659,664,649,637,633,631.1,631,635.9,651.2,671.1,680.2,682.2,632.1,0.11,TRUE,1
248185071,05.11.2021 15:04,05.11.2021 15:07,524.3,499.5,537,510.2,547.3,515,566.7,534.9,595.6,556.5,629.7,600.4,632.8,633.2,633,633,659.1,664,649.1,637,633,630.9,630.9,636,650.9,670.9,679.9,681.9,631.9,658.9,664,649,637,632.9,630.9,630.8,635.9,651,670.9,679.8,681.9,632.2,659,664,649.1,637,633,631,631.1,635.9,651.1,671.1,680,682,632.2,0.17,TRUE,1
248185104,05.11.2021 15:04,05.11.2021 15:07,525,499.6,536.4,510.1,547.2,515,566.8,535,594.3,556.4,630.5,600.4,633.3,633.2,632.7,633,659.1,664.1,649,637,633,631,631,636,650.9,670.9,679.9,681.9,631.8,659.3,664,649.2,637.1,633,631,631,635.9,650.9,670.9,679.9,681.9,632.2,659,664.1,648.9,637,633,631.1,631.1,635.9,651.1,671.1,680.1,682,632.2,0.11,TRUE,1
248185132,05.11.2021 15:05,05.11.2021 15:08,524.8,499.7,536.9,510,547.1,515,566.8,534.9,595.4,556.5,629.8,600.4,633.1,633.2,633.1,633.1,659.1,664.1,649.1,637.1,633.1,631,631,636.1,651,671,680,682,631.9,659.1,664.1,649.2,637,632.9,631.1,631,635.9,651,670.9,679.9,682.1,632,659,664,649,637,633,631,631,635.9,651,671,680,682,632,0.3,FALSE,0
248185165,05.11.2021 15:05,05.11.2021 15:08,524.4,500,536.8,510.1,547.2,515,566.6,534.8,594.6,556.4,629.9,600.3,633,633.1,632.8,633.2,659,664,649,637,633,631,631.1,636.1,651,671.1,680,682.1,632,659.1,664.1,649.3,637.1,633,631.1,631.1,635.9,650.9,670.9,680,682.2,631.8,658.9,664,649,637,633,631,631.1,635.9,651,671,680.1,682,631.8,-0.03,TRUE,1
248185193,05.11.2021 15:06,05.11.2021 15:09,524.6,500.1,536.9,510.1,547.1,515,567.1,535,595.1,556.4,630.4,600.3,633.1,633,632.8,633.1,658.9,663.9,649.1,637.1,633.1,631.1,630.9,636,651,671,680.1,682.2,632.1,659.1,664.1,649.1,636.9,633.1,631.1,631,636,651.1,671,680,682.1,631.7,659,663.9,649,637,633,631,630.9,636,651,671,679.9,681.8,631.7,0.09,TRUE,1
248185225,05.11.2021 15:06,05.11.2021 15:09,524.5,500.2,536.9,510.1,547.3,515,566.6,534.9,594.9,556.4,629.8,600.2,633.1,633.1,633.2,633.1,658.9,664,648.9,636.9,632.9,631,631,636,651,671.1,680,682.1,632,659,664.1,649.2,637.2,633,631.1,631.1,636,651.1,671,680,682.1,631.8,659,663.9,649,637,633,631,631,636,651,671,680,681.9,631.8,0.26,FALSE,0
248185315,05.11.2021 15:08,05.11.2021 15:11,524.5,499.4,536.7,510,547,514.9,567,534.9,595,556.5,629.8,600.4,633.1,633.2,632.7,633,658.9,663.9,649,637,633,631.1,630.9,636,650.9,670.9,680,681.9,632,659,663.9,648.9,637,633,631,630.9,635.9,650.9,671.1,680,682,631.8,659,664,649.1,637,633,631.1,631,635.9,651,671,680,681.9,631.8,0.12,TRUE,1
248185347,05.11.2021 15:08,05.11.2021 15:11,524.5,499.6,536.8,510.1,547.5,515,566.6,534.9,595,556.4,630.1,600.4,633.1,633.3,633.1,633,659,664,649,637,632.9,630.8,631,636.1,651,671,679.9,681.8,631.9,658.9,664,649,637,633,631,630.8,635.9,651,671,680,682,631.9,659.1,664,648.9,637,633,631,631,635.9,651,671,680,682.1,631.9,0.13,TRUE,1
248185498,05.11.2021 15:11,05.11.2021 15:13,524.2,499.8,537.1,509.8,547.2,514.9,566.7,534.9,594.9,556.3,630.1,600.3,633.2,633.1,632.9,633.2,659.1,664.2,649.1,637.1,633,630.9,631,636.2,651,671,680,681.9,632.1,659.1,664.1,649.1,637,633.1,631.1,630.8,635.9,651,671,680,682.1,632,658.9,664,649,637.1,633,631,631,635.9,651.1,671.1,680.1,682,632,0.27,FALSE,0
248185558,05.11.2021 15:11,05.11.2021 15:14,524.7,499.7,536.9,509.9,547,514.8,566.9,534.9,595,556.3,630.2,600.2,633,633.1,632.9,633.1,658.9,663.9,649.1,637.1,633,631,631,636.2,651.1,671.1,680.1,682.1,632.1,659,664,649.3,637.1,633.1,631,631.1,636.1,651.1,671,680,682,632,658.9,663.9,648.9,637,633,631,630.9,636.1,650.9,670.9,680,681.8,632,0,TRUE,1
248185587,05.11.2021 15:12,05.11.2021 15:15,524.5,499.6,536.9,509.9,547.3,515,566.8,535,594.9,556.4,629.8,600.3,633.2,633.1,633,633,659,664,649.1,637,633.1,631.1,631.1,636.1,651.1,671.1,680.1,682.4,632.2,659.1,664.2,649.2,637.2,633.1,631,631.2,636.1,651.1,671.1,680,682.1,632.1,658.9,663.9,648.9,636.9,632.9,631,631,636.1,651,671,680,681.9,632.1,0.17,TRUE,1
248185619,05.11.2021 15:12,05.11.2021 15:15,524.9,499.9,537.1,509.8,547.1,515,567,535,595.1,556.4,630,600.4,633.1,633.2,632.8,633,659,663.9,649.1,637,633.1,631,631,636,651,671,680.1,682.1,631.9,659,664,649.1,637.1,633.1,631,631.3,636.1,651.1,671,680,682,632,659,663.9,649,636.9,632.9,631,631,636.1,651,670.9,679.9,681.9,632,0.1,TRUE,1
248185648,05.11.2021 15:13,05.11.2021 15:16,524.4,499.9,536.9,509.9,547.4,515.1,566.8,535.1,594.8,556.4,629.9,600.4,633.1,633.2,633.1,633,658.9,663.9,648.9,637,633,631,631,636,651,671,680,682.1,631.8,658.9,663.9,649.1,637.1,633,631.1,631.1,636,651.1,671.1,680.1,682,632,659.1,664,648.9,637,632.9,631,631.1,636,651.1,671,679.9,681.8,632,0.17,TRUE,1
248185709,05.11.2021 15:14,05.11.2021 15:17,524.4,499.5,536.8,509.9,547.1,515,566.7,535,594.9,556.4,630.1,600.4,633,633.1,633,633.2,659,664,649,637,633,631,631,636,651,670.9,680,682,632,658.9,664,649,637,633,631,631.1,636.1,651,670.9,680,682,631.9,658.9,664,649,637,633,631,630.9,636.1,651.1,671,680,682,631.9,0.08,TRUE,1
248185741,05.11.2021 15:14,05.11.2021 15:17,524.2,499.4,536.9,510,547.2,515.1,566.8,535,595,556.5,630,600.3,633,633.1,632.8,633.1,659.1,664,649,637,633,631,630.9,636,651,671,679.9,681.8,632.1,658.9,664,649.1,637,632.9,631,631,636,651.1,671,680,681.9,631.9,659,664.1,649.1,637.1,633.1,631,631.1,636,651.1,671.1,680.1,682,631.9,0.02,TRUE,1
248185770,05.11.2021 15:15,05.11.2021 15:18,524.6,499.6,536.5,510.1,547.2,515.1,566.9,535.1,594.8,556.4,630.2,600.3,633.3,633.1,632.9,633.1,659,663.9,649,637,633,631,630.9,636,651,670.9,679.9,681.9,632.1,659.1,664,649.1,637,633.1,631.1,631.1,636,651,670.9,680,682,631.9,659,664,649,637,632.9,631.1,631.1,636,651.1,671.1,680.2,682.2,631.9,0.15,TRUE,1
248185802,05.11.2021 15:15,05.11.2021 15:18,524.6,499.5,536.8,510.1,547.1,515,566.7,535,594.9,556.4,630,600.3,633.1,633.1,632.8,633,659,664.1,649,637,632.9,631,631,636,651,670.9,680,681.8,632.1,659.2,664.1,649.3,637.2,633,631.1,631,636,651,670.9,680,682,632,658.9,664,649,637,633,631,631,636,651.1,671,680,682,632,0.14,TRUE,1
248185831,05.11.2021 15:16,05.11.2021 15:19,524.8,499.5,536.5,510.2,547.1,515,566.7,534.9,594.7,556.3,630.1,600.3,633.1,633,632.8,633.1,659,664.1,649,636.9,633,631,631,636,651,671,680,682,632.1,659.1,664.1,649.2,637.2,633.1,631,631,636,651,671,680,682,632,658.9,664,649,637,633,631.1,631.1,636,651.1,671.1,680,682,632,0.23,FALSE,0
248185953,05.11.2021 15:18,05.11.2021 15:21,524.9,499.3,536.7,510,547.1,514.9,566.8,534.9,594.6,556.2,630,600.3,633.2,633.1,632.9,633.1,658.9,663.9,649,636.9,633,630.9,631,636,651.1,671,680.1,682.2,631.8,659,664,649,637,633,631.1,631.1,636,651.1,671.1,680.1,682.1,631.9,659,664,648.9,636.9,632.9,631,631,636,651.1,671,680,682,631.9,0.19,TRUE,1
248186014,05.11.2021 15:19,05.11.2021 15:22,524.7,499.6,536.6,510,547,514.8,566.8,535,594.4,556.3,630.3,600.4,633.3,633.3,632.9,633,659,664.1,649,637,633,631,631.1,636.1,651,671,680,682.1,632,658.9,664,649,636.9,633,631.1,631,636,651.1,671.1,680,681.9,631.9,659.1,664.1,649.1,637,633.1,631,631,636,650.9,671,679.9,681.9,631.9,0.09,TRUE,1
248186130,05.11.2021 15:20,05.11.2021 15:23,521.9,505.3,535.1,511.5,545.1,520.6,564.4,539.2,594.2,560.2,629.8,603.7,631.9,634.4,631.6,633.3,658.9,664,649,637,633,631,631.1,636,651.1,670.9,680,681.9,632.7,658.9,664,649.1,637,632.9,630.9,630.9,636,651,671,680,682,632,659,664.1,649,637,633,631,631.1,636,651,671,679.9,681.9,632,0.27,FALSE,0
248186191,05.11.2021 15:21,05.11.2021 15:24,522.6,498.8,536.8,511.1,547.2,519.1,565.2,537.6,594.4,559.1,630.8,602.4,633.1,632.3,632.4,632.3,659,664,649,636.9,632.9,630.9,631,636,650.9,670.9,679.9,681.8,631.9,659,664,649.1,637,633,631,630.9,636,651,670.9,680,681.9,632.1,659,664,649,636.9,633,631,631,636,651,671,680.1,682.1,632.1,0,TRUE,1
248186219,05.11.2021 15:22,05.11.2021 15:25,525.1,496.6,536.4,510.8,546.7,518.2,568,537.1,595.3,558.6,629.1,601.5,632.6,631.9,633.2,632.3,659.2,664.1,649.1,637,633,631,631.1,636,650.9,670.8,680,681.8,631.7,659,664,649.1,637,633.1,631.1,631.1,635.9,651,671.1,680.1,682.1,632.1,659,664.1,649.1,637.1,633.1,631.1,631.1,635.9,651.1,671.1,680.1,682.1,632.1,0,TRUE,1
248186251,05.11.2021 15:22,05.11.2021 15:25,524,495.6,537.1,510.5,547.4,517.6,565.8,536.2,594.7,558.4,630.5,601.3,633.4,632.4,633,632.7,659,664,649,636.9,633,630.9,631,635.9,651,670.9,679.9,681.9,631.5,659.2,664.1,649.3,637.2,633.1,631.2,631.2,636,651,671,680,682,632.1,658.9,664,649,637,633,631,630.9,636,651.1,671,680.1,682.1,632.1,0.08,TRUE,1
248186341,05.11.2021 15:24,05.11.2021 15:27,524.8,499.4,536.3,509.4,546.9,515.9,567.8,534.8,594,557.3,630.5,600.3,633,633.4,632.6,633,659.1,664.1,649,637,633,631,631.1,636,651.1,671,680,682.1,632,659,664,649.1,637,633,631.1,631.2,636.1,651.1,671.1,680.1,682.1,631.9,659,664,648.9,636.9,632.9,631,631,636.1,651.1,671,680,682,631.9,-0.12,TRUE,1
248186373,05.11.2021 15:24,05.11.2021 15:27,524.5,500.9,537.4,509.2,547.5,515.5,565.9,534.4,596,557.4,629.4,600.1,633.4,633.5,633.5,633.2,658.9,663.9,649,636.9,632.9,630.9,631,636,651,671.1,680,682.1,632.1,659,664,649.2,637,633.1,631.1,631,636,651.1,671.2,680.1,682.1,632,659,664,649,637,633,631,631.1,636,651,671,680,681.9,632,0.01,TRUE,1
248186402,05.11.2021 15:25,05.11.2021 15:28,525.2,501.5,536.1,509.1,546.7,515.1,567.7,534.4,593.4,556.8,630.2,600.1,632.8,633.2,632.5,632.9,658.9,663.9,648.9,636.8,632.9,631,630.9,635.9,650.9,671,680,682,632.1,659,664,649.1,637.1,633,631,631.2,636,651.1,671.1,680.1,682,632,659,664,649,637,633,631,631,636,651,671,679.9,681.9,632,0.18,TRUE,1
248186463,05.11.2021 15:26,05.11.2021 15:29,524.2,500.3,536.4,509.2,547,514.7,567.6,534.5,593.2,556.6,630.2,600.1,633,633,632.6,632.9,658.9,663.8,648.9,636.8,632.9,630.9,630.9,635.9,650.9,670.9,680,681.9,631.9,659,664,649.2,637,633,631.2,631.1,636.1,651.1,671.1,680,682,632.1,659,664,649,637.1,633.1,631.1,630.9,636.1,651,670.9,680,682.1,632.1,0.18,TRUE,1
248186523,05.11.2021 15:27,05.11.2021 15:29,524.3,499.1,536.5,509.4,547.2,514.7,567.2,534.9,593.3,556.6,630.3,600.3,633.1,633,632.7,633,659.1,664,649,637.1,632.9,631,631,635.9,650.8,671,680,681.9,631.8,659,664,649,637,633,631.1,631.1,636,651,671,680,681.9,632,659,664,649.1,637.1,633.1,631.1,631,636,651,671,680.1,682.2,632,-0.01,TRUE,1
248186552,05.11.2021 15:27,05.11.2021 15:30,524.4,498.8,536.8,509.7,547.2,514.8,566.6,535.1,596.2,556.8,629.8,600.3,633.1,633.1,633,633.1,659,664.1,649,637.1,633,631,631,635.9,650.9,671,680,682,631.9,659.1,664,649.2,637,633,631,631,636,651.1,671,680,682,632,659,664,649.1,637,633,631.1,631,636,651.1,671.1,680.2,682.1,632,0.37,FALSE,0
248186584,05.11.2021 15:27,05.11.2021 15:30,524.9,498.8,536.6,509.8,547.1,514.9,566.7,535.2,593.6,556.5,630.2,600.4,633.1,633.1,632.8,633,659.1,664.1,649,637,633,631,631,635.9,650.9,671,680,682.1,632,659.1,664.1,649.2,637,632.9,631.1,631.1,636,650.8,671,680,682,631.9,659,664,649,636.9,633,631,631.1,636,651,671,680,682.1,631.9,0.12,TRUE,1
248186645,05.11.2021 15:28,05.11.2021 15:31,524.5,498.9,537,510.1,547.2,514.9,566.5,535.2,594,556.5,630.1,600.3,633,633.1,633.1,633.1,659,664.1,649,637,633,631.1,631.1,636.1,651,671.1,680,682.1,632.2,659.2,664,649.3,637.2,633.1,631.2,631.2,636.1,651.1,671.1,680,682.2,632,659,664,649,637.1,633.1,631.1,631,636.1,650.9,671,680,681.9,632,0.06,TRUE,1
248186674,05.11.2021 15:29,05.11.2021 15:32,524.7,499.2,536.7,510.2,547.1,515,567.2,535.2,595.7,556.6,629.9,600.4,633.2,633.2,632.8,633.1,659,663.9,649.1,637,633,631,631,636,651,671.1,680,682,632.1,658.9,664,649.2,637.1,633.2,631.1,631.2,636,651.2,671.1,680.1,682.1,632.1,659,664,649,637,632.9,630.9,631.1,636,651,671,680,681.9,632.1,0.06,TRUE,1
248186706,05.11.2021 15:29,05.11.2021 15:32,524.4,499.6,537,510.3,547.2,515,566.4,535.1,594.1,556.4,630.1,600.4,633.1,633.2,633.2,633.1,659,664,649.1,637,633.1,631.1,631,636,651,671,680,682.1,632,658.9,664,649.1,637,633,631.2,631.1,636.1,651,671.1,680,682,632,659,664,649.1,637,633,630.9,631,636.1,651,671,680.1,682,632,0.42,FALSE,0
248186734,05.11.2021 15:30,05.11.2021 15:33,524.6,499.9,536.7,510.3,547.2,515,567.5,535,595.6,556.5,629.8,600.5,633,633.2,632.7,632.9,658.9,664,648.9,637,633,630.9,631,636.1,651,670.9,680,682,631.8,658.9,664,649,637,633.1,631.2,631.1,636,651,671.2,680.1,682,632,659,664,648.9,637,633,631,631,636,651,671,679.9,681.9,632,0.04,TRUE,1
248186767,05.11.2021 15:30,05.11.2021 15:33,524.5,499.9,537.1,510.4,547.5,515.1,566.4,534.9,594.2,556.4,629.9,600.3,633.2,633.1,633.1,632.9,659,663.9,649,636.9,633,631,631,635.9,650.9,670.9,679.9,682,631.8,658.9,664,649.1,637.1,633,631.1,631.1,636.1,651.1,671.1,680,681.9,632,659.1,664,649,637,633,631,631,636.1,651,671.1,679.9,682,632,0.13,TRUE,1
248186795,05.11.2021 15:31,05.11.2021 15:34,525.2,500.1,536.3,510.4,547,515.1,567.4,534.9,595.5,556.5,629.9,600.3,633,633.1,632.8,632.9,659,664,649,637.1,633,631.1,631,636.1,651,670.9,680,682,631.8,658.9,664,649.1,637.1,633,631,631,636,651.1,671.1,680,682,632,659,664.1,649.1,637,632.9,631,631,636,651.2,671,679.9,681.9,632,0.06,TRUE,1
248186828,05.11.2021 15:31,05.11.2021 15:34,524.3,499.7,537.3,510.2,547.5,515.2,566.3,534.9,594.4,556.3,629.9,600.3,633,633,632.9,633,658.9,663.9,649,637,633,631,630.9,636,650.8,670.8,679.9,681.9,631.9,659,663.8,649.1,637,633,631,631,636.1,651,671.1,680.1,681.9,632,659,664,649,637,633.1,631.1,631.1,636.1,651,671.1,680.2,682.2,632,-0.09,TRUE,1
248186917,05.11.2021 15:33,05.11.2021 15:36,524.8,499.3,536.2,509.8,546.9,514.9,567,535,594.9,556.4,630.1,600.4,633,633.2,633,633.1,659.1,664,649.1,637.2,633.1,631.1,631,635.9,651,671,680.1,682,632.2,659.2,664.1,649.4,637.2,633.1,631.1,631.1,636,651,671,680,682,632.1,659.1,664.1,649.1,637.2,633.2,631.1,631.1,636,651,671.2,680.1,682.1,632.1,0.25,FALSE,0
248186950,05.11.2021 15:33,05.11.2021 15:36,524.6,499.4,537.1,509.7,547.3,515,566.6,535.1,594.8,556.4,630.1,600.4,633.2,633.3,632.8,633,659.1,664.1,649,637,633,631.2,631.1,636.1,651.1,671,680,682.2,632.1,659.2,664,649.3,637.1,633.1,631.1,631,636,651,671,680,682,632.1,658.9,663.9,649,636.9,632.9,630.8,631,636,651.1,671,680,682,632.1,-0.02,TRUE,1
248186978,05.11.2021 15:34,05.11.2021 15:37,524.6,499.6,536.5,509.7,547.1,515.1,567,535.1,595,556.4,629.7,600.2,633.1,633.3,633.1,633.1,659,664,649.1,637,633,631,631,636,651.1,671.1,680,682.1,632.1,659.1,664.1,649.2,637.3,633.1,631.2,631.1,636,651,671.1,680,682.2,632,658.9,663.9,649,637.1,633.2,631.1,631,636,651.1,670.9,680,682.1,632,0.19,TRUE,1
248187039,05.11.2021 15:35,05.11.2021 15:38,524.4,500,536.6,509.8,547.2,515.1,566.8,535.1,595.4,556.5,629.5,600.3,633,633.2,633,633.2,659,663.9,649,637,633,630.9,631,635.9,651.1,671,680,682.1,632,659,664,649,637.3,633.3,631.2,631.1,636,651.1,671.1,680.1,682.1,632,659,664,649,637,633,631,631,636,651,671,679.9,681.9,632,0.23,FALSE,0
248187067,05.11.2021 15:35,05.11.2021 15:38,524.7,500,537.1,509.8,547.2,515.1,567,535.1,594.7,556.4,630.5,600.4,633.1,633.2,633,633.1,658.9,663.9,648.9,636.9,633,631,631,636.1,651.1,671,680,682,631.9,659,664,649.1,637.1,633,631.2,631.2,636.1,651.2,671.1,680,682,632,659,664.1,649.1,637.1,633.1,631.1,631,636.1,651,671,679.9,681.8,632,0.16,TRUE,1
248187100,05.11.2021 15:36,05.11.2021 15:38,524.9,499.8,536.4,509.9,547.4,515.1,566.9,535,595.2,556.4,629.7,600.4,633.2,633.2,632.9,633.1,659,664,649,637.1,633.1,631,631,636.1,651,671,680,682,631.8,659,664,649,637.2,633.1,631,631,635.9,651.1,671.2,680.1,682,632.1,659.1,664.1,648.9,637,633,631,631,635.9,651,670.9,679.9,681.8,632.1,0.09,TRUE,1
248187129,05.11.2021 15:36,05.11.2021 15:39,524.2,499.6,537.2,509.9,547.1,515,566.8,534.9,594.8,556.4,629.9,600.3,632.9,633,632.8,633,659,664,649.1,637,633,631,630.9,635.9,651,670.9,680.1,682.1,631.8,658.9,663.9,649,637,633,631,631.2,636.1,651,671,680,681.9,632.1,659.1,664,649.1,637,633,631.1,631,636.1,651,671,679.9,681.9,632.1,0.12,TRUE,1
248187251,05.11.2021 15:38,05.11.2021 15:41,524.4,499.5,536.9,510.1,547.2,514.9,566.7,535,595,556.4,629.9,600.3,632.8,633.1,632.8,633.1,659.1,664,649,637,633.1,631.1,631,635.9,651,670.9,679.9,681.9,632.2,659.1,664,649.2,637.1,633,631,631,635.9,651,670.9,680,681.9,631.8,659,664,649,637,633,631.1,631.1,635.9,651,671,680,682,631.8,0.03,TRUE,1
248187311,05.11.2021 15:39,05.11.2021 15:42,525,499.1,536.8,510,547.2,514.9,566.7,534.9,594.8,556.3,630.3,600.3,633.2,633.2,633,633.1,659,664,649,637,632.9,631.1,631,636.2,651.1,671.1,680,682.1,632.1,659.1,664.1,649.4,637.1,633.1,631,631,636.1,651.1,671,680,682,632,658.9,664,649,637,633,631,631,636.1,651.1,671,680.1,682,632,0.04,TRUE,1
248187344,05.11.2021 15:39,05.11.2021 15:42,524.3,499.4,537,510,547.1,514.8,566.8,535,595,556.3,629.8,600.3,632.9,633.2,632.8,633,659.1,664.1,649.1,637.1,633,631.1,631,636,651,671.1,680.1,682.1,632,658.9,664,649.2,637,633.2,631.2,631.1,636,651,671,680,682.1,632,658.9,663.9,649,637,632.9,631,631.1,636,651,671,679.9,681.9,632,0.15,TRUE,1
248187373,05.11.2021 15:40,05.11.2021 15:43,525,499.8,536.4,509.9,547.1,514.8,566.9,534.9,594.8,556.3,630.4,600.3,633.5,633.2,633.1,632.9,659,663.8,648.9,636.9,632.9,631,631.1,636,651,671.1,680,682.1,631.8,659.1,664.1,649.4,637.2,633.1,631,631.2,636,651.2,671.2,680.1,682.1,632.1,659,663.9,648.9,637,633,631,630.9,636,651.1,670.9,680.1,682,632.1,0.03,TRUE,1
248187405,05.11.2021 15:40,05.11.2021 15:43,524.5,499.6,537.1,509.8,547.2,514.8,566.9,534.9,595,556.3,629.9,600.2,632.8,633.1,632.8,632.9,659,664,649,637,633,631,631,636,651,671,680,682,631.7,659.1,664,649.1,637.2,633.2,631.3,631.1,636,651.1,671.2,680,682,632,659.1,664,648.9,637,633,631,631,636,651.1,671,680,681.9,632,0.15,TRUE,1
248187434,05.11.2021 15:41,05.11.2021 15:44,524.6,499.7,536.8,509.8,547.3,514.8,566.9,534.9,595,556.3,630.1,600.2,633.3,633.1,633.1,633,658.9,664,649.1,636.9,633,631,631,636,651,671,680.1,682,631.8,658.8,664,649,637,633,631.3,631.3,636.1,651.1,671.1,680,682,632,659,664,649.1,637.1,633,631.1,631,636.1,650.9,671,679.9,681.8,632,0.2,FALSE,0
248187466,05.11.2021 15:41,05.11.2021 15:44,525.3,499.8,536.8,509.9,547.1,514.8,566.8,534.9,594.9,556.2,629.9,600.3,632.9,633,632.8,633,659,664,649,637,633,631,631,635.9,651,670.9,680.1,682,632,659,663.9,649.1,637,633,631.1,631.1,636,651.1,671,680,682,632,659,664,649,637,632.9,631,631,636,651.1,671,680,682,632,0.21,FALSE,0
248187527,05.11.2021 15:42,05.11.2021 15:45,525.1,499.9,536.5,510.1,547.3,514.8,566.9,534.9,594.9,556.1,629.9,600.3,632.9,633.1,632.9,633.2,659,664,649,637,633,631,631,636,651,671,680,681.9,632.1,658.9,663.9,648.9,637.1,633.1,631.1,631.1,635.9,651.1,671,679.9,681.9,631.9,659,664.1,649.1,637,633,630.9,631.1,635.9,651.1,671,679.9,682,631.9,0.23,FALSE,0
248187588,05.11.2021 15:43,05.11.2021 15:46,524.6,499.4,536.7,510.1,547,515,566.7,534.9,594.8,556.1,630.1,600.4,633.2,633.1,632.8,633.1,659.1,664.2,649.1,637.1,633.1,631,631.1,636,650.9,671,679.9,681.9,632.1,659,663.9,649.2,637,632.9,631.1,630.9,636,650.9,671,680,682,631.9,659,664,649.1,637,633.1,631.1,631,636,651.1,671.1,680.1,682.2,631.9,0.14,TRUE,1
248187616,05.11.2021 15:44,05.11.2021 15:47,525.1,499.4,536.6,510.2,547.1,515,566.7,534.9,594.9,556.1,629.9,600.3,633,633.1,632.9,633.1,659.1,664.1,649.1,637,633,631.1,631.1,636.1,651,671,680,682,632.1,659,664.1,649,637.3,633.2,631.2,631.2,636.2,651.1,671.1,680.1,682,632.6,658.9,663.9,649,637,633,631,630.9,636.2,651,671,680.2,682.1,632.6,0.13,TRUE,1
248187648,05.11.2021 15:44,05.11.2021 15:47,524.1,499.5,537,510.2,547.2,515,566.9,535,594.9,556.2,630.2,600.4,633.1,633.2,632.9,633.1,659,664,649,637.1,633.1,631.1,631,636.1,651.1,671.1,680,682,632.1,659.1,664.1,649.2,637.1,633,631,631,636,651.1,671,680,682,632.7,659,664,649,637,633,631.1,631.1,636,651,671,679.9,681.9,632.7,0.09,TRUE,1
248187705,05.11.2021 15:45,05.11.2021 15:48,524.4,499.8,537.1,510,547.3,515,567,535.1,594.9,556.1,630,600.4,633,633.2,632.8,633,659,664,648.9,637,633,631.1,631,636,651.1,671.1,680,682.1,632,659,664,649.2,637.2,633,631.1,631,636,651.2,671.1,679.9,682,632.1,659,664,649,636.9,633,631,631.1,636,651.1,671,680,682,632.1,0.09,TRUE,1
248187766,05.11.2021 15:46,05.11.2021 15:49,524.4,500,537.1,510,547.2,515,566.9,535.1,594.9,556.2,630.1,600.5,633.4,633.1,632.9,633.2,658.9,664,649,637,633,631.1,631,636,651.1,671,680,682.1,632,659.1,664,649.1,637.2,633.1,631.2,631.2,636,651.2,671.1,680,682,631.8,659,663.9,649,637,633,631,630.9,636,650.9,671,680,681.9,631.8,0.21,FALSE,0
248187799,05.11.2021 15:46,05.11.2021 15:49,524.9,499.9,536.9,510.1,547.3,515,566.9,535.1,595.1,556.2,630,600.5,633,633.1,633,633.1,658.9,664,649,637,633,631,631,636.1,651,671,680,682,632,659,664,649,637.1,633,631,631,636,651.2,671.1,680.1,682.1,631.9,659.2,664.1,649.1,637.1,633.1,631.1,631.1,636,651,671,679.9,681.9,631.9,0.09,TRUE,1
248187827,05.11.2021 15:47,05.11.2021 15:50,524.6,499.7,536.8,510,547.1,514.9,566.9,535,594.6,556.1,630.1,600.3,633.3,633.1,632.8,633.1,659,663.9,649,637,633,631,631,635.9,650.9,670.9,679.9,681.9,631.9,658.9,664,648.9,637.1,632.9,631.1,631.1,636.1,651.1,671.1,680.1,682,632,659.1,664,649.1,637,633,631,631.1,636.1,651.1,671,679.9,682,632,0.19,TRUE,1
248187860,05.11.2021 15:47,05.11.2021 15:50,524.8,499.5,536.5,509.9,547.3,515,566.7,535,595.2,556.2,629.7,600.1,632.9,633,633,633.2,659,663.9,649,637,633,630.9,631,636.1,650.9,671,680,681.9,632,659,664,649,637.1,633,630.9,631,636,651.1,671,680,682,632,659,664,649,637,633,631,631.1,636,651.1,671,680.1,682.1,632,0.11,TRUE,1
248187888,05.11.2021 15:48,05.11.2021 15:51,524.2,499.4,537.2,509.9,547,514.9,566.8,534.9,594.6,556.1,630.5,600.3,633.3,633.1,632.9,633.2,659,664.1,649,636.9,633,630.9,631,636,651,670.9,680,682,632,658.9,663.9,649.1,637.1,632.9,631.1,631,636,651,671,680,681.9,632.1,658.9,664,649,637,633.1,631.1,631,636,651,671.1,680.1,682.1,632.1,0.15,TRUE,1
248187920,05.11.2021 15:48,05.11.2021 15:51,524.5,499.3,536.6,510,547.4,515,566.7,534.9,595.2,556.1,629.4,600.2,632.8,633.1,633,633.1,659,664,649,636.9,632.9,630.9,631,636,651,670.9,680,681.9,632,658.9,663.9,649.2,637,633.1,631.1,631,636,651,671,680,681.9,632.1,659.1,664,649.1,637.1,633.1,631.1,631,636,651.1,671,680.1,682.2,632.1,0.13,TRUE,1
248187949,05.11.2021 15:49,05.11.2021 15:52,524.8,499.4,536.8,510,546.8,514.9,566.7,534.9,594.5,556.1,630.8,600.4,633.4,633.3,632.9,633,659.1,664.1,649.2,637.1,633.1,631.1,631.1,636,651,670.9,680,681.9,632,659,664,649,637,633,631,631,635.9,651.1,671.1,680,681.9,632,658.9,663.9,649,636.9,632.9,630.9,631,635.9,651.1,671.1,680.1,682,632,0.01,TRUE,1
248187981,05.11.2021 15:49,05.11.2021 15:52,524.4,499.4,537,510,547.3,515,566.8,534.9,595.2,556.1,629.6,600.3,633,633.2,633,633,659,664.1,649,636.9,633,631,631,636,651.1,671.1,680,682,632,659.1,663.9,649.1,637.1,633.1,631.2,631.1,636,651,670.9,679.9,681.9,632,658.9,664,649,637,633,630.9,631,636,651,670.9,680.1,682.1,632,0.21,FALSE,0
248188042,05.11.2021 15:50,05.11.2021 15:53,524.9,499.9,536.8,510.1,547.2,515,567,534.9,594.9,556,630.1,600.4,633.2,633.3,632.8,633,659,663.9,649.1,637,633,631.1,631.1,636.1,651.1,671.1,680,682.3,632,659.1,664.1,649.4,637.2,633,631.1,631.1,636,651.1,671,680,682.1,631.9,658.9,663.9,649,637,633,630.9,631,636,651,671,680,681.9,631.9,0.05,TRUE,1
248188132,05.11.2021 15:52,05.11.2021 15:55,524.8,500.1,536.9,510.1,547.3,515.1,566.7,535,595.3,556.2,629.6,600.3,633,633,632.9,633.1,658.9,664,649,637,633,631,631,636,651,671,680.1,682,632,659,664,649,637.1,633,631,631,636.1,651.1,671.2,680,682,632.1,659,664,649,637,633,631,631,636.1,651,670.9,680,682,632.1,0.22,FALSE,0
248188164,05.11.2021 15:52,05.11.2021 15:55,524.6,500.1,537,510.1,547.1,514.9,567.2,535,594.6,556.1,630.4,600.4,633.5,633.2,633.2,633.2,658.9,663.9,648.9,637,633,630.9,631,636,651,671,680.1,682,632.1,658.9,664,649.2,637,633,631.2,631.2,636,651.1,671.1,680.1,682,632.1,659,664,649,636.9,633,631,631.1,636,651,671,680,681.9,632.1,-0.12,TRUE,1
248188225,05.11.2021 15:53,05.11.2021 15:56,524.1,499.6,537.3,509.9,547.2,514.9,567,535.1,594.5,556.1,630,600.4,633.1,633.3,633,633.1,659.1,664,649,637,632.9,630.9,631.1,636,651,671,680,681.8,632.1,658.8,664,649,637,633.1,631.2,631.1,636,651.1,671,680,682,632.1,659,664,648.9,637,633,631,631,636,651.1,671.1,680.1,682.1,632.1,0.1,TRUE,1
248188282,05.11.2021 15:54,05.11.2021 15:57,524.7,499.5,537,509.8,547.1,514.9,566.6,534.9,594.7,556.2,630.1,600.3,633,633.1,633,632.9,659.1,664,649,637.1,633,631,631,636.1,651,671,680,682,632,659,663.9,649,637.1,633,631.1,631.1,636,651,671.1,680,681.9,632,658.9,664,649,637,633,631,631,636,651,671,680.1,682.2,632,0.07,TRUE,1
248188314,05.11.2021 15:55,05.11.2021 15:57,524.5,499.6,536.6,509.7,547,515,566.9,535,595.1,556.2,630.1,600.3,633.2,633.2,632.9,633,659,664.1,649,637,633,631.1,631,636.1,651.1,671,679.9,681.8,632,659.2,664.1,649.2,637.1,633.1,630.9,631,636,651,671,680,682,632,659,664,649.1,637,633,631.1,630.9,636,651,671,680,682,632,0,TRUE,1
248188375,05.11.2021 15:55,05.11.2021 15:58,524.8,499.9,536.8,509.8,547.1,515.1,566.9,534.9,595,556.2,630.2,600.4,633,633.1,632.9,633.2,659,664.1,649.1,637.1,633,631.1,631,636.1,651.1,671.1,680,682.1,632,659,664.1,649.3,637.1,633,631.2,631.2,636,650.9,671,679.9,682,632,659,664,649,637,633,631,631,636,651.1,671,680,682,632,-0.07,TRUE,1
248188404,05.11.2021 15:56,05.11.2021 15:59,524.5,499.9,536.9,509.9,547.3,515.1,566.8,534.9,594.9,556.2,630.1,600.4,633.2,633.1,633,633.2,658.9,664,649,637,633,631,631,636.1,651.1,671.1,680.1,682.1,631.9,659.1,664.1,649.3,637,633.1,631.1,631.1,636,651.1,671.1,680,682,632.1,658.9,664,648.9,637,632.9,630.9,630.9,636,651,671,679.9,681.9,632.1,0.07,TRUE,1
248188465,05.11.2021 15:57,05.11.2021 16:00,524.4,499.7,536.9,510,547.1,515.1,566.8,534.9,595,556.1,630.2,600.4,633.3,633.1,632.8,633,658.9,664,649,637,633,631,631,636,651,671,680,682,632,658.9,663.9,649.1,637.1,633.1,631,630.9,636.1,651.3,671.2,680,682,632,659.1,664,649,637,633,631,631,636.1,651,671,680,681.9,632,0.29,FALSE,0
248188526,05.11.2021 15:58,05.11.2021 16:01,524.7,499.5,536.9,510.1,547.2,515,566.8,534.9,595,556.2,629.8,600.3,633.1,633.2,632.9,632.9,658.9,663.9,649,637,632.9,630.9,631,636.1,651,671,680,681.9,631.9,659.1,664,649.1,637.1,633.1,631.1,631.2,636,651.1,671,680.1,682,632,659,664,649,637,633,630.9,631,636,651,671,680,681.9,632,0.05,TRUE,1
248188587,05.11.2021 15:59,05.11.2021 16:02,524.3,499.4,537,510,547.2,514.8,566.8,534.9,595,556.1,629.9,600.2,632.9,633.2,632.9,633.1,659,664,649,636.9,633,631,631,635.8,650.9,670.9,680,681.9,632,658.8,663.9,648.9,636.9,633,631.1,631.1,636,650.9,670.9,679.9,681.9,631.8,659,664,649,637,633,631.1,631.1,636,651.1,671,680.1,682.2,631.8,0.17,TRUE,1
248188936,05.11.2021 16:00,05.11.2021 16:03,524.5,499.9,536.6,510,547,514.8,566.9,534.9,594.8,556.1,630.4,600.4,633.2,633.2,632.9,633.1,659.1,664.1,649.1,637,633,631,631,636.1,651,671,680,682,632.1,659,664.1,649.2,637.1,633.1,631.1,631,636.1,651,671,679.9,682,632,659,664,649.1,637,633,631.1,630.9,636.1,651.1,671.1,680,682,632,0.08,TRUE,1
248188997,05.11.2021 16:01,05.11.2021 16:04,524.6,499.9,536.8,510,547.1,515,566.8,534.9,594.9,556.1,630.2,600.4,633,633.2,632.9,633.1,659,664,649,637.1,633.1,631.1,631,636.1,651.1,671.1,680.1,682.2,632.1,659.2,664.1,649.5,637.1,633.2,631.3,631.2,636.1,651.1,671,680,682.1,632.1,658.9,663.9,649,637,633,631,630.9,636.1,651,670.9,680,682,632.1,0.26,FALSE,0
248189025,05.11.2021 16:02,05.11.2021 16:05,525.5,499.8,536.6,510,547.1,515,566.8,534.9,594.8,555.9,630.1,600.4,633.3,633.2,633,633.1,659,664.1,649,636.9,633,630.9,631.1,636,651,671.1,680.1,682.3,632.1,659.1,664,649.4,637.2,633.1,631.1,631,636,651.1,671.1,680,682,632.1,659,664,648.9,637,633,631,631.1,636,651,670.9,679.9,681.9,632.1,0.21,FALSE,0
248189058,05.11.2021 16:02,05.11.2021 16:05,524.2,499.4,537.2,510,547.2,515.1,566.9,534.9,595,556,629.9,600.3,633,633.2,632.9,633,659,663.9,649,637,632.9,631,631,635.9,650.9,671,680.1,682.1,632,659.1,664,649.1,637.2,633,631,631.1,636,651.1,671,680,682.1,632.1,659,663.9,649,637.1,633,631,631,636,651,670.9,679.9,681.9,632.1,0.04,TRUE,1
248189087,05.11.2021 16:03,05.11.2021 16:06,524.8,499.5,536.8,510,547.3,515.1,566.8,534.9,594.9,556,630.3,600.4,633.3,633.2,633,633,658.9,663.9,649,637,632.9,630.9,631,636,651,671,679.9,682.1,631.8,659.1,664,649,636.9,633,631,631.1,636,651.1,671.1,680.1,682.1,632,659.1,664,649,637,632.9,630.9,631,636,651,671,680,682,632,0.2,FALSE,0
248189185,05.11.2021 16:04,05.11.2021 16:07,522.2,504,533.2,511.1,545.9,519,564.3,537.8,591.6,558.5,631.2,602.9,631.7,634.1,631.6,633.5,659.2,664,649.1,637,633,631,631,636,650.9,670.9,679.9,681.8,632.4,658.8,663.8,649.1,637,633.1,631.2,631.2,636,651.1,671.1,680,682,631.9,658.9,664,649.1,637,633,631,631,636,651,671,680,682.1,631.9,0.3,FALSE,0
248189213,05.11.2021 16:05,05.11.2021 16:08,526.7,502.1,538.6,511.2,546.6,518.3,568.5,537.6,597.9,558.8,627.6,601.7,633.8,633.3,633.9,633.2,659.1,664.1,649,637,633,631.1,631.1,635.9,651,671.1,680,681.9,632.4,658.8,663.8,649,636.9,633,631,630.9,636.1,651,671.1,680,682.1,632,659,664,648.9,637,632.9,630.9,631,636.1,651,671,680,682.1,632,0.34,FALSE,0
248189241,05.11.2021 16:05,05.11.2021 16:08,523,498.9,535.7,510.9,547.7,517.8,565.5,536.7,592.1,557.9,632.5,601.8,632.9,632.5,632.3,632.6,659,664.1,649,636.9,633,631,631,636,651,671,680,682,632.2,658.9,664.1,649.1,636.9,633,631,631.1,636,650.9,671,679.9,682,632,659,664,649.1,637,633,631.1,631,636,651,671,680,681.9,632,0.19,TRUE,1
248189274,05.11.2021 16:06,05.11.2021 16:08,525.6,497.1,537.4,510.7,546.4,517.1,567.8,536.4,597.3,557.9,628.3,601,633,632.1,633.2,632.5,659,664,648.9,637,633,631.1,631.1,636,651,671.1,680,682.1,632,659,664,649,637.1,632.9,631,630.9,636,651.1,671.1,680,681.9,632,658.9,664,648.9,636.9,632.9,631,631,636,651.1,671,679.9,681.9,632,0.03,TRUE,1
248189302,05.11.2021 16:06,05.11.2021 16:09,524.1,496.1,536.5,510.3,547.5,516.6,565.8,535.6,593.2,557.4,630.6,600.6,633.6,632.4,633.1,632.7,659,664,649.1,637.1,633.1,631.2,631,636.1,651,671,680,682,631.7,659,664.1,649.1,637.1,633.1,631.1,631.1,636,651.1,671,680,682,632.1,659,664,649.1,637,633,631.1,630.9,636,651,671,680.1,682,632.1,0.17,TRUE,1
248189335,05.11.2021 16:06,05.11.2021 16:09,525,496.7,536.9,509.9,546.9,516.1,568.2,535.3,596.3,557.3,630.2,600.5,632.7,632.7,632.8,632.8,659,664.1,649,637,633,631,631.1,636,650.9,671,679.9,682.1,631.7,659.1,664.1,649.3,637,633,631.1,631,636.1,650.9,671,680,682.1,632.1,659,664,648.8,637,633,631,631,636.1,651.1,671,680,682,632.1,0.13,TRUE,1
248189395,05.11.2021 16:07,05.11.2021 16:10,524.9,499.7,536.6,509.6,547,515.3,568.3,534.7,595.5,556.8,630.3,600.1,633,633.2,632.4,633,659,664,649,637,633,631,631,636.1,651,671,680,682.1,632,659,664,649.2,637.1,633.1,631.2,631.2,636,651.1,671.2,680.1,682.1,632,659,664,649,637,632.9,630.9,631,636,651.1,671,679.9,681.9,632,0.23,FALSE,0
248189424,05.11.2021 16:08,05.11.2021 16:11,524.5,500.6,537,509.4,547.6,515,565.5,534.3,594.7,556.8,629.8,600,633.2,633.3,633.7,633.2,658.9,664,648.9,637,633,630.9,631,636,651,671.1,680,681.9,632,658.9,663.9,649.3,637.1,633.1,631.3,631.3,636,651.2,671.2,680.1,682,632,659.1,664,649.1,637,633,631,631,636,651,671,679.9,681.9,632,0.31,FALSE,0
248189517,05.11.2021 16:09,05.11.2021 16:12,524.5,499.9,536.6,509.3,547,514.5,567.5,534.7,595,556.4,629.6,600.3,632.9,633,632.4,633,659.1,664,649.1,637.1,633.1,631,631,636,650.9,670.9,680,681.9,632,658.9,663.9,649,637,633.1,630.9,631,636,651.1,671.1,680,682,632,659,664,649,637,633,631,631.1,636,651.2,671.1,680.2,682.2,632,0.32,FALSE,0
248189546,05.11.2021 16:10,05.11.2021 16:13,524.5,499.3,536.9,509.3,547.5,514.5,566.2,534.8,595,556.5,630.3,600.5,633.1,633,633.5,633.1,659.1,664.1,649.1,637,633,631,631,636.1,650.9,670.9,680,681.9,632,658.9,663.9,649,637,633.1,631.2,631.1,636.1,651.1,671.1,680.1,682,632,658.9,664,649,637,633.1,631.1,631,636.1,651.1,671.1,680.1,682,632,0.25,FALSE,0
248189578,05.11.2021 16:10,05.11.2021 16:13,524.7,498.8,536.5,509.4,546.9,514.5,567.3,535.1,594.7,556.3,630,600.4,633.3,633,632.7,632.9,659.1,664.1,649,637,633,630.9,631,636,650.9,670.9,679.9,681.9,632,658.9,663.9,649.1,637,633,631.1,631.2,636,651,671,680,682,632,659,664,649.1,637,633,631,631.1,636,651.1,671.1,680.1,682,632,0.15,TRUE,1
248189607,05.11.2021 16:11,05.11.2021 16:14,524.7,498.7,537.1,509.6,547.2,514.7,566.4,535.1,595.3,556.5,630,600.4,632.9,633,633.1,633,659,664,649.1,637,633,631.1,631,636.1,651.1,671.1,680,682.1,631.9,658.9,663.9,649.1,637,633,631.1,631,636,651.1,671,680,681.9,632,658.9,664,649,637.1,633,631,631,636,651.1,671,680,682.1,632,0.19,TRUE,1
248189639,05.11.2021 16:11,05.11.2021 16:14,524.4,499,536.7,509.8,547,514.9,567.2,535.3,594.5,556.3,630.4,600.5,633.3,633.1,632.9,633.1,659,664.1,649,637,633,631,631,636.1,651,671,680,682.2,631.9,659.3,663.9,649.2,637.1,633,631,631,636,651,671,680,682,632,659,664,648.9,637,632.9,631,631.1,636,651.1,671,680,681.9,632,0.21,FALSE,0
248189668,05.11.2021 16:12,05.11.2021 16:15,524.7,499.4,536.9,510,547.4,515.1,566.6,535.3,595.7,556.5,629.7,600.3,633,633,632.9,633.1,659,664,649.1,637,633.1,631,631,636,651.1,671.1,680.1,682.2,631.9,659.1,664.1,649.1,637,633.1,631,631.1,636,651,671,679.9,682,632.1,658.9,664,649,637,633.1,631.1,631.1,636,651,671,679.9,681.9,632.1,0.28,FALSE,0
248189700,05.11.2021 16:12,05.11.2021 16:15,524.4,499.6,536.9,510.2,547,515.2,567.2,535.3,594.2,556.2,630.3,600.4,633.2,633,633.2,633.3,659,664,649.1,637,633,631,631,636.1,651.1,671,680,682,632,659,664,649.2,637,632.9,631,631.1,636,651,671,679.9,682.1,632.1,659.1,664,648.9,637,633,631.1,631,636,651.1,671,680.1,682,632.1,0.14,TRUE,1
248189818,05.11.2021 16:14,05.11.2021 16:17,524.5,499.8,536.8,510.4,547.2,515.1,566.9,535,594.1,556.2,630,600.4,633.1,633.2,633.3,633,658.9,664,649,637,633,631,630.9,636,651,671,680,681.9,632,659,664,649.3,637.2,633,631.1,631,636.1,651.1,671.2,680.1,682,631.8,659,664,649.1,637.1,633.1,631.1,631.1,636.1,651,671,680.1,682,631.8,0.04,TRUE,1
248189851,05.11.2021 16:15,05.11.2021 16:17,524.7,499.4,536.7,510.2,547,515,566.9,534.9,595.8,556.4,629.9,600.4,632.9,633.2,632.7,633,659.1,663.9,648.9,637,633,631.1,630.9,636.1,650.9,670.9,679.9,681.9,631.9,659,663.9,649.1,637,633.1,631.1,631.1,636.1,651.1,671.1,680.1,681.9,631.8,659,664,649,637.2,633.1,631,630.9,636.1,651.1,671,680.1,682,631.8,0.16,TRUE,1
248189879,05.11.2021 16:15,05.11.2021 16:18,524.3,498.9,536.8,510,547.3,515,566.7,534.9,594.2,556.2,630.3,600.5,633.1,633.2,633.1,633.1,659.1,664,649.1,637,633,631,631,636,651,670.9,680,681.9,632,658.8,663.9,649.1,637.1,633.1,631,631.1,636,651,671,680,682,631.9,659,664,649.1,637,633,631.1,631,636,651,671.1,680.2,682.1,631.9,0.17,TRUE,1
248189912,05.11.2021 16:15,05.11.2021 16:18,524.8,498.9,536.7,510,547.1,515,566.9,534.9,595.7,556.4,630,600.4,633.2,633.2,632.9,633.1,659.1,664.2,649.1,637.1,633,631,631.1,636,651,670.9,679.9,682,632,659,663.9,649.1,637.1,633,631,630.9,636,651.1,671,680,682,631.9,658.9,663.9,648.9,637,633,630.9,631,636,651,671,679.9,682.1,631.9,0.38,FALSE,0
248189940,05.11.2021 16:16,05.11.2021 16:19,524.4,499.2,536.8,509.9,547.3,515,566.6,534.9,594,556.1,630.3,600.4,632.8,633,632.9,633.1,659,664,649,636.9,633,631.1,631,636,651,670.9,679.9,681.9,631.9,658.9,663.9,649.2,637.1,633,631.2,631.1,636.1,651.1,671,680,681.9,632,659,664,649.1,637,633,631.1,631.1,636.1,651.1,671,679.9,682,632,0.08,TRUE,1
248189973,05.11.2021 16:16,05.11.2021 16:19,525,499.6,536.5,509.7,547,514.9,567,534.8,595.5,556.3,629.9,600.4,633.5,633.2,632.9,633.1,659,664.1,649,636.9,633,631,631,636,651.1,671,680,682,631.9,659.1,663.9,648.9,637.1,633.1,631.1,631.1,636,651,671,680,682,632,658.9,664,649,637,633.1,631,631.1,636,651,671,679.9,681.9,632,0.27,FALSE,0
248190001,05.11.2021 16:17,05.11.2021 16:20,524.5,499.5,537.2,509.7,547.3,515,566.6,534.9,594.4,556.2,630.1,600.3,632.8,633,633,633.2,659,664,649,637,633,631,631.1,636.2,651,671.1,680,682.1,631.9,659.1,664,649,637.1,633,631.1,631.1,635.9,650.9,671,680,681.9,632.1,659,664,649.1,637.1,633.1,631.1,631,635.9,650.9,671,679.9,682,632.1,0.34,FALSE,0
248190033,05.11.2021 16:17,05.11.2021 16:20,524.5,499.8,536.5,509.6,546.9,514.9,567.1,534.9,595.5,556.3,629.9,600.2,633.4,633.1,632.9,633.1,658.9,663.9,649,636.9,633,631,631,636,651,671,680.1,682.1,632,659.2,664,649.4,637.1,633,631.1,631,636.1,651,671,679.9,682,632.1,659,664,649,637,632.9,631,631.1,636.1,651.1,671,679.9,681.9,632.1,0.2,FALSE,0
248190062,05.11.2021 16:18,05.11.2021 16:21,524.7,499.9,537.1,509.6,547.2,514.8,566.6,534.9,594.5,556.1,630,600.2,633,633.1,633,633.1,659,664,649,637.1,633.1,631,631,636,651,671,680,682,632,659.3,664.1,649.4,637.1,633,631.1,631.2,636.1,651.1,671.1,680,682.1,632,659,663.9,648.9,636.9,632.9,630.9,631,636.1,651.1,671,680,682,632,0.06,TRUE,1
248190094,05.11.2021 16:18,05.11.2021 16:21,524.5,499.8,536.9,509.6,546.9,514.8,567.2,535,595.4,556.2,630,600.2,633.3,633.1,633,633,659,664,649,637,633,631,631.1,636.1,651,671,680,682,632.1,659.1,664,649.3,637.2,633.3,631.1,631.3,636.1,651.1,671,679.9,682,632,659.2,664,649,637,633,631,631,636.1,650.9,670.9,679.8,681.9,632,0.29,FALSE,0
248190123,05.11.2021 16:19,05.11.2021 16:22,524.8,499.9,536.7,509.7,547.4,514.9,566.5,534.9,594.5,556.1,629.9,600.3,633.2,633.2,633,633.2,658.9,664,649.1,637,633.1,631.1,631.1,636,651,671,680.1,682,632.1,659.1,664.1,649.1,637.3,633.1,631.1,631,636,651.1,671.1,680,682,631.9,659.1,664.1,649,637.1,633.1,631.1,631.1,636,651,671,680,682,631.9,0.12,TRUE,1
248190338,05.11.2021 16:22,05.11.2021 16:25,524.8,500,536.6,510.3,547,515,567.1,534.9,595,556,630.1,600.3,633.2,632.9,633.1,633.1,659.1,664,649.1,637.1,633.1,631.1,631.1,636,651.1,671,680,682,631.9,659,664,649.2,637,633,631.1,631.1,636,650.9,670.9,680,682,632,658.9,664,648.9,637,633.1,631.1,631,636,651.1,671,680,681.9,632,-0.02,TRUE,1
248190367,05.11.2021 16:23,05.11.2021 16:26,524.5,499.9,537,510.3,547.1,515,566.5,534.8,595,556,629.9,600.3,633.4,633,632.9,633.3,659,664,649.1,637.1,633,631,631.1,636.2,651.1,671,680.1,682.2,632,658.9,664,649.1,637,632.9,630.9,630.9,635.9,651,671,680,682,632,658.9,663.9,649,637,633,630.9,631,635.9,651,671,679.9,682,632,0.23,FALSE,0
248190427,05.11.2021 16:24,05.11.2021 16:26,524.4,499.4,537.2,510.1,547.1,514.9,566.7,534.9,595.2,556.1,630,600.4,633.4,633.2,633,633.3,659,664,649.1,637.1,633.1,631.1,631.1,636.1,651,671,680.1,682.1,632.1,659.1,664.1,649.4,637.2,633.1,631.1,631,636,651.2,671.2,680.1,682.2,632.1,659,664,649,637.1,633,631.1,631.1,636,651,670.9,679.8,681.8,632.1,0.12,TRUE,1
248190456,05.11.2021 16:24,05.11.2021 16:27,524.9,499.4,536.7,510.1,547.1,515,567.2,535,594.7,556,630,600.4,633.1,633.2,632.9,633.1,658.9,664,649,637,633,631,630.9,636,651,670.9,680,682,632,658.9,664,649.2,637,633,631.2,631.2,636,651.1,671.2,680.1,682.1,632.1,659.1,664.1,649.1,637,633,631,631,636,651,671,680,681.9,632.1,0.18,TRUE,1
248190517,05.11.2021 16:25,05.11.2021 16:28,524.8,499.6,536.8,509.9,547.2,515.1,567,535.1,594.5,556,630.1,600.5,632.8,633.2,632.9,632.8,659,664,649,636.9,633,631.1,631,635.9,650.9,670.9,680.1,682,632,659.1,664.1,649.2,637.1,633,631.3,631.2,636,651.2,671.2,680.1,682,632.1,659.1,664.1,649.1,637.1,633.1,631.1,631,636,651.1,671,680,682.2,632.1,0.1,TRUE,1
248190549,05.11.2021 16:25,05.11.2021 16:28,524.2,499.7,536.8,509.9,547,515,566.7,535,595.4,556.2,630.1,600.4,633.2,633.2,633.1,632.8,659,664,649,636.9,633,630.9,631,636.1,651,670.9,680,681.8,631.8,658.9,663.9,649,637.2,633.1,631.2,631.1,636.2,651.2,671.1,680,682,632.1,658.9,664,649,637,633,630.9,631,636.2,651.3,671.1,680.1,682,632.1,0.28,FALSE,0
248190610,05.11.2021 16:26,05.11.2021 16:29,524.5,500.1,536.9,509.9,547.3,515.1,566.9,535,595.3,556.1,630.2,600.3,632.9,633.1,633.1,632.9,659,664.1,649,637.1,633,631,631.1,636.1,651,670.9,680,682,631.9,659,664,649.2,637.1,633,631.2,631.1,636,651,671,680,681.9,632.1,658.9,664,649.1,637.1,633.1,631.1,631.1,636,651.1,671,680.1,682.1,632.1,0.05,TRUE,1
248190639,05.11.2021 16:27,05.11.2021 16:30,524.5,500,536.7,509.9,547.1,515,566.7,535,594.5,556,630,600.3,633.2,633.2,632.9,632.9,659.1,664.1,649.1,637,633,631.1,631.1,636.1,651.1,670.9,680,682.1,632,658.9,664,648.9,637,632.9,631,631.1,636,651,670.9,680,681.9,632,659,664,649,636.9,633.1,631,631.1,636,651.1,671,680,682,632,0.34,FALSE,0
248190671,05.11.2021 16:27,05.11.2021 16:30,524.8,500,537,510,547.2,515,567.1,535,595.3,556.1,630,600.3,633.1,633.3,633,633,659,664,649,637,633,631,631,636.1,651.1,671,680.1,682.1,632,659,664,649.3,637.1,633.2,631.2,631.2,636.2,651.2,671.2,680.1,682,632.2,659,664,649,637,633,631,631,636.2,651,671,679.9,681.9,632.2,0.34,FALSE,0
248190732,05.11.2021 16:28,05.11.2021 16:31,524.7,499.7,537.3,510,547,515,567.1,535,595.3,556.1,629.8,600.4,633.2,633.4,633,632.9,659,663.9,649.1,637,633,631,631.1,636.1,651.1,671,680.1,682.2,632,659,664,649.1,637.2,633.1,631.2,631.2,636,651.1,671.1,680,682,632.1,659,664,649,637.1,633,631.1,631.1,636,650.9,671,679.9,681.9,632.1,0.45,FALSE,0
248190761,05.11.2021 16:29,05.11.2021 16:32,524.4,499.6,536.8,510,547.1,515,566.8,534.9,594.8,556,630.1,600.4,633.2,633.4,633,632.9,658.9,664,649,637,633.1,631,631.1,636,651,671.1,680.1,682.2,632,658.9,664,649.2,637,633,631.1,631.1,636.1,651.1,671.2,680.1,682,631.9,659.1,664,649,637,633.1,631,631,636.1,650.9,671,680,681.9,631.9,0.15,TRUE,1
248190793,05.11.2021 16:29,05.11.2021 16:32,525.2,499.6,536.6,509.9,547.3,515,567.1,534.9,595,556,629.9,600.4,633,633.3,633,632.9,659,664,649,637,633,631,631.1,636.1,651,671,680,682,631.9,659,664,649,637.1,633.1,631.1,631,635.9,651.1,671.1,680.1,682,631.8,659.1,664,649,637,633.1,631,631,635.9,651,671.1,680,682,631.8,0.07,TRUE,1
248190822,05.11.2021 16:30,05.11.2021 16:33,524.7,499.4,537.2,509.9,547.4,514.9,566.7,534.8,594.8,555.9,630,600.3,633.4,633.2,633,632.9,658.9,664,648.9,637,633,631,630.9,635.9,651,670.9,680,682,631.9,658.9,663.9,649.1,637,633,631,631.1,636,651,671,680,682,631.8,659,664,649,637.1,633.1,631,631,636,651,670.9,680,681.9,631.8,0.19,TRUE,1
248190854,05.11.2021 16:30,05.11.2021 16:33,524.4,499.7,536.8,510,547,514.8,567,534.8,595,555.9,630.1,600.3,633,633.1,632.9,633,658.9,663.9,648.9,636.9,632.9,630.9,630.9,636,651,671,680,682,632,658.9,664,649.2,636.9,633,631.1,631.1,636.1,650.9,671,680,681.9,631.8,659,664,649.1,637,633,631,631,636.1,651.2,670.9,680,681.9,631.8,0.1,TRUE,1
248190882,05.11.2021 16:31,05.11.2021 16:34,525,500.1,536.6,510,547.4,514.8,566.7,534.8,595,555.9,629.9,600.3,633.2,633.1,633,633,659,663.9,649,637,633,630.9,631,636,650.9,670.9,680,682,632,658.8,663.9,649,637,633,631,631,636,651,671,680,681.9,631.9,659,664,649,637,633.2,631.1,630.9,636,650.9,671,680,682,631.9,0.1,TRUE,1
248190915,05.11.2021 16:31,05.11.2021 16:34,524.2,500.2,537,510.2,547.1,514.9,567,534.9,594.9,556,630.3,600.4,633.1,633.1,632.9,633.1,659.1,664,649,637,633,631,631,635.9,651,670.9,680,681.9,632,659.2,664,649.1,637.1,633,631,630.9,635.9,650.9,671,679.9,681.9,631.9,659,664,649,637.1,633,631,631,635.9,651.1,671.1,680.1,682.3,631.9,0.32,FALSE,0
248191005,05.11.2021 16:33,05.11.2021 16:35,524.3,499.4,537,510.1,547.2,515,566.8,535,594.8,555.9,629.9,600.3,632.9,633.2,632.9,633,659,664.1,648.9,636.9,633,631,631.1,636,651,671,679.9,682,632,659.3,664.1,649.2,637.1,633,630.9,631.1,636,651.1,671.1,680,682.1,632.1,659.2,664.1,648.8,637,633,631,631,636,651,671.2,680.5,682.4,632.1,0.24,FALSE,0
248191033,05.11.2021 16:33,05.11.2021 16:36,524.8,499.5,536.8,510.1,547.2,515,566.8,535,595,556,630.2,600.3,633.2,633.2,633.1,633.2,659,664.1,649,637.1,633,631,631.1,636.2,651,671.1,679.9,682,631.9,659.1,664.1,649.2,637.1,633.2,631.2,631.1,636,651.1,671,680,682,632.1,659,663.9,649,637,633,631,630.9,636,651,671,680,682,632.1,0.16,TRUE,1
248191065,05.11.2021 16:34,05.11.2021 16:36,524.4,499.7,536.9,510.1,547.2,515,566.8,534.9,594.7,555.8,630.2,600.4,633.1,633,632.9,633.1,659,664,649,637,633,631.1,631,636,651.1,671.1,680.1,682.2,631.9,659,664.1,649.4,637.2,633.1,631.2,631.2,636.1,651.1,671,680,682,632,659,663.9,648.9,636.9,632.9,631,631.1,636.1,651.1,671.1,680.1,682,632,0.08,TRUE,1
248191094,05.11.2021 16:34,05.11.2021 16:37,525.5,499.9,536.5,510,547.1,515,566.9,535,595.1,555.8,629.9,600.2,633,632.9,633,633.1,658.9,663.9,649.1,637.1,633,631.1,631,636.2,651,671.1,680,682,632,659,664,649.1,637,633.2,631.2,631.2,636,651.1,671.2,680.1,682.1,632.1,659.1,664,649.1,637,633.1,631,631.1,636,651,670.9,679.9,681.9,632.1,0.08,TRUE,1
248191126,05.11.2021 16:34,05.11.2021 16:37,524.4,499.7,537.3,509.9,547,515,567,535,594.8,555.9,630.4,600.3,633.4,633.1,633,633,658.9,664,649,637.1,633.1,631.1,631.1,636.1,651,671,680,682,631.9,658.9,664,649.1,637,633,631.2,631.3,636.2,651.1,671.1,680,682,632,659,663.9,649.1,637,633,631.1,630.9,636.2,650.9,670.9,679.8,681.8,632,0.17,TRUE,1
248191187,05.11.2021 16:35,05.11.2021 16:38,524.3,499.7,537.1,509.9,547.3,515.1,566.7,535.1,594.8,555.9,630,600.4,633.4,633.3,633,633,659.1,664.1,649,637,633,631,631,636,650.9,670.9,679.9,681.9,631.9,658.9,664,649,637,633,631,631,635.9,651.1,671.1,680.1,682,632,659.1,664.1,649.1,637.2,633.1,631.1,631.1,635.9,651.1,671,680,682,632,0.33,FALSE,0
248191248,05.11.2021 16:36,05.11.2021 16:39,524.8,499.6,536.8,509.9,546.8,515.1,566.6,534.9,594.8,555.8,630,600.3,633,633.1,632.9,633.1,659.1,664,649,637,633,631,631,636,650.9,670.9,680,681.8,631.9,658.9,663.9,649.1,637,633.1,631.1,631,636.1,651.1,671.1,680,681.9,632,658.9,664,648.9,636.9,633,631,631,636.1,651,671,680.1,682.1,632,0.31,FALSE,0
248191277,05.11.2021 16:37,05.11.2021 16:40,525.1,499.6,536.6,510,547.3,515.1,567,534.9,595,555.8,629.8,600.4,633,633,633,633.1,659,664,649,637,632.9,631,631,636,651,671,679.9,681.8,631.9,659,664,649,637,632.9,631.2,631,636,650.9,670.9,679.9,681.9,632,658.9,664,649,637,633.1,631.1,631.1,636,651.1,671,680.1,682.1,632,0.08,TRUE,1
248191309,05.11.2021 16:37,05.11.2021 16:40,524.4,499.6,537.1,510.1,547.2,515.1,566.6,534.9,594.7,555.9,630.3,600.5,632.9,633.1,632.9,633,659,664,649,637.1,633,631,631.1,636,651.1,671,680,682,632,659.1,663.9,649.1,637.1,632.9,631.1,630.9,636,651,671,680,681.9,632,658.9,663.9,649,637,633,631,631.1,636,651.1,671.1,680.1,682.2,632,0.1,TRUE,1
248191337,05.11.2021 16:38,05.11.2021 16:41,524.8,499.7,536.2,510,547,514.9,566.9,534.9,594.9,555.7,629.9,600.5,633.2,633,633,633,659,664.1,649,637.1,632.9,631,631.1,636.1,651.1,671,680.1,682.1,632,659.2,664,649,637,633,631.1,631,636,651,671,680,681.9,632,658.9,664,649,637,633,631,631,636,651,671,680.1,682.2,632,0.1,TRUE,1
248191370,05.11.2021 16:38,05.11.2021 16:41,524.3,499.8,537.3,510,547,514.8,566.7,534.8,594.9,555.8,630.2,600.3,633.2,633.1,632.9,633.1,659,664.2,649.1,637.1,633.2,631.2,631,636.1,651,670.9,680,682,632.1,659,664,649.4,637,633,631.1,630.9,636,651,671,680,682,632,659,664,649,637,633,631,631,636,651.1,671.1,680.2,682,632,0.17,TRUE,1
248191398,05.11.2021 16:39,05.11.2021 16:42,524.6,499.9,536.6,510.1,547.2,514.8,567,534.9,594.8,555.7,630.1,600.3,633.1,633.1,633,633.2,659,664,649,637,633,631,631,636.1,651.1,671.1,680.1,682.2,632.2,659.2,664.1,649.3,637,633.1,631.1,631.1,635.9,651.1,671.1,679.9,682,632.1,658.9,664,649,637,633,631.1,631.1,635.9,651.1,671,680,682,632.1,0.11,TRUE,1
248191431,05.11.2021 16:39,05.11.2021 16:42,524.7,500.1,537.1,510.1,546.9,514.9,566.6,534.9,595.1,555.9,630.2,600.2,633.4,633.1,633,633.3,658.9,664,648.9,637,633,631.1,631,636,651.1,671.1,680,682.1,632.2,658.9,663.9,649.3,637.1,633,631.2,631.2,636.1,651.1,671.1,680.1,682.1,632.1,659,664,649,637.1,633,631,631,636.1,651.1,671,680,681.9,632.1,0.12,TRUE,1
248191853,05.11.2021 16:46,05.11.2021 16:49,524.5,499.5,536.9,510.1,547.1,515,567.1,535,594.8,555.9,630.1,600.4,633.1,633.2,632.9,633.1,658.9,663.9,649.1,637,633,631,631,636,651,671,679.9,682,632,659,664.1,649.1,637,633.1,631.2,631.1,636.2,651.1,671.2,680,682.1,632,659.2,664.1,649.1,637.1,633.1,631.1,631.1,636.2,651,671,679.9,682,632,0.24,FALSE,0
248191886,05.11.2021 16:46,05.11.2021 16:49,525,499.7,537.1,509.9,547.4,515.1,566.6,534.9,595.3,555.9,629.7,600.3,632.9,633.2,632.9,633.1,658.9,663.9,648.9,637,633,631,631,636,651,671,680,682,632,658.9,663.9,649.1,637,633,631.1,631.1,636,651.1,671,680,681.9,632,659,664,649.1,637,633,631.1,631,636,651.1,671.1,680,682,632,0.15,TRUE,1
248191914,05.11.2021 16:47,05.11.2021 16:50,524.8,499.7,536.3,509.8,547.1,514.9,567,534.9,594.5,555.8,630.3,600.3,633.1,633.2,632.9,633.1,659,664,649,636.9,632.9,630.9,631,636,650.9,671,679.9,681.7,632,659,663.9,649.2,637.2,633,631,631,635.9,651,671.1,680,682,632,659,664,649,636.9,633,631.1,631.1,635.9,651,671.1,680.1,682.2,632,0.21,FALSE,0
248191946,05.11.2021 16:47,05.11.2021 16:50,524.3,499.6,537.1,509.8,547.2,515,566.8,534.9,595.3,555.9,629.7,600.3,633.1,633.1,632.9,633.1,659.1,664.1,649.1,637,633,631,631,636,651,670.9,680,682,632,659,663.9,649.2,637,633,631.1,631,636,651.1,671,680.1,682,632,658.9,664,649.1,637.1,633.1,631,631,636,651.2,671.1,680.1,682.1,632,0.13,TRUE,1
248192007,05.11.2021 16:48,05.11.2021 16:51,524.3,499.5,536.9,509.7,547,514.8,566.9,534.9,595.3,555.9,630,600.2,633.4,633.1,632.9,633,659,664,649.1,637,633.1,631.1,631,635.9,650.9,670.9,680,682,632,659.1,664.1,649,637.1,633.1,631.1,631.2,636.1,651,671,679.9,682,632.1,658.9,664,649,637.1,633,631,631.1,636.1,651.1,671.1,680.1,682,632.1,0.06,TRUE,1
248192036,05.11.2021 16:49,05.11.2021 16:52,524.5,499.4,536.7,509.8,547.3,514.8,566.6,534.9,594.7,555.9,630.1,600.3,632.9,633.1,633.1,633.1,659,664,649.1,637,633,631.1,631.1,636.1,651.1,671.1,680.1,682.1,632.1,659.2,664.1,649.2,637.2,633,631,631,635.9,650.9,671,680,681.9,632.1,658.9,664,649,637,633.1,631.1,630.9,635.9,651.1,671,680,682,632.1,0.11,TRUE,1
248192068,05.11.2021 16:49,05.11.2021 16:52,524.9,499.4,536.8,509.9,546.9,514.7,567,535,595.1,555.8,630.2,600.4,633.3,633.2,632.8,633,659,664,649.1,637.1,633.1,631.1,631,636,651.1,671.1,680.1,682.1,632.1,659.1,664.1,649.2,637,633,631.2,631,636,651,671,680,682.1,632,659,664,649,637,633,631.1,631,636,651,671,679.9,681.9,632,-0.03,TRUE,1
248192097,05.11.2021 16:50,05.11.2021 16:53,525.1,499.4,536.9,510,547.3,514.8,566.6,534.9,594.8,555.8,629.9,600.3,632.9,633.1,633,633.1,658.9,663.9,649,636.9,633,630.9,631,636,651,670.9,680.1,682.2,632.1,659.2,664.1,649.4,637.2,633.1,631,631.1,636.1,651.1,671.2,680.1,682.1,631.9,658.9,664,648.9,637,633,631,631,636.1,651,671,680,682,631.9,0.32,FALSE,0
248192129,05.11.2021 16:50,05.11.2021 16:53,524.2,499.5,537.1,510,547.1,514.8,567,534.9,595,555.8,630.2,600.4,633.4,633.1,632.8,633.1,659,664,649,637.1,633,631.1,631,636.1,651.1,671.2,680,682.1,632.1,659,664,649.1,637.1,633.1,631.3,631.3,636.2,651.1,671.1,680,682,631.8,659,664,648.9,637,633,631,631,636.2,651,671,679.9,681.9,631.8,0.16,TRUE,1
248192157,05.11.2021 16:51,05.11.2021 16:54,524.9,499.7,536.8,510.1,547.2,515,566.8,534.9,595.1,555.9,629.9,600.4,633,633.1,633.2,633.3,659,664,649,637,633,631,631.1,636.1,651,671.1,680,682,632.1,659,664.1,649.2,637.1,633.2,631,631.1,636.1,651.3,671.3,680.1,682.1,631.8,659,664,649,637,633,631.1,631.1,636.1,651,671.1,680,681.9,631.8,0.13,TRUE,1
248192218,05.11.2021 16:52,05.11.2021 16:54,524.1,499.9,536.9,510.1,547.4,515.1,566.9,535,595.1,555.8,629.9,600.4,632.9,633.1,633.2,633.2,659,664,649,637,633,631.1,631,636.1,651,671,680,681.9,632,659,664,649.2,637.1,633,631.1,631.1,636,651,671.1,680.1,682,632,659.1,664,648.9,637,633.1,631,631,636,651,671,680,682,632,0.23,FALSE,0
248192247,05.11.2021 16:52,05.11.2021 16:55,525.5,500,536.6,510.2,547.1,515.1,566.8,534.9,594.8,555.8,629.8,600.3,633.2,633.2,632.7,633,659,664,649.1,637,633,631,631,635.9,650.9,670.9,680,682,632,658.9,664,649.2,637,633.1,631,631.1,636.1,651,671.1,680,682,632,659,664.1,649.1,637.1,633,631.1,631,636.1,651.1,671,680,682.1,632,0.13,TRUE,1
248192340,05.11.2021 16:53,05.11.2021 16:56,524.4,499.6,536.9,510.1,547.2,515,566.8,535,594.8,555.9,630.1,600.3,633.3,633.2,633.2,633.2,659.1,664.1,649,637,633,631.1,631.1,636,651,671,680,681.9,632,659,664,649.2,637.1,633.1,631.1,631,636,651,671.1,680,682,632,658.9,664,648.9,637.1,633.1,631,631,636,651.1,671,680.1,682.1,632,-0.01,TRUE,1
248192369,05.11.2021 16:54,05.11.2021 16:57,524.7,499.5,536.7,510,547.2,514.9,566.7,535,594.9,555.9,630.1,600.3,633.3,633.2,632.8,633.1,659,663.9,649,637,633,630.9,631,636,651,671,680,682,632,659.1,664,649.1,637,633,631.1,631,636,651,671,680.1,682.1,632,658.9,663.9,649,637,633,631.1,631.1,636,651.1,671.1,680,681.9,632,0.21,FALSE,0
248192401,05.11.2021 16:54,05.11.2021 16:57,524.6,499.5,537.1,510,547,514.8,566.7,535,594.7,555.8,630.2,600.3,633.4,633.2,633.1,633.2,659,664.1,649.1,637.1,633.1,630.9,631.1,636.2,651,671,680.1,682,632,659.2,664,649.4,637,632.9,631,631,636,651,671,680,682,632,659,664,649,637.1,633.2,631.1,631.1,636,651,671,680,682,632,0.05,TRUE,1
248192430,05.11.2021 16:55,05.11.2021 16:58,524.8,499.6,536.5,510.1,547.2,514.8,566.8,535,595,555.9,630,600.3,632.9,633.2,632.8,633.1,659,664,649,637,633.1,631,631,636.1,651.1,671.2,680.1,682.1,632,659.2,664.1,649.3,637.1,633.2,631.3,631.1,636.1,651.1,671,680,682,632,658.9,664,649,637,633,631,631,636.1,651.1,671,680,682,632,0.26,FALSE,0
248192491,05.11.2021 16:56,05.11.2021 16:59,524.8,499.8,536.6,509.9,547.2,515,566.8,534.9,595.1,555.8,629.8,600.4,632.9,633.1,633,633.2,659,664,649.1,637,633.1,631,631,636,651,671,680,682.1,632,659.1,663.9,649,637,633,631.1,631.2,636,651,671.1,680,682,632,659,664,649.1,637.1,633,631.1,631,636,651,671,680,682,632,0.12,TRUE,1
248192523,05.11.2021 16:56,05.11.2021 16:59,524.7,499.7,537,509.8,547.3,515,566.9,534.8,594.8,555.9,630,600.4,633.1,633.1,633,633.2,659,664.1,649,637,633,631,631.1,636.1,650.9,671,680.1,682,632.1,658.8,664,649.1,637.1,633,630.9,631.1,635.9,651.1,671.3,680.3,682.1,632,659.1,664,649,637,633,630.9,631,635.9,651,671,679.9,681.9,632,0.26,FALSE,0
248192551,05.11.2021 16:57,05.11.2021 17:00,524.6,499.8,536.9,509.8,547.4,515.1,566.9,535,595.2,555.9,629.9,600.3,633,633.2,633,633.1,658.9,663.9,649,637,633.1,631,631,636,651,670.9,680,681.9,632.1,658.9,664,649,637.2,633.1,631.1,631.1,636.2,651.2,671.1,680.1,681.9,632.1,659,664.1,649,637,633.2,631.1,631,636.2,651,671,680,681.9,632.1,0.04,TRUE,1
248192584,05.11.2021 16:57,05.11.2021 17:00,524.8,499.9,536.8,510,547.1,515.1,566.8,534.9,594.9,555.9,630,600.4,633.3,633.3,632.8,633,659,664,649.1,637,633,631,631,636.1,651,671,680,681.9,632.1,659,664.1,649,637.1,633.1,631.1,631,636,651.1,671.1,680,682,632,659.1,664,649,637,633,631,631,636,651.1,671,680,681.9,632,-0.04,TRUE,1
248192716,05.11.2021 16:59,05.11.2021 17:02,527.4,506,534.7,511.3,550.4,520,567.2,538.9,592.9,559,627.5,602.9,633.6,634.8,632.8,633.9,658.8,663.9,649.1,637.1,633,631.1,631.1,635.9,651.1,671.1,680.1,682.2,632.4,658.9,663.9,649,637,632.9,630.9,631,635.9,650.9,671,679.9,681.9,631.9,659.1,664.1,649,637.1,633.1,631.1,631.1,635.9,651,670.9,679.9,681.9,631.9,0.24,FALSE,0
248193925,05.11.2021 17:14,05.11.2021 17:17,524.4,494.4,536.9,509.9,546.7,519.1,566.4,536.9,595.6,560.5,628.6,601.8,633.1,632.3,633.8,632.6,658.9,664,648.9,636.9,632.9,630.9,631,636,650.9,670.9,679.9,681.8,631.4,659.1,664.1,649.2,637,632.9,631,631,636,651,671,680.1,682.1,631.9,659.1,664.1,649,637.1,633.1,631,631.1,636,651,670.9,680,681.9,631.9,0.11,TRUE,1
248194287,05.11.2021 17:20,05.11.2021 17:23,524.9,498.8,536.2,509.9,546.9,514.7,567.2,535.2,595.5,557.3,629.6,600.4,633.1,633.1,633,633.1,659,664,648.9,636.9,632.9,630.9,630.9,635.8,650.8,670.8,679.9,681.9,632,659.2,664.1,649.4,636.9,633,631.1,631,636.1,651,671,679.9,682,631.9,659,664.1,649.1,637,632.9,631,631.1,636.1,651.1,671,680,681.9,631.9,0.19,TRUE,1
248194319,05.11.2021 17:20,05.11.2021 17:23,524.3,499,537.1,510,547.3,514.8,566.4,535.2,594.3,557.1,630,600.5,632.9,633.1,633.1,633.1,658.9,663.9,649,636.9,632.9,631,630.8,636,650.9,670.9,679.9,681.9,632,659.2,664.2,649.2,637.1,633,631,631.1,636,651.1,671.2,680.1,682.1,632.1,659.1,664.1,649.1,637.1,633,631.1,631,636,651.1,671.1,680,682,632.1,0.3,FALSE,0
248194380,05.11.2021 17:21,05.11.2021 17:24,524.1,499.6,537,510.1,547.3,515,566.3,535.2,594.4,557.1,629.9,600.5,632.8,633,632.9,632.9,659.1,664.1,648.9,636.9,632.9,630.9,631,636,650.9,670.9,679.9,681.9,632,659,664,649.3,637.1,633.2,631.2,631.2,636.1,651.2,671.1,680.1,682.1,632.1,659,664,649,637,633,631,631.1,636.1,651.1,671,680,682.1,632.1,0.28,FALSE,0
248194408,05.11.2021 17:22,05.11.2021 17:25,524.8,499.7,536.4,510.2,546.8,515,567.1,535.2,595.2,557,630.1,600.4,633.2,633.2,633,632.8,659,664,648.9,636.8,632.9,630.8,630.9,635.8,650.8,670.9,680,682,632,659.2,664.1,649.2,637.3,633.1,631.1,631.2,636.1,651,671.2,680.1,682.1,632,658.9,664,649.1,637.1,633,631.1,631.1,636.1,651.3,671.1,680.3,682.2,632,-0.03,TRUE,1
248194441,05.11.2021 17:22,05.11.2021 17:25,523.9,499.5,536.8,510.2,547.2,515.1,566.4,535,594.6,557,629.7,600.3,632.9,633.1,632.9,632.8,659.1,664,649,637,632.9,631,631,635.9,651,671,680,682,631.9,658.9,664,649,637,633.1,631.1,631.2,636,651.2,671.1,680.1,682,632.1,658.9,664,648.9,637.1,633,631,631.1,636,651.1,671,680.1,682.1,632.1,0.04,TRUE,1
248194469,05.11.2021 17:23,05.11.2021 17:26,524.6,499.4,536.6,510.1,546.8,515.1,566.9,534.9,594.9,556.9,630.3,600.4,633.1,633.1,632.8,632.8,659,664,648.9,637,633,630.8,630.9,636,651,671,680,682.1,631.9,659,664,649,637.1,633,631.1,631.1,636,651.1,671.2,680.1,682,632.1,659,664,649,636.9,633,631.1,631.1,636,651,671,679.9,682,632.1,0.21,FALSE,0
248194530,05.11.2021 17:24,05.11.2021 17:27,524.5,499.6,536.9,510,546.7,514.9,566.8,534.7,594.9,556.7,630,600.2,633,633,632.7,633.1,659,664,648.9,637,632.9,630.9,631,635.9,651,671.1,680.1,682.1,631.8,658.9,663.9,649.2,637,633,631.2,631.2,636.2,651.1,671,680,682,632.1,659,664,648.9,637,633,631,631.1,636.2,651,671,680,682,632.1,-0.02,TRUE,1
248194562,05.11.2021 17:24,05.11.2021 17:27,525,499.7,536.4,510,547.1,514.9,566.6,534.8,594.7,556.7,630.2,600.2,633.2,633,633.2,633.2,659,663.9,648.9,637,632.9,631.1,631,635.9,651,671.1,680.1,682.2,631.9,658.9,664,649.1,637.2,633.1,630.9,630.9,636,651.1,671,680,681.9,631.9,659,664,649,637,633,631,631,636,651,671,680,681.9,631.9,0.03,TRUE,1
248194591,05.11.2021 17:25,05.11.2021 17:28,524.6,499.7,536.9,509.9,547.1,514.8,566.9,534.9,594.9,556.6,629.6,600.1,633.2,633,632.7,633.3,658.9,664,649,637,633,631,631,635.9,651,671,680.1,682.1,632,658.9,664,649.1,637,633,631.2,631.1,636,651.1,671,680,682,632,658.9,664,649,637,633,631,631,636,650.9,671,679.9,681.9,632,0.04,TRUE,1
248194619,05.11.2021 17:25,05.11.2021 17:28,525.3,499.8,536.4,509.9,546.9,514.8,566.9,535,594.7,556.5,630.3,600.2,633.3,633,633.3,633.1,659,664,649,636.9,632.9,631,631,635.9,651,671,680,682.1,632,659.1,664,649.3,637,632.9,631,631,636,651,671,679.9,682,631.9,659.1,664,649,637,633.1,631,631,636,651,671,680,681.8,631.9,0.29,FALSE,0
248194652,05.11.2021 17:26,05.11.2021 17:28,524.4,499.5,537.1,509.9,547.3,514.8,566.9,535,595,556.5,629.7,600.2,632.9,633.1,632.6,633,659,664,649,637,633,631,631,635.9,650.9,670.9,680,682,632,659.2,664.1,649.3,637.1,633,631.1,631.1,636,651,671.1,680,682.1,632,659.1,664,649.1,637,632.9,631,631.1,636,651.1,671,680,682,632,0.4,FALSE,0
248194680,05.11.2021 17:26,05.11.2021 17:29,524.5,499.5,536.6,509.8,546.9,514.9,566.9,535.1,594.7,556.6,629.9,600.2,633.4,633.2,633.3,633,659,663.9,649,637,632.9,631,630.9,635.9,650.9,671,679.9,681.9,631.9,659,664,649.2,637.1,633,631.2,631.1,636,651.2,671.1,680,682,632,659,664,649,637,633,631,631.1,636,650.9,671,679.9,681.9,632,0.22,FALSE,0
248194713,05.11.2021 17:26,05.11.2021 17:29,525.2,499.4,536.6,509.8,547.3,514.9,566.9,535.1,595.1,556.6,630.3,600.4,632.9,633.2,632.7,632.8,659,664,649,636.9,633,630.9,630.9,636,650.8,670.9,680,681.9,631.8,658.8,663.9,648.9,637,632.9,631,631,636,651.1,671,680,681.9,632.5,659,664,649.1,637,633,631.1,631,636,651.1,671,680,682.1,632.5,0.23,FALSE,0
248194741,05.11.2021 17:27,05.11.2021 17:30,524.3,499.3,536.8,509.8,547,514.9,566.7,535.1,594.7,556.5,629.7,600.2,632.9,633.2,633.2,633,659,664.1,649,636.9,633,630.9,631,636,650.9,670.9,679.9,681.9,631.8,658.8,663.9,649,637,633,630.9,631.1,636,651.1,671,680,681.9,632.3,659,664,648.9,637,633,631,631,636,651.1,671,680.1,682.1,632.3,0.25,FALSE,0
248194774,05.11.2021 17:27,05.11.2021 17:30,525,499.5,536.4,509.8,547.2,515,566.8,535,595,556.6,630.2,600.4,633.3,633.1,632.7,633,659.1,664.1,649,637,633.1,631,631,635.9,650.9,670.9,679.9,681.9,631.9,658.9,664,649,637.1,633,631,630.9,636,651.1,671,680.1,682,632.1,659,664,649,637,633,631,631,636,651.1,671,680.1,682,632.1,0.11,TRUE,1
248194802,05.11.2021 17:28,05.11.2021 17:31,524.9,499.5,536.7,509.9,547,514.9,566.7,535,594.9,556.6,629.9,600.3,633,633,633.1,633,659.1,664.1,649,637,633,631,631,636,650.9,670.9,679.9,681.9,632,659.1,664,649.1,636.9,633,630.9,630.9,636,651,670.9,680,682,631.7,658.9,664,649,637,633.1,631.1,631,636,651,671,680.2,682.1,631.7,0.09,TRUE,1
248194835,05.11.2021 17:28,05.11.2021 17:31,524.8,499.6,536.6,509.8,546.9,514.9,566.9,535,594.9,556.5,630.4,600.5,633.4,633.2,632.8,633,659,664,649,637,633.1,631.1,631,636,651,671.1,680,681.9,632,659.1,664,649.1,637.1,633,631,631,635.9,651.1,670.9,680,682,631.7,658.9,664,649,637,633,631,631,635.9,651,671,680,682,631.7,0.33,FALSE,0
248195360,05.11.2021 17:37,05.11.2021 17:40,516.2,494.4,533.6,516.6,546.8,524.3,567.4,541.4,595,562.9,620.4,600.7,632.3,631.7,632.6,632.1,659.1,664,648.8,636.8,632.8,630.8,630.8,635.7,650.7,670.7,679.9,681.9,631.1,659,663.9,649.2,636.9,633.2,631.1,631.1,636,651.1,671.1,680,682.1,632.1,659,664,649,637,633.1,631.1,631.1,636,651,670.9,680,682.1,632.1,0.18,TRUE,1
248195393,05.11.2021 17:37,05.11.2021 17:40,515.3,495.4,532.8,516.1,546.9,522.9,565.9,540,590.1,561.7,624.5,600.4,633.5,632.3,633,632.6,659,664,648.8,636.8,632.8,630.8,630.8,635.9,650.8,670.8,679.9,682,631.1,658.8,663.9,649,637.1,633,631,631,636,651.1,671,680,681.9,632,659,664,648.9,637.1,633.1,631.1,631,636,651.1,671,680.1,682,632,0.16,TRUE,1
248195421,05.11.2021 17:38,05.11.2021 17:41,518.3,497.6,534,515.4,546.9,521.7,567.5,539.1,595.8,561.5,623.2,599.8,632.9,632.5,632.5,632.7,659,664,648.9,636.8,632.8,631,630.8,635.8,650.8,670.9,680,682.1,631.4,659,663.9,649.2,637.1,633,631.2,631.3,636.1,651.1,671.1,680,682,632.6,659,664,649,637.1,633,631,631.1,636.1,651.1,671.1,680,681.9,632.6,0.27,FALSE,0
248195450,05.11.2021 17:38,05.11.2021 17:41,517.5,499.4,535.6,514.8,546.9,520.6,565.9,538.1,592.9,560.7,625.1,599.7,632.9,632.6,633.2,633.1,659,663.9,648.9,636.8,632.9,630.9,630.8,636,650.8,670.9,679.9,682,631.6,658.9,664,649,637.1,633.1,631.1,631.2,636.1,651.1,671.1,680,681.9,631.9,658.9,664,649.1,637.1,633.2,631.1,631,636.1,651,671,680,682,631.9,0.37,FALSE,0
248195482,05.11.2021 17:39,05.11.2021 17:41,519.1,501.1,535.6,514.1,546.8,519.9,567.8,537.6,596.4,560.5,625.8,599.8,633.3,632.7,632.3,633,659,663.9,648.9,636.8,632.8,631,630.8,635.9,650.9,670.8,679.9,682.1,631.8,658.9,664,649.1,637.1,633,631.1,631.1,635.9,651.1,671.1,680,682,631.7,659,664,649,637.1,633,631,631,635.9,651.1,671,680,682,631.7,-0.06,TRUE,1
248195511,05.11.2021 17:39,05.11.2021 17:42,519.9,501.6,537,513.4,547.2,519.1,565.6,536.7,593.8,559.9,626.5,600,633,632.7,633.4,633,658.9,663.9,648.9,636.9,632.9,630.8,630.7,635.8,650.8,670.7,680,682,632,659,663.9,649.2,637.1,633.1,631.1,631,636,651,671,680,682,631.8,658.9,664,649,637,633,631,631,636,651.1,671,679.9,681.9,631.8,0.22,FALSE,0
248195543,05.11.2021 17:39,05.11.2021 17:42,520.4,501.3,536.5,512.7,546.6,518.4,568,536.4,595.7,559.7,627.5,600.4,633,632.6,632.2,632.7,658.9,663.9,648.9,636.8,632.9,630.8,630.8,635.9,650.8,670.8,679.9,682,631.9,658.9,663.9,649.1,637,633.1,631.1,631.1,636,651,671,679.9,682,632,659,664,649,636.9,632.9,630.9,630.9,636,650.9,671,679.9,681.9,632,0.31,FALSE,0
248195572,05.11.2021 17:40,05.11.2021 17:43,521.5,500.5,536.8,511.9,547.3,517.8,565.7,535.7,594.6,559.4,628,600.6,633.3,632.7,633.4,632.7,658.9,663.9,648.9,636.9,632.9,631,630.9,635.9,650.8,670.8,679.9,681.9,631.7,658.9,663.8,649.1,637,633,631.1,631.1,636,650.9,670.9,680,682,632.3,659.2,664.1,649.1,637.1,633,631,631,636,651,671,680,681.9,632.3,0.34,FALSE,0
248195604,05.11.2021 17:40,05.11.2021 17:43,521.8,499.4,536.7,511.2,546.6,517.3,567.9,535.5,595.5,559.1,629,600.9,632.8,632.7,632.3,632.6,658.9,663.9,648.8,636.8,632.8,630.9,630.8,635.7,650.7,670.7,679.9,682,631.6,659,664,649.1,637.1,632.9,631,631,635.9,651,671,679.9,681.9,632.3,659,663.9,648.9,636.9,632.9,630.9,631,635.9,651,670.9,679.9,681.9,632.3,0.16,TRUE,1
248195632,05.11.2021 17:41,05.11.2021 17:44,523.3,498.8,536.6,510.6,547.1,516.9,565.8,534.9,594.6,558.7,629.9,601,633.1,632.8,633.3,632.7,659,663.9,648.8,636.8,632.8,630.8,630.8,635.8,650.7,670.8,679.9,681.9,631.6,659.1,664,649,637,633.1,631.1,631,636,651.1,671,680,681.9,632.3,659,664,649.1,637.1,633,631,631,636,651.1,671.1,680.1,682,632.3,0.16,TRUE,1
248195665,05.11.2021 17:41,05.11.2021 17:44,523.9,498.7,536.7,509.9,546.8,516.5,567.7,534.8,595.3,558.5,629.4,600.9,632.9,632.7,632.4,632.7,659,663.9,648.9,636.8,632.9,630.8,630.8,635.9,650.7,670.8,679.8,681.9,631.7,659.1,664.1,649.1,637.2,633.1,631.1,631.1,636.2,651.2,671.2,680.1,682.1,632.5,659.1,664,649,636.9,633,631,631,636.2,651.1,671.1,680.1,682.1,632.5,0.32,FALSE,0
248195726,05.11.2021 17:42,05.11.2021 17:45,523.9,499.2,536.7,509,547,516,567.5,534.5,595.1,558.1,630,600.6,633,632.8,632.7,633,659.1,664,648.9,636.9,632.8,630.9,630.8,635.9,650.8,670.8,679.9,681.9,631.8,658.9,664,648.8,637,633,631.1,631,636,651,670.9,680.1,682,631.6,658.9,664,648.9,637,632.9,630.9,631,636,651.1,671.1,680,682,631.6,0.26,FALSE,0
248195754,05.11.2021 17:43,05.11.2021 17:46,524.5,499.8,536.9,508.8,546.9,515.7,566.1,534.5,595.1,558.1,629.9,600.4,633.4,632.9,632.8,633,659,664,648.9,637,632.9,631,630.9,636,650.9,670.9,680,682,631.9,658.8,664,648.9,637,633,631,630.9,636,651,671,680,681.9,631.4,658.9,664,649,637,633.1,631,630.9,636,651.1,671,680.1,682,631.4,0.18,TRUE,1
248195787,05.11.2021 17:43,05.11.2021 17:46,524.5,499.8,536.7,508.6,547,515.5,567.6,534.8,594.8,557.9,629.9,600.4,632.9,633,633,633.1,658.9,663.9,648.9,636.8,632.8,630.9,630.9,636,650.9,670.9,679.9,682,631.8,658.8,663.9,648.9,637,633,631,631,636,650.9,670.9,680,682,631.8,658.9,664,649.1,637.1,633.1,631,630.9,636,651,671,680,682,631.8,0.17,TRUE,1
248195815,05.11.2021 17:44,05.11.2021 17:47,524.8,499.9,536.8,508.7,547.1,515.4,566.3,534.8,595.3,557.9,630.1,600.4,633.1,632.9,632.8,633,659,664,649,636.9,632.9,631,630.9,635.9,650.9,671,680,682.1,632,658.9,663.9,649,637.1,632.9,630.9,630.9,635.8,651,671,680,682,632.2,659,664,649,637.1,633.1,631,631.1,635.8,651.1,671,679.9,682,632.2,0.12,TRUE,1
248195847,05.11.2021 17:44,05.11.2021 17:47,525.1,499.8,536.6,508.9,546.9,515.2,567.4,535,594.4,557.6,629.8,600.3,633.3,632.9,632.8,633,659,664,649,636.9,632.9,630.9,631,635.9,650.9,670.9,679.9,682.1,631.9,659,663.9,649,636.9,633,631.1,631,635.9,651,671,680,681.9,632.4,659,664,649,637,633,630.9,630.9,635.9,651,671,680,682,632.4,0.19,TRUE,1
248195876,05.11.2021 17:45,05.11.2021 17:48,524.3,499.6,537,509.3,546.9,515.1,566.4,535,595.7,557.8,630,600.4,633.3,632.9,633.1,633.2,658.9,663.9,648.9,636.9,632.9,631,630.9,635.9,650.8,670.9,679.9,682,631.9,659.2,664.1,649.1,637.1,633,631.1,631,635.9,651,671,680,682,632.4,659.1,664,649,637,633,631,631,635.9,651,671,679.8,681.9,632.4,0.44,FALSE,0
248195908,05.11.2021 17:45,05.11.2021 17:48,524.5,499.7,536.7,509.7,547,515,567.3,535.1,594,557.3,630.2,600.4,633.1,632.9,632.8,633,658.9,663.9,648.9,636.8,632.9,630.9,630.9,635.9,650.8,670.9,680,682.1,631.8,659.2,664.1,649.3,637.1,633.1,631.2,631.1,635.9,650.9,670.9,679.9,682,632.2,659,664.1,649,637,633,631,631,635.9,651,671,679.9,681.9,632.2,0.19,TRUE,1
248195969,05.11.2021 17:46,05.11.2021 17:49,524.2,499.5,536.7,510.5,547.4,515.1,567.1,535.2,594,557.3,630.2,600.4,633,633,632.9,633,659,663.9,648.9,636.9,632.9,630.9,630.9,635.8,650.8,670.8,679.9,681.9,631.8,659,664.1,649.3,637.1,633.2,631.1,631,636,651.1,671,680,682.1,631.9,659.1,664,649,637,633,631,631.1,636,651,671.1,680.1,682.2,631.9,0,TRUE,1
248195998,05.11.2021 17:47,05.11.2021 17:50,525,499.7,536.7,510.8,547.3,515.1,566.5,535,595.9,557.4,629.9,600.5,633.1,633.1,632.9,632.9,659,664,648.9,636.8,632.9,630.8,630.9,635.8,650.8,670.9,679.9,681.9,631.8,658.9,664,649.1,637.2,633.1,631.2,631.2,636.1,651.1,671,680,682,631.8,659.1,664,649,637,633,630.9,631.1,636.1,651.2,671.1,680,682.2,631.8,0.06,TRUE,1
248196026,05.11.2021 17:47,05.11.2021 17:50,524.2,499.5,536.8,511.1,547.1,514.9,567,535,594.2,557.2,630.1,600.4,633.1,633,632.9,632.9,659.2,664.1,649,636.9,632.9,630.9,630.9,635.9,650.8,670.8,679.8,681.8,631.9,659.1,664,649,637.1,633.1,631.1,631.1,636,651.1,671,680.1,682.1,631.8,658.9,663.9,649,636.9,633.1,630.9,631,636,651,671,680,682.1,631.8,0,TRUE,1
248196100,05.11.2021 17:48,05.11.2021 17:51,527.3,505.5,535,512.2,550.6,519.9,567.7,538.9,593.3,560.2,627.6,602.8,633.7,634.6,632.7,633.6,658.9,664,649,636.9,632.9,630.8,630.9,635.9,651,671,680,682.1,632.4,659.1,664,649,637.1,633.1,631,631,636,651.1,671,680,682,631.8,659.1,664.1,649.1,637,633,631.1,631,636,651.1,671,680,681.9,631.8,0.3,FALSE,0
248196129,05.11.2021 17:49,05.11.2021 17:52,523.3,503.2,538.9,512.2,545.1,519,566.3,538.2,597.3,560.4,631.1,602.7,633.2,633.7,633.6,633.3,658.9,663.9,649.1,637.1,633,631.1,631,636,651,671,680,682.1,632.4,658.9,663.8,649.1,637,633,631.2,631,636,651.2,671,680.1,682,631.9,659,664,649,637,633,631,630.9,636,651,671,679.9,681.9,631.9,0.33,FALSE,0
248196161,05.11.2021 17:49,05.11.2021 17:52,525.3,500.7,534.8,512,547.9,518.6,567.4,537.6,593.2,559.3,630.1,602.1,632.7,632.5,632,632.5,658.9,663.9,649,636.9,632.9,630.8,630.9,635.9,650.9,670.9,680,682,632.2,658.9,664,649,637,633,631,631,636,651,671,680,681.9,631.9,659.2,664.1,649.1,637,633,630.9,630.9,636,651,671,680,681.9,631.9,0.23,FALSE,0
248196218,05.11.2021 17:50,05.11.2021 17:53,524.4,496.8,535.3,511.1,547,517.2,567.6,536.2,592.9,558.4,631.6,601.3,632.7,632.2,632.2,632.4,659,663.9,648.9,636.9,632.9,631,630.9,635.9,650.9,670.8,679.9,682,631.8,659,664,648.9,637,633.1,631,630.9,636,651,670.9,679.9,681.9,632.1,659,664,649.1,637.1,633.1,631.1,631,636,651.1,671.1,680.2,682.1,632.1,0.18,TRUE,1
248196250,05.11.2021 17:51,05.11.2021 17:53,524.6,496.5,538,510.8,547.4,516.7,566.1,535.5,597.5,558.7,628.4,600.6,633.5,632.6,633.7,632.8,659.1,663.9,649,637,632.9,630.9,630.9,635.9,650.9,670.8,679.8,681.8,631.6,659.2,664.1,649,637,633,631.1,631.1,636,651,670.9,680,682,632.2,659,664.1,649,637.1,633,631,630.9,636,651.1,671.1,680.1,682.1,632.2,0.25,FALSE,0
248196383,05.11.2021 17:53,05.11.2021 17:56,524.7,501.7,538.5,509.7,546.4,516.2,568.3,535.3,597.5,558.4,630.5,600.6,633.5,633.3,633.3,633,658.9,663.9,648.9,636.9,632.9,631,630.9,635.9,651,671,680,682,632.1,659,664,649.2,637.1,633,631.1,631.1,636,651.2,671.1,680,682,631.8,659.1,664,649,637,633,631,631,636,651.1,671,679.9,681.9,631.8,0.34,FALSE,0
248196504,05.11.2021 17:54,05.11.2021 17:57,524.9,498.2,536.9,509.7,546.9,514.9,567.5,534.5,597.6,557.6,628.6,600,633.1,632.9,632.7,633,659.1,663.9,649,636.9,632.9,630.9,631,636,650.9,670.9,680,681.9,631.9,658.9,664,649,637,633.1,631.2,631.1,636,651.1,671.2,680,682,632,658.9,663.9,648.9,636.9,632.8,630.9,631,636,651.1,671.1,680.1,682.2,632,0.23,FALSE,0
248196533,05.11.2021 17:55,05.11.2021 17:58,524.3,498,536.5,509.8,547.2,514.7,566.2,534.4,592.8,557.2,630.7,600.2,632.9,633,633.2,633.2,659.1,664.2,649,637,633,631,631,636,650.9,671,680,681.9,632,658.8,663.9,649.1,636.9,633,631,631,636,651,671,679.9,681.9,632,658.9,663.9,649,637,633,631.1,631,636,651,671,680.1,682.1,632,0.34,FALSE,0
248196594,05.11.2021 17:56,05.11.2021 17:59,524.1,499.3,536.9,510.1,547.4,514.6,566,534.6,593.7,557.1,629.5,600.2,633.1,633.2,633,633,659,663.9,648.9,637,633,631,631,636,651,671,680,682.1,632,658.9,663.9,648.9,636.9,633,630.9,630.9,635.9,651,671,680,681.9,632,658.9,664,649,637.1,633,631.1,631.1,635.9,651,671,680,682.1,632,0.11,TRUE,1
248196687,05.11.2021 17:57,05.11.2021 18:00,525.3,500.1,536.4,510.3,546.6,514.7,567.9,535.1,595.5,557,630,600.3,632.7,632.9,633.2,632.8,659.1,664,649,637,633,630.9,631,635.9,651,671,680.1,682,631.7,659.3,664.1,649.3,637.1,633,631,631.1,635.9,651.1,671,679.9,682.1,631.9,659.1,664,648.9,636.9,632.9,631,630.9,635.9,651,671,679.9,681.9,631.9,0.07,TRUE,1
248197243,05.11.2021 18:02,05.11.2021 18:05,524.7,499.7,537.1,509.8,547.3,515,567.1,535,594.6,556.5,630.1,600.2,633.1,633,632.8,633,659,664,649,636.9,633,630.9,631,635.9,650.9,671,680,682.1,631.9,658.9,663.9,649.2,637,633,631,631,635.9,651.1,671.1,680,682,632.2,658.9,664,649.1,637.1,633.1,631,630.9,635.9,650.9,670.9,679.9,681.8,632.2,0.01,TRUE,1
248197336,05.11.2021 18:03,05.11.2021 18:06,524.8,499.4,536.5,510,547.2,514.8,566.6,534.9,595.6,556.5,629.8,600.3,633,633.1,633.1,633.2,659,664,649,637,633,631,630.9,636,651,671,680,681.9,632.1,659,664,649.1,637,633.1,631.1,631,635.9,650.9,671,680,682,632.1,659,664,649.1,637,633,631.1,631,635.9,650.9,671,679.9,681.9,632.1,0.26,FALSE,0
248197397,05.11.2021 18:04,05.11.2021 18:07,525.3,499.4,536.3,510,547.3,514.9,566.7,534.9,595.4,556.4,629.9,600.3,633.2,633.1,632.9,633.1,658.9,664,648.9,636.9,632.9,631,630.9,635.9,651,670.9,680,682,632,659,664,649,637,632.9,630.9,630.9,635.9,650.9,670.9,680,681.9,631.9,659,664,649.1,637,633,631,631,635.9,651.1,671,680,682.1,631.9,0.22,FALSE,0
248197426,05.11.2021 18:05,05.11.2021 18:08,524.3,499.4,537.2,510.1,547.1,514.9,567,534.9,594.4,556.3,630.1,600.4,632.9,632.9,632.9,633.1,658.9,663.9,649,637,633,631,630.9,635.8,650.9,671,680,681.9,632,659,664,649,636.8,633.1,631,630.9,635.9,650.9,670.8,680,682,631.9,659,664,649,637,633,631,631,635.9,651.1,671,680.1,682.1,631.9,0.23,FALSE,0
248197458,05.11.2021 18:05,05.11.2021 18:08,525.2,499.6,536.2,510,547.1,514.9,566.7,535,595.4,556.4,629.9,600.3,633.1,633,633,633.2,659.1,664,649.1,637,633.1,631,631,636,650.9,670.9,680,681.9,631.9,659.2,664.1,649.2,637,632.9,631.1,631,636,651.1,670.9,680,682,632,659,664,649,637,633,631.1,631.1,636,651,671.1,680.1,682.1,632,0.27,FALSE,0
248197519,05.11.2021 18:06,05.11.2021 18:09,525,499.6,536.3,510.1,547.1,514.9,566.5,534.9,595.4,556.3,630,600.2,632.9,632.9,633,633.1,659.1,664.1,649.1,637.1,633.1,631.1,631.1,636,651,670.9,679.9,682,631.9,659.1,664,649.3,637.1,633,631.2,631.2,636.1,651,671,680,682,631.9,659,664,648.9,637,633,631,631,636.1,651,671.1,680,682,631.9,0.16,TRUE,1
248197547,05.11.2021 18:07,05.11.2021 18:10,524.3,499.5,537.2,510.2,547,514.9,566.9,535,594.5,556.2,630.2,600.2,633.3,633.1,633,633.1,659,664,649.1,637.1,633.1,630.9,631,636.2,651.1,671,680,682,632,659.1,664,649.1,637,633,630.9,630.9,635.9,651,671,680,682,631.9,658.9,664,649,637,632.9,631,630.9,635.9,651,671,680.1,682,631.9,0.28,FALSE,0
248197580,05.11.2021 18:07,05.11.2021 18:10,524.6,499.5,536.5,510.2,547.1,514.9,566.9,535,595.4,556.4,630,600.2,633,633.2,632.9,633,659,664,648.9,637,633,631.1,631,636,651.1,671,680.1,682.2,632,659.1,664,649.1,637.1,632.9,630.9,630.9,635.9,651,671.1,680.1,682.1,632,658.9,663.9,648.9,636.9,633,631.1,631.1,635.9,650.9,670.9,679.9,681.9,632,0.31,FALSE,0
248197608,05.11.2021 18:08,05.11.2021 18:11,524.8,499.5,537.2,510.2,547.2,514.9,566.8,535,594.7,556.2,630.1,600.4,633.5,633.3,633,633,659,664,649.1,637,633,631,630.9,636.2,651.1,671,680.1,682,632,658.9,664,648.9,637,632.8,630.9,630.9,635.9,651,671,680.1,682,632.1,659,663.9,649.1,637,633,631,631,635.9,651,671,679.9,681.9,632.1,0.32,FALSE,0
248197641,05.11.2021 18:08,05.11.2021 18:11,524.8,499.4,536.4,510.1,547.2,514.9,567,535.1,595.3,556.4,629.8,600.4,633.1,633.2,633,633.1,659.1,664,649,637,632.9,631,631,636.1,651.1,671,680,682.1,632,658.9,664,649,636.9,632.9,630.9,631,636,651,671.1,680.1,682,632.1,659.2,664,649.1,636.9,632.9,631,631,636,651,670.9,679.9,681.8,632.1,0.13,TRUE,1
248197669,05.11.2021 18:09,05.11.2021 18:12,524.3,499.5,537.3,510,547.2,514.9,566.7,535.1,594.8,556.2,630.1,600.4,633.2,633.2,633.1,633.1,658.9,663.9,648.9,636.9,632.9,630.9,630.9,636.1,650.9,671,680,681.9,632,658.8,663.9,649,637,633,631.1,631,636,651,670.9,680,681.9,632,659,664,649.1,637,633,631.1,631.1,636,651,671,679.9,682,632,0.31,FALSE,0
248197702,05.11.2021 18:09,05.11.2021 18:12,525.3,499.6,536.3,510,547.1,515,567.1,535.1,595,556.2,630,600.4,633.1,633.1,632.8,633.1,658.9,664,649,637,633,631,631,636,651,671,680,682,631.9,658.9,663.9,649,636.9,632.9,630.8,630.8,635.9,651,671,680,682,632,659.1,664,649,637.1,633,631.1,631,635.9,651,671,679.9,682,632,0.15,TRUE,1
248197730,05.11.2021 18:10,05.11.2021 18:13,524.4,499.6,537.1,509.9,547.1,515,566.6,534.9,595,556.2,630,600.4,633.1,633.1,633.2,633.1,658.9,663.9,649,636.9,632.9,630.9,630.9,636,651,671,680,681.9,631.9,658.9,663.9,649.1,636.9,633,631,631,635.9,650.9,670.9,680,681.9,631.9,659.2,664.1,649.1,637.1,633.1,631,631.1,635.9,651.1,671,680,682,631.9,0.37,FALSE,0
248197763,05.11.2021 18:10,05.11.2021 18:13,524.6,499.7,536.5,510,547.2,515,567,535,594.9,556.2,630.1,600.3,633,633.1,632.7,633,659,663.9,649,636.9,633,631,631,636,650.9,670.9,679.9,681.9,632,659.1,664,649.2,636.9,632.9,630.9,630.9,635.8,650.9,671,679.9,682,631.8,659,664,649,637,633.1,631.1,631.1,635.8,651.1,671.1,680.1,682.2,631.8,0.41,FALSE,0
248197791,05.11.2021 18:11,05.11.2021 18:14,524.3,499.8,537,510,547.1,515,566.9,535,595,556.2,630.2,600.4,633.2,633.2,633.2,633,659.1,664.1,649.1,637,633,631,631,636,650.9,670.9,679.9,681.8,632,659.2,664,649.1,637.1,633.1,631.1,631,635.9,650.9,670.9,679.9,682,631.8,659,664,649,637,632.9,631,630.9,635.9,651.1,671.1,680.1,682.1,631.8,0.19,TRUE,1
248197824,05.11.2021 18:11,05.11.2021 18:14,525.1,499.8,536.5,510,547.1,515,566.7,534.9,594.8,556.1,630.1,600.3,633,633.2,632.7,633,659.1,664,649,637,633,631,631,635.9,651,670.9,680,681.9,632,659.1,664,649.4,637.1,632.9,631.1,631,635.9,651,671,680,682.1,632,659,664,649,637,632.9,631,631,635.9,651,671,680.1,682.2,632,0.18,TRUE,1
248197881,05.11.2021 18:12,05.11.2021 18:15,524.8,499.8,536.7,509.9,547.2,515,566.9,535,594.8,556.2,630,600.3,632.9,633,632.9,633.2,659,664,649,637,633,631.1,631,635.9,651,670.9,680,682,631.9,659,663.9,649,636.9,632.9,630.9,630.9,635.9,651,670.9,680,681.9,632.5,658.9,663.9,649,636.9,632.9,631.1,631,635.9,651,671,679.9,681.9,632.5,0.2,FALSE,0
248197913,05.11.2021 18:13,05.11.2021 18:15,524.7,499.8,536.9,509.9,547,515,566.8,535,595.1,556.2,630.3,600.3,633.3,633.1,633,633.1,659,664.1,649,637,633,630.9,631,635.9,651,671.1,680.1,682.1,631.9,658.9,663.9,648.9,636.9,633,630.9,631,635.9,651,670.9,680,681.9,632.3,659,664,649,637,633,631,631.1,635.9,651,671.1,680,682,632.3,0.28,FALSE,0
248197942,05.11.2021 18:13,05.11.2021 18:16,524.8,499.7,536.8,509.9,547.4,515,566.9,535,594.9,556.1,629.7,600.3,632.9,633.1,633,633,658.9,663.9,649,637,632.9,631,631.1,636.2,651.1,671,680,682.1,631.9,659.1,663.9,649.1,637,632.9,630.9,630.9,635.9,650.8,670.9,680,682,632,659,663.9,648.9,637,633,631,631,635.9,650.9,670.9,680,682,632,0.32,FALSE,0
248198002,05.11.2021 18:14,05.11.2021 18:17,525,499.4,536.6,509.9,547,515,566.9,534.9,594.9,556.1,629.8,600.4,633.4,633.2,633.2,633.2,659,664,649.2,637,633,631,631.1,636.1,651,670.9,680.1,682.1,632.1,659.3,664.1,649.4,637.1,633.1,630.9,630.9,635.8,651,670.9,680,682.1,631.6,659.1,664,649.1,637,633,631,631,635.8,650.9,671,679.9,681.9,631.6,0.25,FALSE,0
248198035,05.11.2021 18:14,05.11.2021 18:17,524.7,499.3,537.1,509.9,547.5,515.1,566.9,534.9,595.1,556.1,629.9,600.3,632.9,633.1,632.6,633.2,659,664,649,637,633,630.9,631.1,636,651,671,680,681.9,632,659.2,664,649.4,637.1,633.1,631.3,631.2,636.1,651.1,671.1,680,682.2,631.9,659,664,648.9,637,632.9,630.9,631,636.1,651,671,679.9,681.9,631.9,0.34,FALSE,0
248198063,05.11.2021 18:15,05.11.2021 18:18,524.8,499.3,536.8,510,547.2,515,566.9,534.9,594.9,556.1,630.3,600.3,633.7,633.2,633.3,633.2,659,663.9,649,637.1,633.1,631.1,631.1,636.1,651,670.9,680,682,632,659,664,649.3,637.3,633.2,631.2,631.2,636.2,651.3,671.1,680,682.1,632.1,659.1,664.1,649.1,637,633,631.1,631.2,636.2,651,671,679.9,682,632.1,0.28,FALSE,0
248198096,05.11.2021 18:15,05.11.2021 18:18,525.1,499.7,536.8,510,547.5,515,566.7,534.9,595.2,556.1,629.8,600.3,632.7,633,632.7,633.1,659,664,648.9,637,633,631,631,636,651,671,679.9,681.9,632,658.9,663.9,649.1,637.1,633.2,631.1,631.1,636.1,651.1,671,680,682,632.3,659,663.9,649.1,636.9,632.9,630.9,631,636.1,651.1,671.1,680.1,682.1,632.3,0.24,FALSE,0
248198124,05.11.2021 18:16,05.11.2021 18:19,524.3,499.7,536.9,510.1,547,514.9,567,534.9,594.7,556,630.3,600.3,633,633,633.1,633.1,659,664,649,637,632.9,630.9,631,636,650.9,670.9,680,681.9,631.9,658.9,663.9,649,637,632.9,631,631.1,635.9,651,670.9,680,681.9,632.3,659.1,664.1,649.1,636.9,633,631.1,631,635.9,650.9,671.1,680,682.1,632.3,0.19,TRUE,1
248198157,05.11.2021 18:16,05.11.2021 18:19,525.2,499.8,536.5,510,547.2,514.9,566.6,534.8,594.9,555.9,630,600.3,633.4,633.1,633,633.1,659,664,649.1,637,632.9,631,630.9,636,651,670.9,680,681.9,631.8,659.2,664,649.1,637.2,633,631,630.9,635.9,651,670.9,679.9,682,632.2,659,663.9,649.1,637,633,631.1,631,635.9,651.1,671,680.1,682.1,632.2,0.22,FALSE,0
248198185,05.11.2021 18:17,05.11.2021 18:20,524.5,499.6,536.8,510,547.1,514.8,567,534.8,594.9,556,630.1,600.3,632.8,633,632.8,633,659,664.1,649,637.1,633.1,631,631,636,650.9,670.9,679.9,681.8,631.8,659.2,664.1,649.2,637.1,632.9,631,630.9,635.9,651,671,680,682,632,658.9,663.9,649,636.9,633,631,631,635.9,651.1,671.1,680.1,682.1,632,0.16,TRUE,1
248198217,05.11.2021 18:17,05.11.2021 18:20,524.8,499.7,536.6,510.1,547.1,514.8,566.7,534.8,594.8,555.9,630.2,600.3,633.3,633.2,633.1,633,659.1,664.1,649,637.1,633,631.1,631.1,636,651,670.9,679.9,682,631.8,659.1,664,649.3,637,633,630.9,630.9,636,651,670.9,679.9,682,631.7,659.1,664.1,649.1,637.1,633,631,631.1,636,651.2,671,680.1,682,631.7,0.14,TRUE,1
248198246,05.11.2021 18:18,05.11.2021 18:21,524.7,499.7,537.2,510,547.1,514.8,566.8,534.8,595,555.9,630.1,600.3,633.3,633.2,632.8,633.1,658.9,664,648.9,636.9,633,631.1,631,636.1,651.1,671,679.9,682,631.9,659.3,664.1,649.3,637.1,633.1,631,631,636,651.1,671.1,680,682.1,631.6,658.9,663.9,649,637,633,631,631,636,651,671.1,680.1,682,631.6,0.29,FALSE,0
248198679,05.11.2021 18:24,05.11.2021 18:28,520.7,499.9,535.6,516,547.9,526.5,569,544.1,595.9,564.7,623,603.3,634.8,633.7,634.2,633.3,658.8,663.9,649,637.1,633.1,631.3,631.2,636.2,651.2,671.2,680.1,682.1,631.8,658.9,664,649,637.1,633.1,631.1,631.2,636.1,651.2,671.1,680.2,681.9,632.4,659,664,649,637.1,633.1,631.2,631.1,636.1,651,671,680.1,682.1,632.4,-0.17,TRUE,1
248198761,05.11.2021 18:26,05.11.2021 18:29,518.3,500.9,531.9,515.2,546.2,525.5,564.7,542,591.8,563.6,626.1,602.7,632.2,633.1,631.9,632.6,659,664,648.9,636.7,632.8,630.8,630.8,635.8,650.9,670.9,680,682,632.1,659,664,649.1,637,632.9,630.9,631,636,651,671.1,680,681.9,632,659,663.9,648.9,637.1,633.1,631.1,630.9,636,650.9,670.9,680,681.9,632,0.21,FALSE,0
248198794,05.11.2021 18:26,05.11.2021 18:29,522.9,500.4,537.5,514.9,546.2,523.8,568.4,541.2,598.1,563.3,626.7,602.2,633.4,632.6,633.5,632.6,659,664,648.9,636.9,632.8,630.9,630.9,635.9,650.8,671,680,681.9,632.1,659.1,664,648.9,637,633,631.1,631.1,636,651,671,680,682,632,659.1,664.1,648.9,637.1,633,631,631,636,651.1,671,680,682,632,0.19,TRUE,1
248198822,05.11.2021 18:27,05.11.2021 18:30,521.5,499,535.5,514.2,547.1,522.5,565.3,539.7,592.1,561.9,628.9,601.8,633.2,632.2,632.5,632.5,659,664,649,636.8,633,630.9,630.9,635.9,650.7,670.8,679.9,681.9,631.9,658.9,664,649.1,636.9,633,630.9,630.9,635.9,650.9,671,680,681.9,631.9,659,664,649,637,633,630.9,630.9,635.9,651,671.1,680.1,682,631.9,0.43,FALSE,0
248198854,05.11.2021 18:27,05.11.2021 18:30,524.4,498.3,536.9,513.7,546.2,521.2,567.7,538.8,597.6,561.6,628,601.2,632.9,632.2,633,632.5,659.1,664,648.9,636.9,632.8,630.9,630.9,635.8,650.8,670.8,680,682,631.9,659,664.1,649.1,636.8,633,631.2,631.2,636,650.9,671,679.9,681.9,632,659,664,648.9,637,633,631,631.1,636,651.2,671,680.1,682.1,632,0.33,FALSE,0
248198944,05.11.2021 18:29,05.11.2021 18:32,524.3,498.6,536.5,512,547.1,518.5,565.8,536.4,593.5,559.6,629.8,600.5,633.2,632.8,633.1,633,659,664,648.9,636.9,632.9,630.8,630.8,635.8,650.8,670.9,679.9,681.9,631.8,659.1,664,649.3,637.2,633.1,631.1,631,636,651.1,671.1,680,682.1,632,659,664.1,649,637.1,633.1,631,631,636,651,671.1,680.1,682,632,0.2,FALSE,0
248198976,05.11.2021 18:29,05.11.2021 18:32,525,499.3,536.4,511.4,546.6,517.8,567.6,535.9,596,559.2,629.8,600.4,632.9,632.8,632.5,632.8,659,664,648.9,636.9,632.9,631,630.9,635.8,650.9,670.9,680,682,631.8,659.1,664.1,649.3,637.2,633,631.1,631.2,636.1,651.1,671.2,680.1,682.1,632.1,658.9,664,649.1,637,633,631.1,631,636.1,651.1,671,680,682,632.1,0.34,FALSE,0
248199004,05.11.2021 18:30,05.11.2021 18:32,524.3,499.6,536.8,510.8,546.8,517.3,565.7,535.3,594.4,558.9,629.9,600.3,633.4,633,633.4,632.9,659,663.9,649,636.9,633,630.9,630.9,636,650.9,671,680.1,682.1,631.8,659,664,649.1,637.2,633.1,631.1,631,636,651.1,671.2,680,682,632,659,664,649,637.1,633.1,631,630.9,636,651,671,680,682,632,0.28,FALSE,0
248199033,05.11.2021 18:30,05.11.2021 18:33,524.5,499.8,536.6,510.1,546.6,516.7,567.8,535.1,595.3,558.5,629.8,600.2,632.9,633,632.5,632.8,659,664,648.9,636.8,632.9,630.9,630.9,636,650.8,670.9,680,682.1,631.8,658.9,664,649.2,637.1,633.1,631.3,631.2,635.9,651.1,671.1,680,682,631.9,659,664,649,637,633,631,631,635.9,651,671,679.9,682,631.9,0.38,FALSE,0
248199065,05.11.2021 18:31,05.11.2021 18:33,524.6,499.9,536.7,509.5,547,516.4,565.7,534.7,595,558.5,629.8,600.2,633.3,633,633.5,633,658.9,664,648.9,637,633,630.9,630.9,635.9,650.8,670.9,680,682,631.7,658.9,663.9,649.1,637,633,630.9,631,635.9,651.1,671.2,680,682,631.9,659,664,649,637,633.1,631,630.9,635.9,650.9,671,680,681.9,631.9,0.1,TRUE,1
248199094,05.11.2021 18:31,05.11.2021 18:34,524.7,499.6,536.8,509,546.5,516.1,567.8,534.7,594.7,558.1,630,600.2,632.9,633,632.5,632.8,658.9,663.8,648.8,636.8,632.8,630.9,630.8,635.9,650.9,670.9,680,682,631.7,659,663.9,649,637,633,631.1,631.1,636,650.9,671,680,682,631.9,659,664.1,649,637,633,631,631,636,651,671,679.9,681.9,631.9,0.16,TRUE,1
248199155,05.11.2021 18:32,05.11.2021 18:35,524.5,499,536.8,508.6,546.7,515.5,567.7,534.6,594.5,557.7,630.1,600.3,633,633,632.7,632.7,659,664,648.9,636.8,632.8,630.8,630.8,635.8,650.9,670.8,680,682,631.8,658.8,664,649,636.9,633,631.1,631,636,651,671,680,681.9,631.9,659.1,664,649,637,633.1,631,630.9,636,651,671,680,682.1,631.9,0.26,FALSE,0
248199248,05.11.2021 18:33,05.11.2021 18:36,524.4,499.1,536.8,509.1,547.1,515,566.3,534.9,595.5,557.6,630.2,600.4,633.1,633,632.7,633,659.1,664,649.1,637,632.9,631,630.9,635.9,650.8,670.8,679.9,681.9,632.1,659.3,664.1,649.2,637.1,633.1,631,631,635.9,651,671,679.9,682,632,659,664,649,637,633,631,631.1,635.9,651.1,671,680,682.1,632,0.29,FALSE,0
248200157,05.11.2021 18:48,05.11.2021 18:51,524.5,499.4,536.4,509.8,546.7,514.9,566.9,534.9,594.9,556.3,630,600.4,633.1,633.2,633.1,632.8,659,663.9,649,637.1,633.1,631.1,631,636,650.9,671,680.1,682,631.8,659,664.1,649.1,637.1,633.1,631.1,631.1,636,651.1,671,680,682,632.5,659,664,649,636.9,633,631,631,636,650.9,671,679.9,681.9,632.5,0.14,TRUE,1
248200555,05.11.2021 18:54,05.11.2021 18:57,525.1,502.1,538.3,511.3,546.5,518.5,568.7,537.7,598.4,558.9,627.5,601.8,633.7,633.2,634.1,633.2,658.9,663.9,649,637,633,631,631,636,651,670.9,680.1,681.9,632.3,658.9,663.9,648.9,637.1,633.1,631.1,631.2,636,651,671,680,682,632.2,659,664.1,649.1,637,633.1,631.1,631,636,651,671.1,680.1,682.2,632.2,0.42,FALSE,0
248200587,05.11.2021 18:54,05.11.2021 18:57,524,499.8,536.3,511.3,547.6,518.1,565.4,536.7,591.8,557.8,632.7,602,632.9,632.5,632.3,632.5,659.1,664,649,636.9,632.9,630.9,631,636,650.9,671,680,681.9,632.1,659,664,649,637,633.1,630.9,631,635.9,651,671,680.1,681.9,632,659,664,649.1,637.1,632.9,631,631.1,635.9,651.1,671,680.1,682,632,0.3,FALSE,0
248200798,05.11.2021 18:58,05.11.2021 19:01,525.2,500.6,537.4,509.4,546.9,514.9,568.2,534.4,595.1,556.6,630,600,632.8,633.2,632.3,632.8,658.9,663.9,648.9,636.9,632.9,631,631,635.9,651,671,680.1,682.2,632.1,659.1,663.9,649.1,637.1,633,631.2,631.2,636,651,671,680.1,682.1,632.2,659.1,664,649,637,633,631,631,636,651,671,679.9,681.8,632.2,0.2,FALSE,0
248200827,05.11.2021 18:58,05.11.2021 19:01,524.2,500.5,537,509.3,547.8,514.8,565.6,534.4,595.2,556.6,630.1,600.2,633.2,633.3,633.9,633,658.9,664,648.9,636.9,632.9,630.9,631.1,636.1,651,671.1,680,681.9,632,659,664,649.1,637.2,633.2,631.2,631,635.9,651.1,671.1,680.1,682.1,632.1,659,664.1,649,637,633,631,631,635.9,650.9,671,680,681.9,632.1,0.06,TRUE,1
248200859,05.11.2021 18:59,05.11.2021 19:01,525,500.3,537.2,509.3,547,514.6,568,534.8,594.8,556.5,629.9,600.3,633.1,633.2,632.4,632.9,658.9,664,649,636.9,633,631,631,635.9,651,670.9,680,682,631.9,659,664,649.2,637,633.1,631.1,631.1,636,651,671.1,680,682,632.1,659,664,649,636.9,632.9,631.1,630.9,636,650.9,670.9,679.9,681.9,632.1,0.19,TRUE,1
248200920,05.11.2021 18:59,05.11.2021 19:02,524.9,499.3,537,509.3,547.2,514.5,567.8,535.2,594.6,556.4,629.9,600.4,632.9,633,632.6,633.1,659,663.9,649,636.9,633,631,630.9,635.9,650.9,670.9,680,682,632.1,659.1,663.9,649,637,633,631,631,635.9,650.9,670.9,680,682,631.9,659,664.1,649,637,633.1,631.1,631,635.9,651,671.1,680.2,682.2,631.9,0.27,FALSE,0
248200949,05.11.2021 19:00,05.11.2021 19:03,524.1,499,537.2,509.5,547.2,514.6,566,535.1,595.5,556.5,630.2,600.5,633.3,633,633.4,633.3,659.1,664.2,649.1,637,633,631,631,636,651,671,680,681.9,632.2,658.9,664,649,637,633,630.9,630.9,635.9,651,671,680,682,631.9,659.1,664.1,649.2,637.2,633.2,631.1,631.1,635.9,651.2,671.1,680.2,682.2,631.9,0.09,TRUE,1
248201237,05.11.2021 19:00,05.11.2021 19:03,524.6,499.2,536.9,509.6,547.3,514.8,567.5,535.3,594.5,556.3,629.9,600.3,632.7,633,632.6,633.2,659.1,664,649,637,633,631,631,635.9,650.9,670.9,679.9,681.9,632.1,659,663.9,649.2,637,633,631,631.1,636,650.9,670.9,680,681.9,631.8,659,664,649,636.9,633,631,631.1,636,651.1,671.1,680.1,682.1,631.8,0.05,TRUE,1
248201935,05.11.2021 19:11,05.11.2021 19:14,525,499.4,536.4,510.3,547,515,567.1,534.9,595,556,630.1,600.2,632.7,633,632.7,633.1,659,664.1,649.1,637,633,631.1,631,636,651,670.9,680,682,632,658.9,664,648.9,637.1,633,631,630.9,636,651,671,679.9,681.9,632,659,664,649,637,633,631.1,631,636,651,671,680,682.1,632,0.09,TRUE,1
248206025,05.11.2021 20:11,05.11.2021 20:14,524.4,499.6,536.5,509.9,546.9,515,566.8,535,595,556.3,630.2,600.4,633.3,633.2,633.1,633.1,659,664,649,636.9,632.9,631,631.1,636.1,651,671,680,682,632.1,659,664,649.1,637.1,633,631,631.1,636.1,651,671.2,680.1,682,632,659,664,649,637.1,633.1,631.1,631,636.1,651.1,671,680.1,682,632,0.05,TRUE,1
248208251,05.11.2021 20:46,05.11.2021 20:49,524.4,499.8,536.9,510.1,547.2,514.9,567,535,595.1,556,629.8,600.3,632.9,633,632.7,633.1,659,663.9,649,637,633,631,630.9,636,651,670.9,679.9,681.9,631.9,659,663.9,649.1,637,633.1,631.1,631,636.1,651.1,671,680,682,632.1,658.9,664,648.9,637,633,631.1,631,636.1,651.1,671.2,680.1,682.2,632.1,0.08,TRUE,1
248208800,05.11.2021 20:55,05.11.2021 20:58,524.5,499.8,536.9,509.9,547.2,515.1,566.8,535,594.8,556.1,630.2,600.4,633.3,633,633.2,633.1,659,664,649.1,637,633,631.1,631.1,635.9,651.1,671,680,682.2,631.8,659,664,649.1,637.2,633.3,631.2,631.1,636,651.2,671.1,680,682,632,659.1,664,649.1,637,633,631.1,631,636,651,671,679.9,681.9,632,0.06,TRUE,1
248209135,05.11.2021 21:00,05.11.2021 21:03,528.7,505.7,536.1,511,551,519.3,567.3,538.3,593.6,558.6,627.1,602.3,633.5,634.5,632.9,633.9,659,664,649.1,637,633.1,630.9,631.1,636,651.2,671.1,680.1,682.1,632.5,659,664,649.2,637.2,633.1,631.2,631.1,636.1,651.1,671.2,680.1,682.1,631.8,659.1,664.1,649,637.1,633.1,631.1,631.1,636.1,651.1,671,679.9,682,631.8,0.16,TRUE,1
248209940,05.11.2021 21:08,05.11.2021 21:11,524.4,499.4,537,510.3,547.4,515.2,565.9,535,594.4,556.2,630.2,600.5,633.2,633.2,632.9,633,659,664,649.1,637.1,633.1,631.1,631,636,650.9,670.9,679.9,681.9,632,659,664,649.1,637.1,633,631,630.9,636,651,671,680,682,632,658.9,663.9,648.9,636.8,632.8,631,631,636,651.1,671.1,680,682,632,0.4,FALSE,0
248210197,05.11.2021 21:12,05.11.2021 21:15,518.8,501.8,534.3,514.3,547.4,525.3,567.9,542.6,596.8,564,624.5,604.4,631.7,632.4,632.8,632.4,658.9,663.9,649,636.9,633,630.9,631.1,635.9,651,671,680.1,682.1,632.3,659.1,664.1,649.2,637,633.1,631.1,631.1,636,651,671,680,682,632.1,659,664,649,637.1,633.1,631.1,631,636,651.1,671.1,680,682,632.1,0.63,FALSE,0
248210408,05.11.2021 21:16,05.11.2021 21:19,524.2,501.6,537.3,511.3,547.1,517.3,565.7,535.4,596.3,558.9,630.3,600.7,633.3,633.4,633.7,632.9,659,663.9,649,636.9,632.9,630.8,630.9,635.9,650.9,670.9,680,681.9,632.1,659,663.9,648.9,637.1,632.9,631.1,631.1,636,651,671.1,680,681.9,632,659,664,649,637,632.9,631.1,631,636,651.1,671,680.2,682.2,632,-0.08,TRUE,1
248210469,05.11.2021 21:17,05.11.2021 21:20,524.8,501.6,537,510.2,547.1,516.4,566.4,534.8,596.2,558.3,630.7,600.3,633.3,633.1,633.3,632.9,659.1,664.1,649,636.9,633,631,631,636,650.9,670.9,680,681.9,632.1,658.9,664,649,637,633.1,631.1,631,636,651,671,680,682,632.1,659.1,664,649,637,633,631,631.1,636,651,670.9,680,682,632.1,0.07,TRUE,1
248210502,05.11.2021 21:17,05.11.2021 21:20,524.3,500.5,536.5,509.6,546.6,515.8,566.8,534.5,593.6,557.7,629.8,600.1,633.3,633,632.8,633,659,664,649,637,632.9,631.1,631,635.9,650.9,671,680,682,632,658.9,664,649,637,632.9,631,631,635.9,651,671,680,681.9,632.1,659,664,648.9,637,633,631.1,631,635.9,651,671,680.1,682,632.1,0.16,TRUE,1
248210531,05.11.2021 21:18,05.11.2021 21:21,524.4,499.4,536.8,509.1,547.1,515.6,566.6,534.4,596.6,557.9,629.6,600.1,632.9,633,632.9,632.9,659,664,649,637,633,631,631,636.1,650.9,671,680.1,682.2,631.9,659.1,663.9,649,636.9,633.1,631,630.9,636,651,671,680,682,632,659,664,649,637,633,631.1,631.1,636,651,671,679.9,681.9,632,0.11,TRUE,1
248210563,05.11.2021 21:18,05.11.2021 21:21,524.6,498.7,536.8,508.8,546.9,515.3,566.8,534.5,593.2,557.4,630.8,600.4,633.2,633,633.3,633,659,664,649,637,633,631,631,635.9,650.9,671.1,680.1,682.1,631.8,659.2,664.1,649.3,637.1,633.1,631,631,636,651.1,671.1,680,682,632,658.9,664,649,637,633,631.1,631.1,636,651,671,680,682,632,0.09,TRUE,1
248210652,05.11.2021 21:20,05.11.2021 21:22,524.4,499.1,536.9,508.8,547,514.8,567.2,535,597,557.5,629.8,600.4,633.2,633.2,632.3,633,658.9,663.9,649,636.9,633,631,631,635.9,650.9,671,680.1,681.9,632,659.1,664.1,649.4,637.2,633.1,631,631,636,651.1,671,680,682,632,659,664,648.9,636.9,632.9,631,630.9,636,651,670.9,680,681.9,632,0.15,TRUE,1
248210681,05.11.2021 21:20,05.11.2021 21:23,525.3,499.6,536.4,509.1,547.1,514.7,566.4,534.9,593,556.9,630,600.3,633,633.2,633.7,633,659,663.9,649,636.9,632.9,631,631,636,650.9,670.9,680,681.9,632,658.9,664.1,649.3,637,632.9,631,631,636.1,651.1,671,680.1,682.1,632,659,664,649,637,633,630.9,630.9,636.1,651,671,679.9,682,632,0.55,FALSE,0
248210713,05.11.2021 21:21,05.11.2021 21:23,524.2,499.9,537,509.4,547.1,514.8,567.4,535.2,596.9,557.3,630,600.4,633.1,633.2,632.5,633,659,663.9,649,636.9,632.9,631,631,635.9,650.9,670.9,680,681.9,632,659,664,649.2,637.1,633,631,631.2,636,651.1,671.1,680.1,682,632.1,659.1,664.1,649.1,637,633.1,631.1,631,636,651,671.1,680,682.1,632.1,0.01,TRUE,1
248210774,05.11.2021 21:21,05.11.2021 21:24,524.5,500.1,536.9,510.2,546.8,514.8,567.3,535.1,596.7,557.1,629.7,600.3,632.9,633.1,632.4,633,659,664,649.1,637,633,630.9,630.9,636,650.9,670.9,680,682,632,658.9,663.9,649,637,633.1,631,631,636,651.1,671.1,680.1,682,632.2,659,664,649,637,633,631.1,631.1,636,651,671.1,680,682.2,632.2,0.08,TRUE,1
248210863,05.11.2021 21:23,05.11.2021 21:26,525,499.5,536.4,510.9,547.3,515.1,566.1,534.9,594,556.7,630.3,600.3,633.2,633.1,632.9,633,658.9,664.1,649,637,633,631,630.9,635.9,651,671,680,682,632,659,664,649,637,633,631,630.9,636,651,671,680,681.9,631.9,658.9,664,649,637,633,631,631,636,650.9,671,679.9,681.9,631.9,0.33,FALSE,0
248210924,05.11.2021 21:24,05.11.2021 21:27,524.6,499.6,536.6,510.8,547.3,515.1,566,534.8,594.7,556.7,630,600.3,632.9,633.2,632.6,633,658.9,663.9,649,636.9,633,630.9,631,636,651,671,680,682.1,631.9,659.1,664.2,649.3,637.1,633.1,631.2,631.2,636,651,671,680,682.1,631.9,659,663.9,649.1,637.1,633,631.1,631,636,650.9,671,679.9,681.8,631.9,0.05,TRUE,1
248210956,05.11.2021 21:24,05.11.2021 21:27,525,499.9,536.9,510.6,547.1,515.2,567.7,535,595.2,556.7,630,600.4,633.2,633.3,633.4,633.1,659,664,649.1,637,633,631.1,631,636.1,650.9,671,680,682.1,631.9,659.2,664.1,649.4,637.1,633,631.1,631,636.1,651.2,671.1,680,682.1,632,659,664,649,637,633,631,631,636.1,650.9,671,680,681.9,632,0.1,TRUE,1
248210985,05.11.2021 21:25,05.11.2021 21:28,524.6,500,536.7,510.4,547.2,515.1,566,534.9,595.1,556.7,630.1,600.4,633.3,633.3,632.7,633,659,663.9,649,636.9,632.9,630.9,631,636,651,671,680,682,631.8,659.1,664,649.2,637.2,633.2,631.4,631.2,636.1,651.1,671.1,680,682.1,632,659,663.9,648.9,637,633,630.9,631,636.1,651,671,679.9,681.9,632,0.14,TRUE,1
248211017,05.11.2021 21:25,05.11.2021 21:28,524.7,500,536.9,510.2,547,515.1,567.8,535,594.7,556.5,629.9,600.4,633,633.2,633.1,633,659,663.9,649.1,637,633,631.1,630.9,635.9,650.9,670.9,680,682,631.9,659,664,649.2,637.1,633.3,631.2,631.2,636.1,651.1,671.1,680.1,682,632.1,659.1,664,649,637,633.1,631.1,631.1,636.1,651,671,680,682,632.1,0.08,TRUE,1
248211046,05.11.2021 21:26,05.11.2021 21:29,524.8,499.7,536.6,509.8,547.7,515.1,566.1,534.8,595.4,556.7,630.2,600.5,633.4,633.3,633,632.9,658.9,663.9,649,637,633,631,631,636,651,670.9,680,682,632,659,664,649,637,633,631,631,636.1,651.1,671.1,680.1,682,632.1,659.1,664.1,649.2,637,633,631.1,631.1,636.1,651.2,671,680.1,682,632.1,-0.18,TRUE,1
248211078,05.11.2021 21:26,05.11.2021 21:29,524.3,499.5,537,509.8,546.8,514.9,567.4,535,594.5,556.5,629.9,600.3,632.8,633.1,632.9,633,659,663.9,649,637,632.9,631,631,636,650.8,670.8,679.9,681.8,632,658.8,663.9,649.2,637,633,631.1,631.1,636.1,651.1,671,680.1,682,632.4,659,664,649.1,637,633.1,631.2,631,636.1,651,671,680,682.1,632.4,-0.03,TRUE,1
248211139,05.11.2021 21:27,05.11.2021 21:30,524.3,499.2,536.9,509.5,547.1,514.9,567,534.9,594.7,556.5,630.3,600.4,633,633,632.9,633.1,659,664.1,649,637,632.9,631,631,636,651,670.9,679.9,681.9,632,659.1,664.1,649.3,637,633,630.9,630.9,635.9,651,670.9,680,682,632.1,659,664.1,649.1,637.1,633.1,631,631.1,635.9,651,671.1,680.1,682.1,632.1,0.38,FALSE,0
248211200,05.11.2021 21:28,05.11.2021 21:31,524.5,499.6,536.9,509.4,547.1,514.9,567,535,594.5,556.4,630.3,600.3,633.3,633.1,633,633.1,659,664,649,637,632.9,631,631.1,636.1,651,671,680,682,631.9,659,664.1,649.4,637.1,633.1,631.1,631.2,636,651,671,680,682.1,631.8,659,664,649.1,637,633,631,630.9,636,651,670.9,680.1,682.1,631.8,0.07,TRUE,1
248211228,05.11.2021 21:29,05.11.2021 21:31,524.4,499.9,536.9,509.6,547,514.8,566.7,535,595.4,556.5,629.8,600.2,633.1,633.2,632.9,632.9,658.9,664,649,637,633,630.9,630.9,635.9,650.9,671,680,682,631.8,659.1,664.1,649.2,637.1,633.2,631.1,631,636,651.2,671.1,680,682,631.8,658.9,663.9,648.9,637,633,631,631,636,651,671.1,680,681.9,631.8,0.31,FALSE,0
248211305,05.11.2021 21:30,05.11.2021 21:33,527.4,506.8,534.3,511.5,550.2,520.6,566.5,539.2,592.6,559.9,628.9,603.4,633.4,635,632.8,633.8,659.1,664,649.1,637,633,631,631,635.8,651,670.9,680,682,632.5,658.9,664,649.2,637,632.9,631,631.2,636,651.1,671.1,680,682.1,631.9,659,664,649,637,633,631,631.1,636,651,671.1,680,682.1,631.9,0.14,TRUE,1
248211366,05.11.2021 21:31,05.11.2021 21:34,525,500.8,534.3,511.6,547.8,519.1,566.5,537.8,592.6,558.9,630.1,602.2,632.2,632.6,632.2,632.5,659.1,664.1,649,636.9,633,631,631,636.1,651.1,671.1,679.9,682.1,632.3,658.9,664,649.1,637,633,631,631,636,651.1,671.1,680,682,632.1,658.9,664,649,637,632.9,630.9,631,636,651,671,680,681.9,632.1,0.25,FALSE,0
248211399,05.11.2021 21:31,05.11.2021 21:34,524.3,497.8,539.1,511.4,546.7,518.3,566.9,537.1,597.7,559.2,629,601.4,633.8,632.3,633.7,632.4,659,663.9,649,637,633,631,631,636,651.1,671,680,682.2,632,659,663.9,649,637,633,631,631,636,651,671.1,680.1,682,632.1,659,664,649,637,633,631.1,631.1,636,651,671,679.9,681.9,632.1,0.12,TRUE,1
248211792,05.11.2021 21:37,05.11.2021 21:40,524.8,499,536.6,510,547.5,515.1,565.8,535.2,594.9,556.6,629.9,600.4,633.5,633.2,633.2,633.1,659,664.2,649,637,633,630.9,631.1,636.1,651,671.1,680,682.1,631.9,659,664,648.9,637.1,633.1,631.1,631.1,636,651,671,679.9,681.9,632.2,659,663.9,649,636.9,632.9,630.9,631,636,651,670.9,680,681.9,632.2,0.07,TRUE,1
248211821,05.11.2021 21:38,05.11.2021 21:41,524.9,499.2,537,510.3,546.7,515,568,535.4,594.7,556.5,630.3,600.5,633,633.1,632.8,633,659,664,649,637,633.1,631,631,635.9,651,671,680.1,682.1,631.9,658.8,663.9,648.9,637,633,631,630.9,635.9,651,671,680,681.9,632.1,659.1,664,649,637,633,631,631,635.9,650.9,670.9,679.9,681.9,632.1,0.32,FALSE,0
248211914,05.11.2021 21:39,05.11.2021 21:42,525,500.1,536.9,510.5,547.1,515.1,565.9,535,595.7,556.5,630.1,600.3,633.6,633.1,633.1,633.3,659,664,649,637,633,631,631,635.9,650.9,670.9,680,681.9,632.1,659.2,664,649.3,637.1,633.1,631,630.9,635.9,651,670.9,680,682,631.8,659,664,648.9,637,633,631,631,635.9,651,671,680,682.1,631.8,0.08,TRUE,1
248211943,05.11.2021 21:40,05.11.2021 21:43,524,500,537,510.5,547.2,515.1,567.5,535,594.2,556.2,629.7,600.3,632.6,632.9,632.9,633.2,659.1,663.9,648.9,637,633,631,631,635.9,650.9,671,680,681.9,632.4,659.1,664.1,649.5,637.1,633,631.2,631,635.9,651,671,680,682.1,631.9,659,664,649,637,633.1,631.1,631,635.9,651.1,671.1,680.1,682.1,631.9,0.11,TRUE,1
248212036,05.11.2021 21:41,05.11.2021 21:44,524.5,499.6,536.5,510.2,547,515,566.8,534.9,595.6,556.5,630.2,600.5,632.8,633.2,633,632.8,659,664,649,637,633,631.1,631.1,636,651.1,671,680,681.9,631.9,659,664.1,649.2,637.2,633.2,631.1,631,636.1,651.2,671.1,680,682.1,632.1,658.9,663.9,649,637,633,631.1,631.1,636.1,651.1,671.2,680.1,682,632.1,0.61,FALSE,0
248212153,05.11.2021 21:43,05.11.2021 21:46,525.8,508.8,535.5,512.4,548.7,524,566.1,541.6,594.3,562.5,627.3,605.4,633.4,635,632.2,633.6,659,664,649,637,632.9,630.9,631.1,636,651.1,671,680.1,682.1,632.7,658.8,663.9,649.1,637.1,633,631.3,631.3,636.1,651.1,671.1,680,682,632,659,664,649,637.1,633,631.1,631,636.1,651.1,671,680,682,632,0.56,FALSE,0
248212189,05.11.2021 21:44,05.11.2021 21:47,523.8,504.8,538.1,512.2,545.6,522.4,567.1,540.6,595.9,562.1,631.6,604.8,633.9,633.5,634.2,632.7,659.1,664.1,649.1,637.1,633.1,631.1,631.2,636.1,651.1,671.1,680.1,682,632.5,659,663.9,649.1,637.1,633.1,631.1,631.1,636.1,651.1,671,680,681.9,632.5,659,664,649,637,632.9,630.9,631,636.1,651.1,671,680,682.2,632.5,0.37,FALSE,0
248214285,05.11.2021 22:12,05.11.2021 22:15,510,490.1,530.5,519.6,546.7,528.8,562.4,542,585.1,561.3,610.1,597.7,632,631,631.4,631.6,659,663.9,648.6,636.6,632.6,630.6,630.4,635.6,650.5,670.5,679.9,682,630.9,659,664,649.2,637,633.1,631,631,636.1,650.9,670.9,680,682,631.9,658.9,663.9,649,637,633,630.9,631,636.1,651,671,679.9,681.9,631.9,0.37,FALSE,0
248214433,05.11.2021 22:15,05.11.2021 22:18,514.1,496.5,533.7,515.8,546.8,522.4,565.5,538.1,586.9,558,615.9,599.5,632.7,632.2,633.2,632.9,658.9,663.8,648.7,636.6,632.6,630.7,630.5,635.6,650.5,670.5,679.7,681.8,631.6,659,664.1,649.2,637.1,633,631.3,631.3,636.1,651.1,671.2,680,682.1,631.9,659,664,649,637,633,630.9,631.1,636.1,650.9,671,680,682.1,631.9,0.46,FALSE,0
248214522,05.11.2021 22:16,05.11.2021 22:19,516.7,496.6,536.4,513.3,546.5,520.4,567.1,537,590.1,557.6,619.2,600.3,632.3,632.2,632.1,632.7,659,664.1,648.6,636.7,632.6,630.7,630.6,635.6,650.4,670.5,679.8,681.8,631.6,659,664,649,636.9,633.1,631.1,631.1,636,651,671,680,682,632,659,664,649.1,637,633,631,631.1,636,651,671.1,680.2,682,632,0.08,TRUE,1
248215041,05.11.2021 22:24,05.11.2021 22:27,524.4,499,537.2,510.8,547,515.6,567.4,534.9,595.6,557.4,629.9,600.7,633.3,632.8,633.1,633,659,664,648.9,636.9,632.9,630.9,631,636,650.8,670.9,679.9,682,631.9,659,664,648.9,637.1,633,631,630.9,636,651,671,680,682,631.9,659,664,649,636.9,633,630.9,631,636,651,671,680,681.8,631.9,0.38,FALSE,0
248215647,05.11.2021 22:34,05.11.2021 22:37,516,495.6,533.4,513.6,547,522.9,565.8,540.3,591.9,562.4,629.7,603.4,633.1,631.9,632.9,632.1,659,664,648.9,636.9,632.9,630.9,631,635.9,650.9,670.9,680,681.9,631.6,659.1,664.1,649.2,637.1,633.1,631.1,631.1,636.1,651,670.9,680,681.9,632,658.9,663.9,649.1,637,633,631,631,636.1,651.1,671,679.9,682.1,632,0.31,FALSE,0
248215952,05.11.2021 22:38,05.11.2021 22:41,524.5,499,536.7,508.9,547.1,515.3,565.9,534.2,594.1,557.7,630.3,600.1,633.1,633,633.1,632.9,659.1,664.1,648.9,637,633,631.1,630.8,635.9,650.9,670.9,680,681.9,631.7,658.9,664,649,636.9,632.8,630.7,630.7,635.7,650.7,670.8,679.9,681.9,632.7,659,664,649,637,633,631,631,635.7,651,671,680,682.1,632.7,0.31,FALSE,0
248258939,06.11.2021 01:06,06.11.2021 01:09,517.6,497.5,530.2,510.5,546.3,515.5,563.9,535.3,584.6,555.6,619.3,601.1,632.9,632.8,632.6,632.9,659.1,664,648.8,636.7,632.7,630.8,630.7,635.8,650.5,670.6,679.9,681.9,631.7,659.2,664,649.3,637.1,633,631.1,631.1,635.9,651,671,680,682,631.9,659,664,649,636.9,632.9,630.9,631.1,635.9,651,671,680.1,682.1,631.9,0.55,FALSE,0
248258971,06.11.2021 01:07,06.11.2021 01:09,518.8,497.9,531.7,510.5,547.2,515.4,563.4,535.2,585.6,555.9,619.6,601.1,632.2,632.7,632.5,632.8,659.1,664,648.8,636.8,632.8,630.9,630.7,635.9,650.7,670.8,679.8,682,631.7,659.2,664.1,649.4,637.2,633.1,631.2,631.2,636.1,651.1,671,680,682.1,631.9,659,664,649.1,636.9,633,631,631,636.1,650.9,671,680,682,631.9,0.54,FALSE,0
248259000,06.11.2021 01:07,06.11.2021 01:10,519.6,498,532.2,510.5,546.7,515.1,565.6,535.3,586.2,555.8,621.6,601.3,633.4,632.8,633.1,632.9,659,664,648.9,636.7,632.7,630.8,630.7,635.9,650.7,670.8,679.8,682.1,631.8,659,664,649.2,637.2,633,631.2,631.2,636.1,651.1,671.1,680,682.1,631.9,659,664,649,636.9,632.9,631,631.1,636.1,651.1,671.1,680,682,631.9,0.36,FALSE,0
248259033,06.11.2021 01:07,06.11.2021 01:10,520.9,498.1,533.2,510.3,547.2,515,565.3,535.4,587.6,556.1,621.4,601.3,632.2,632.8,632.2,632.9,658.9,664,648.9,636.9,632.8,630.8,630.6,635.9,650.7,670.8,679.9,682.1,631.7,659,664,649.1,637.1,633.1,631,631,636,651.2,671.1,680,682,632,658.9,664,648.9,637.1,632.9,631.1,630.9,636,650.9,671,680,682,632,0.47,FALSE,0
248259122,06.11.2021 01:09,06.11.2021 01:12,523.3,498.5,535.9,509.9,547,514.8,567.1,535.6,589.6,556.3,624.6,601.4,632.9,632.8,633.2,633,658.9,663.8,648.8,636.8,632.7,630.8,630.7,635.8,650.6,670.7,679.9,682,631.6,658.9,663.9,649,636.9,632.9,630.8,630.8,635.9,651,671.1,680,681.9,632.1,659,664,648.9,637,633,631,630.9,635.9,651,670.9,679.9,681.9,632.1,0.48,FALSE,0
248259154,06.11.2021 01:09,06.11.2021 01:12,523.8,498.5,536.8,510,547.1,514.7,566.4,535.4,591.2,556.4,625.4,601.4,632.8,632.8,632.3,632.9,659,663.9,648.8,636.8,632.7,630.7,630.7,635.8,650.7,670.7,679.9,681.9,631.7,659.2,664.1,648.9,636.8,632.8,630.7,631.3,635.9,650.9,670.8,680,682,633.8,659.1,664,649.1,637,632.9,630.9,631,635.9,650.9,670.9,679.8,681.9,633.8,0.38,FALSE,0
248259215,06.11.2021 01:10,06.11.2021 01:13,524,498.3,536.4,510.1,547.3,514.9,566.8,535.2,592.8,556.6,627.4,601.5,632.8,632.9,632.4,632.9,659,664,648.9,636.9,632.9,630.9,630.8,635.9,650.8,670.8,679.9,681.9,631.8,659,664,649.2,636.9,632.8,630.8,630.8,635.6,650.7,670.6,679.8,682,633.3,659,664,649.1,637,633,631,631,635.6,651.1,671.1,680.1,682.1,633.3,0.42,FALSE,0
248259337,06.11.2021 01:12,06.11.2021 01:15,523.9,498.6,536.5,510.3,547.3,515.2,567.1,535,594.8,556.9,629.4,601.6,632.7,633,632.6,633,659,663.9,649,637,632.9,631,630.8,636,650.8,670.9,680,682.1,631.9,658.9,664,648.9,636.8,632.8,630.8,630.9,635.7,650.8,670.7,679.9,682,633.1,659,663.9,649,637,633,631,631,635.7,651,671,680,682,633.1,0.54,FALSE,0
248259544,06.11.2021 01:15,06.11.2021 01:19,526,501.8,537.5,510.7,548.4,516.4,567.3,536.8,594.7,558.4,629.5,602.6,633.4,634,633.2,633.6,658.9,664,649,637.1,633,631.1,631.1,636.2,651.3,671.3,680.1,682.1,632.1,658.8,663.9,649.1,637.2,633.1,631,631.2,636.1,651.2,671.1,680,682,632.2,659,663.9,649,637,632.9,630.9,631,636.1,651.1,671,680.1,682.2,632.2,0.56,FALSE,0
248259677,06.11.2021 01:18,06.11.2021 01:20,525.5,501.9,539.8,511.5,550,520.2,568,538.6,597,560.7,631.6,604.7,633.6,633.6,633.7,633.2,659,664,649.1,637,633.1,630.9,631,636,651,671,680.1,682,632.2,659,664.1,649,637,633,631,630.8,635.8,650.9,670.9,679.9,682.1,632.1,659,664,649,637,633,631.1,631,635.8,651,671,680,682,632.1,0.55,FALSE,0
248259814,06.11.2021 01:20,06.11.2021 01:23,526.6,500,539.4,511.3,549.4,521,568.8,539.1,597.5,561.7,630.7,605.4,633.5,633.3,633.7,633.2,658.9,663.9,649,636.9,632.9,630.8,631,636,651,671.1,680.1,682.1,632.1,658.9,664,649,636.8,632.9,631,631,635.8,650.8,670.9,680,682,632,658.9,664,648.9,637,633,631,631.1,635.8,651.1,671.1,680,682,632,0.36,FALSE,0
248259864,06.11.2021 01:20,06.11.2021 01:24,526.1,501.2,539.2,511.1,547.9,520.8,567.9,539,597.4,562.3,630.6,605.6,634.6,633.7,633.9,633.3,659.1,664,649.2,637.1,633.1,631.2,631.2,636.3,651.2,671.1,680.1,682,632.2,659.1,664,649.2,637.1,633.1,631.3,631.3,636.1,651.1,671.1,680,682.1,631.9,659,664,649.1,637.1,633.1,631,631.1,636.1,651,670.9,679.9,681.9,631.9,0.68,FALSE,0
248259998,06.11.2021 01:23,06.11.2021 01:25,526.4,500.9,540.1,510.6,549.3,521.4,569.4,539.1,598.1,562.6,630.8,605.7,633.5,633.2,634.2,633.4,659,664,648.9,636.9,632.9,630.8,631,635.7,650.9,670.8,680,681.8,632.1,659.1,664,649.1,637.1,632.9,630.8,630.9,635.9,650.8,670.9,679.9,682,632.1,659.1,664,648.9,637,633,631,631,635.9,651.1,671.1,680,682.1,632.1,0.4,FALSE,0
248260141,06.11.2021 01:25,06.11.2021 01:28,526.6,500.7,538,510.2,548,521.3,568.7,539.2,594.4,562.4,630.1,605.8,633.7,633.4,633.7,633.3,659.2,664.1,649.1,637.2,633.1,631.2,631.2,636.3,651.2,671.2,680,681.9,632,659.2,664.1,649.2,637.3,633.1,631,631.1,636,651,671.1,680,682.1,632,659,664,648.9,637,633.1,631,631,636,651,671,679.8,681.8,632,0.58,FALSE,0
248267805,06.11.2021 03:17,06.11.2021 03:19,512.3,496.2,517.3,508.7,537,515.8,554.1,533.6,575,553.9,607,598.9,631.2,631.2,631.5,631.8,659.1,663.9,648.6,636.5,632.5,630.5,630.4,635.5,650.3,670.5,679.8,682,631.5,658.8,663.9,648.8,636.7,632.8,630.6,630.7,635.6,650.7,670.7,679.9,681.9,632.4,659,664,649,636.9,632.9,630.9,631,635.6,651,671,680.1,682,632.4,0.02,TRUE,1
248267866,06.11.2021 03:18,06.11.2021 03:20,513.8,494.6,518.5,508.4,538,513.6,556.1,532.8,576.5,553.3,611,599.1,632.2,631.3,631.7,632,659,663.8,648.7,636.6,632.7,630.6,630.4,635.6,650.3,670.5,679.8,681.9,631.3,658.8,664,648.8,636.9,632.8,630.8,630.9,635.6,650.7,670.6,679.8,681.9,632.1,659,664,649,636.9,632.8,630.8,631.1,635.6,651,671.1,680,681.9,632.1,0.13,TRUE,1
248267988,06.11.2021 03:19,06.11.2021 03:22,517.8,497.8,522.2,508.4,541.7,513.6,559.8,534.8,578.9,554.9,614.8,600.7,632.7,632.8,632.4,632.8,659,663.8,648.8,636.7,632.7,630.6,630.5,635.6,650.5,670.6,679.9,682,631.3,659.1,664.1,649.2,636.9,632.9,630.9,630.9,635.8,650.9,670.9,679.9,682.1,631.9,659.1,664,649.1,636.9,632.9,630.9,630.9,635.8,650.9,671,679.9,681.9,631.9,0.22,FALSE,0
248268049,06.11.2021 03:20,06.11.2021 03:23,519.7,498.9,524.2,508.6,543.7,514.9,561.4,535.8,580.8,555.8,616.3,600.8,632.5,632.5,632.6,632.7,658.9,663.8,648.7,636.6,632.6,630.8,630.5,635.6,650.4,670.6,679.8,682,631.5,659,664,649.2,636.9,632.8,630.8,630.8,635.9,651,670.9,679.9,682,631.9,659,664.1,649.1,637,632.9,630.9,630.9,635.9,650.9,671,679.9,682,631.9,0.08,TRUE,1
248268077,06.11.2021 03:21,06.11.2021 03:24,520.2,498.7,525.5,508.9,544.9,515.4,560.7,535.8,583.9,556.2,617.6,601,633,632.4,632.6,632.6,659,663.9,648.8,636.6,632.6,630.6,630.6,635.8,650.5,670.6,679.8,681.9,631.6,659,664,649,637,632.9,630.9,631,635.8,650.9,670.9,680,682,632,659.1,664,649,637,633.1,631,631.1,635.8,650.9,671,680,682.1,632,0.12,TRUE,1
248268171,06.11.2021 03:22,06.11.2021 03:25,523.1,497.8,528,509.5,546.1,515.8,564.6,535.8,584.3,555.9,619.9,601,632.7,632.6,632.6,632.8,659,664,648.8,636.8,632.8,630.7,630.6,635.7,650.5,670.6,679.8,681.9,631.6,658.9,663.9,648.8,637,632.9,630.9,630.9,635.8,650.9,670.9,680,681.9,632,659,664,649.1,637,633,631,631,635.8,651,671.1,680,682,632,0.14,TRUE,1
248268199,06.11.2021 03:23,06.11.2021 03:26,523.6,497.7,528.8,509.7,546.7,515.7,564.6,535.4,587.6,556.2,621.1,601,632.9,632.7,632.9,632.9,659.1,664,648.9,636.7,632.8,630.8,630.7,635.8,650.6,670.7,679.8,681.9,631.6,658.9,663.9,649,637,632.9,630.8,631,635.9,650.8,670.9,680,682,632.1,658.9,664,648.9,636.9,632.9,630.9,630.9,635.9,651,671,680,682,632.1,0.28,FALSE,0
248268232,06.11.2021 03:23,06.11.2021 03:26,523.6,498,530,509.9,546.3,515.3,566.2,535.4,586,555.8,622.3,601.1,633.1,632.9,632.7,632.9,659,664,648.8,636.8,632.8,630.8,630.7,635.9,650.7,670.8,679.9,682,631.6,659.1,664.1,648.9,636.9,633,630.9,631,635.9,650.9,670.9,680,681.9,631.9,659,664,649,637,633,631,631,635.9,650.9,671,679.9,681.9,631.9,0.25,FALSE,0
248268260,06.11.2021 03:24,06.11.2021 03:27,523.3,498,530.8,510,546.6,515.2,566.3,535.3,589.7,556.3,622.6,601.2,633.2,632.9,632.8,632.9,659,663.9,648.8,636.9,632.8,631,630.8,635.8,650.7,670.8,679.9,682.1,631.7,659.1,664,648.9,636.8,633,631,631.1,635.9,650.8,670.8,680,681.9,631.9,659,664,649,636.9,632.9,630.9,631,635.9,650.9,671.1,680,681.9,631.9,0.23,FALSE,0
248268353,06.11.2021 03:25,06.11.2021 03:28,524.1,498.9,533.5,510.2,546.6,514.7,566.7,535.1,589.3,556.1,626,601.5,633.2,632.9,633.2,633,659,663.9,648.9,636.9,632.9,631,630.8,635.9,650.8,670.8,680,682,631.8,659.1,664,649.5,637.2,633.1,630.9,631,635.9,651,671,680,682.1,631.9,659,664,649.1,637,633,631,631,635.9,650.8,670.9,679.9,681.9,631.9,0.26,FALSE,0
248268382,06.11.2021 03:26,06.11.2021 03:29,523.6,498.9,534.5,510.2,547.2,514.8,566.8,535.1,593.6,556.6,626.2,601.5,632.6,632.7,632.7,633,659,663.9,648.8,636.9,632.8,630.9,630.8,635.9,650.8,670.9,679.9,682,631.8,659.1,664,649.2,636.9,633,631.3,631.2,635.9,651,671.1,680,682,631.9,659,664,648.9,637,633,631,631,635.9,651,671,679.9,682,631.9,0.06,TRUE,1
248268411,06.11.2021 03:26,06.11.2021 03:29,524.5,499,535.1,510.2,546.9,514.8,566.4,535,591.1,556.4,627.6,601.5,633.3,632.9,633,633.1,659,664,648.9,636.9,632.9,630.8,630.8,635.8,650.7,670.8,679.9,681.9,631.8,658.9,664,649,637.1,632.9,630.9,630.9,635.9,651.2,671.1,680,682.1,631.9,659.1,664,649.1,637,633.1,631,631,635.9,651.1,671,679.9,681.9,631.9,0.04,TRUE,1
248268453,06.11.2021 03:27,06.11.2021 03:30,525.6,500.4,537.6,510.4,549.1,515.9,568.5,536,595.2,557.5,628.5,602.1,632.8,633.3,632.9,633.2,659,664,648.9,636.8,632.9,630.9,630.8,635.8,650.8,670.8,679.9,681.9,631.9,658.9,664,648.9,636.9,633,631,631.1,636,651,670.9,680,682,631.9,658.9,663.9,648.9,636.9,632.9,630.9,630.9,636,651,671,680.2,682.1,631.9,0.21,FALSE,0
248268500,06.11.2021 03:27,06.11.2021 03:30,526.8,502.4,538.9,510.9,550,517.8,568.7,537.4,597.8,559.3,628,603.3,634.1,634.1,633.8,633.5,659,663.9,649,636.9,632.9,630.8,630.9,635.9,650.9,670.8,679.9,681.9,632,659,664,649,637,632.9,631,631,635.8,651,671,679.9,681.9,631.9,659,664,649,637,633,630.9,631,635.8,651,671,680,682,631.9,0.09,TRUE,1
248268590,06.11.2021 03:29,06.11.2021 03:32,526.3,502.2,539.5,511.5,549.8,519.9,568.3,538.5,594.2,560.3,631.1,605.5,634.1,633.7,633.8,633.3,659,664,648.9,636.9,632.9,630.9,630.9,635.9,650.9,670.8,679.9,681.9,632.1,658.9,664,649.1,637,632.9,631,630.9,635.9,650.9,670.9,679.9,681.9,631.8,658.9,663.9,649.1,637,633,630.9,631,635.9,651.1,671,680.1,682.1,631.8,0.39,FALSE,0
248268684,06.11.2021 03:30,06.11.2021 03:33,525.7,500,539.3,511.6,549.4,520.6,568.6,539,596.3,561.4,630.7,606,634.1,633.3,633.4,633.1,659.1,664,649,636.9,632.9,631,631,636,650.9,670.9,680,682,632,658.8,663.9,649.1,637.2,633.1,631,631.2,636.1,651.2,671.1,680,682,632.2,659,664,649,637,633.1,631,631,636.1,651,670.9,680,682,632.2,0.28,FALSE,0
248268725,06.11.2021 03:31,06.11.2021 03:34,526.9,500,539.2,511.5,549.8,520.8,568.2,538.9,597.3,562,630.5,605.9,633.7,633.3,633.9,633.2,659,663.9,649,637,633,630.9,630.8,635.7,650.8,670.8,680,681.9,631.9,659,664,649.3,637.1,633,631.1,630.9,635.9,651.1,671.2,680.1,682.1,632.4,659,664,649,637,633,631,631,635.9,651.2,671.1,680.1,682.1,632.4,0.35,FALSE,0
248268783,06.11.2021 03:32,06.11.2021 03:35,524.8,497.1,536.8,510.5,547.1,518.5,567.2,536.7,597.4,560.4,626.7,603.7,632.4,632.2,633,632.7,659,664,649,636.9,632.9,630.9,630.9,635.9,650.8,670.9,680,681.9,631.8,658.8,664,649,636.9,632.9,631,630.9,635.9,650.9,670.9,680,682,632,659,663.9,649,636.9,632.9,630.9,631,635.9,651.1,671.1,680.2,682.2,632,-2.5,FALSE,0
248268821,06.11.2021 03:32,06.11.2021 03:35,524.4,496.7,537.7,510.1,547.1,517.7,566.6,536,592.6,559.6,632.8,603.9,633.5,632.3,633.4,632.9,659.1,663.9,649,636.9,632.9,631,630.9,636,651,671,680,682.1,631.8,659.1,664,649.4,637.1,633,631.3,631.1,636,651.1,671,679.9,682,631.9,659,664,649.1,637,633.1,631,631.1,636,651.1,671.1,680.2,682.1,631.9,0.28,FALSE,0
248268867,06.11.2021 03:33,06.11.2021 03:36,526.4,499.8,536.5,509.8,550.2,518.6,568.6,536.8,593.5,560.1,630.6,604.1,633.3,633.3,632.3,633.1,658.9,664,648.9,636.9,632.9,630.8,630.8,635.9,650.9,670.8,680,681.9,632,658.9,663.9,649.1,636.9,632.9,630.9,630.8,635.9,651,671,680,682,632,658.9,664,649,637,633,630.9,631,635.9,651.1,671.1,680,682,632,0.11,TRUE,1
248268957,06.11.2021 03:35,06.11.2021 03:37,526.2,503.1,539.8,510.1,549.7,519.8,567.6,537.6,597.2,561.8,630.7,605.2,633.9,633.8,633.4,633.2,659,664.1,649,637,632.9,630.9,631,636,651,671,679.9,681.9,632.1,659.1,664,649.2,637.1,633.1,631.3,631.3,636.1,651.1,671.1,680,682.1,631.9,658.9,664,649.1,637,633,631,631,636.1,651.1,671.1,680.1,682,631.9,0.3,FALSE,0
248269004,06.11.2021 03:35,06.11.2021 03:38,527.2,502.5,539.5,510.4,549.8,520.2,567.7,537.9,595.1,561.7,631.6,605.8,633.5,633.3,633.8,633.3,658.9,663.9,648.9,636.9,633,630.9,630.9,635.9,650.9,670.9,680,681.9,632.2,658.9,663.9,649.1,636.9,632.9,631,630.8,635.8,650.9,670.9,680,682,631.9,659.1,664.1,649.1,637.1,633.1,631.1,631.1,635.8,651,670.9,680,681.9,631.9,0.16,TRUE,1
248269047,06.11.2021 03:36,06.11.2021 03:39,525.1,500.4,539.8,510.9,549.3,520.4,569.2,538.2,594.7,561.7,631.4,605.9,633.8,633,633.6,633.2,659,664,649,637,632.8,630.8,631,635.9,651.1,671,680.1,682.2,632.3,658.9,664,649.1,637,632.9,631.1,630.8,636,651.1,671.1,680,682,632.2,658.9,663.9,649,637,633,631,631,636,651.1,671,680,681.9,632.2,0.33,FALSE,0
248269094,06.11.2021 03:37,06.11.2021 03:40,527,499.6,539.3,511.2,549.2,520.6,568.8,538.3,596.7,562.3,630.3,605.9,633.6,633,634,633.4,659.1,664,649.1,636.9,633,630.9,631,636,650.9,670.9,680,681.9,632.1,659.1,664,649.3,636.9,632.8,631,630.7,635.8,651,670.9,680,682,632.1,659,664,649,637,633.1,631,631,635.8,651.1,671,680.2,682.2,632.1,0.06,TRUE,1
248269141,06.11.2021 03:37,06.11.2021 03:41,527,499.4,539.9,511.3,549.5,520.7,568.7,538.5,597.8,562.7,631.5,606.3,634.4,633.3,633.6,633.1,659,663.9,648.9,636.9,632.9,630.9,631.1,635.8,651,671,680,682,632.1,659,663.9,649,636.9,632.8,631,630.9,635.9,650.9,670.9,680,682,632.1,659.1,664.1,649,637,633,631,631.1,635.9,651,671,680.1,682,632.1,0.43,FALSE,0
248269230,06.11.2021 03:39,06.11.2021 03:42,529.7,504.8,538.9,511.6,551,523.4,569.4,540.8,596,565,632.6,608.5,634.9,634.5,633.9,633.7,659.1,664.1,649.3,637.3,633.3,631.3,631.4,636.4,651.4,671.4,680.2,682,632.5,659.1,664.1,648.9,637,633,631,631,636,651,671.1,680,682.1,632,659,664,649,637.1,633.1,631.1,631,636,651.1,671,680,682,632,0.53,FALSE,0
248269549,06.11.2021 03:44,06.11.2021 03:47,525.8,500.2,539.3,510.2,548.8,521.8,567.6,538.8,595.4,563.4,631.4,606.8,633.1,633,633.4,633,659,664,649,637,633,631,630.9,636,651,671,680,682.2,632.2,658.8,663.9,648.6,636.9,633,630.9,631.4,636,650.8,670.8,680,682,633.8,658.9,663.9,649,637,633,631,631,636,651,671,680.1,682,633.8,0.16,TRUE,1
248269685,06.11.2021 03:46,06.11.2021 03:49,526.1,499.8,539.5,509.9,548.8,521.6,568,538.6,596.9,563.5,631.5,606.9,633.9,633,633.8,633,659.1,664.1,649,637,633,630.9,631,635.9,650.9,670.9,680,682,631.9,659.1,664,649.1,636.9,632.8,631,630.8,635.6,650.7,670.7,679.7,682,633.6,659,664,649,637,633.1,631,631.1,635.6,651,671,680,681.9,633.6,0.38,FALSE,0
248269830,06.11.2021 03:48,06.11.2021 03:51,526.8,500.5,538.6,510.2,547,521,568.3,538.7,595.8,563.5,630.6,606.9,634,633.2,633.9,633.1,659.1,664.1,649.1,637.2,633.2,631.3,631.2,636.2,651.2,671.2,680.1,682.1,632,659.1,664.1,649,637.2,633.1,631.2,631.2,636,651.1,671.2,680.1,682,632,659,664.1,649.1,637.1,633,631.1,631,636,650.9,670.9,680,681.9,632,0.27,FALSE,0
248271139,06.11.2021 04:05,06.11.2021 04:08,514.6,494.7,526.3,509.6,544.3,518.5,561,534,584.8,557.2,614.9,599.1,632.5,632.3,633,632.5,659.1,664,648.8,636.8,632.7,630.8,630.6,635.6,650.4,670.7,679.8,681.9,631.2,659.1,664.1,649.2,636.9,632.8,630.9,630.9,635.7,650.8,670.8,679.8,682,632.1,659,664,649,636.9,632.9,631,631,635.7,651.1,671.1,680.1,682.1,632.1,0.22,FALSE,0
248271171,06.11.2021 04:05,06.11.2021 04:08,516,496.4,526.7,508.8,545.2,517.8,562.5,533.9,585.4,556.8,617.5,599.9,632.8,632.6,632.4,632.7,659,663.8,648.7,636.7,632.7,630.9,630.6,635.7,650.5,670.5,679.8,682,631.4,659.1,664.1,649.1,636.9,632.9,631,630.9,635.8,650.9,670.8,679.8,682,632,658.9,664,648.9,637,633,631,630.9,635.8,650.9,671,680.1,682.1,632,0.38,FALSE,0
248271260,06.11.2021 04:07,06.11.2021 04:09,518.9,497.6,529.4,507.2,545.9,516.3,564.8,534.8,588.5,556.4,619.3,600.7,632.9,632.4,632.1,632.6,658.9,663.8,648.8,636.7,632.8,630.7,630.6,635.7,650.7,670.7,679.9,682.2,631.9,659,664,649.1,637.1,633,631,631.1,635.9,650.9,670.9,680,682,631.9,658.9,663.9,649,637,633.1,631,630.9,635.9,650.9,671,680,682,631.9,0.2,FALSE,0
248271289,06.11.2021 04:07,06.11.2021 04:10,519.3,497,530.7,506.9,546.2,515.9,566.1,535.3,589,556.4,620,600.8,633.3,632.3,633.2,632.7,659,663.9,648.8,636.6,632.6,630.6,630.6,635.8,650.6,670.8,679.9,682.1,631.7,659,663.9,649,637,633,630.9,631,635.8,650.9,671,680,682,632,659,664,648.9,637,633.1,631,631,635.8,651,671.1,679.9,681.9,632,0.41,FALSE,0
248272348,06.11.2021 04:24,06.11.2021 04:26,526.1,506.7,534,511.5,549.2,521.2,566,539.8,592.5,560.8,629.3,604.2,633.4,635,632.7,633.9,659,664,649,636.9,632.9,630.9,631,636.1,651,671.1,680,682.2,632.8,659,664,649.1,636.9,633,631,630.9,636,651,671,680,682,632,658.9,664,648.9,637,633,631,631,636,651.1,671,680,682,632,0.32,FALSE,0
248273423,06.11.2021 04:40,06.11.2021 04:43,524.7,499.8,536.6,509.9,547.4,514.9,566.6,534.9,595.7,556.5,629.7,600.3,633,633,632.9,632.9,659,664,648.9,637.1,633.1,631.1,631,635.9,650.9,671,679.9,681.9,631.8,659.1,664.1,649.1,636.9,633.1,631,631.1,636,651.1,671.1,680,682,632,659,664.1,649,637,633.1,631.1,631.1,636,651.1,671.1,680.1,682.2,632,0.23,FALSE,0
248273492,06.11.2021 04:41,06.11.2021 04:45,525.4,500.4,536.9,510.2,546.8,514.8,567.3,535.1,596,556.9,631.1,600.9,633.8,633.5,633.4,633.3,659.1,664.1,649.3,637.3,633.2,631.3,631.2,636.3,651.2,671.2,680,681.9,632,659.1,664,649.2,637.3,633.1,631,631.2,636.1,651.2,671.2,680.1,682.1,632.1,659,664,649,637,633,631,631.1,636.1,651.1,671,680,682.1,632.1,0.28,FALSE,0
248274028,06.11.2021 04:50,06.11.2021 04:53,507.3,495.4,527.6,516.6,544.3,527.6,560.6,542.3,584.4,562.8,616.6,600.1,634,632.1,633.6,632.3,658.9,663.8,648.9,636.9,633,631,631,635.9,650.8,670.8,679.9,681.9,631.8,658.9,663.9,648.9,637,633,630.9,630.9,636,650.9,670.9,680,682,631.9,659,664,649,637,633,631,631,636,651,671,680,681.9,631.9,0.21,FALSE,0
248274096,06.11.2021 04:51,06.11.2021 04:54,512,492.7,529.2,515.2,547.2,524.1,563.3,539.8,588.4,560.8,615.3,598.2,632.4,631.6,633.3,632.4,658.9,663.9,648.9,636.8,632.8,630.9,630.8,635.7,650.7,670.7,679.9,681.9,631.2,658.8,663.9,648.9,636.9,633.1,631.1,631,635.9,651,671,680.1,682,631.9,659,664,649.1,637,633,631,631,635.9,651.2,671.1,680.1,682.1,631.9,0.19,TRUE,1
248274127,06.11.2021 04:51,06.11.2021 04:54,511.5,493.3,525.4,514.4,546.2,522.6,564.2,538.7,584.1,559.3,619.2,598.7,633.3,632.1,632.4,632.5,659.1,664,648.8,636.7,632.8,630.8,630.8,635.6,650.6,670.7,679.9,682,631.2,658.9,663.9,649.3,637.1,633,630.9,631,635.8,651,671,680,681.9,631.9,659,664,649,637,633,631,631.1,635.8,651.1,671,680,682.1,631.9,0.2,FALSE,0
248274188,06.11.2021 04:52,06.11.2021 04:55,513.5,497.3,528.5,512.9,546.2,520.4,565.6,537.2,585.7,558.2,621,599.3,633.5,632.8,632.9,632.8,659,664,648.8,636.9,632.9,631,630.8,635.9,650.7,670.7,679.8,682.1,631.5,659.2,664.1,649.4,637.1,633.1,631,630.9,635.9,650.9,670.9,680,682,632,659,664,649,637,633,631,631.1,635.9,651,671,679.9,681.9,632,0.54,FALSE,0
248274217,06.11.2021 04:53,06.11.2021 04:56,515.3,499,530.3,512.2,547,519.6,567.3,536.9,592,558.4,618.7,599.5,632.8,632.9,632.3,632.6,659,663.9,648.9,636.9,632.9,630.9,630.8,635.9,650.7,670.8,680,682.2,631.8,659.2,664,649.2,637,633,631.1,631,635.9,650.9,671,680,682,632,658.9,664,649,637,633.1,631,631,635.9,651,670.9,679.9,681.9,632,0.24,FALSE,0
248274311,06.11.2021 04:54,06.11.2021 04:57,516.8,498.5,533,509.8,547.2,517.4,565.5,535.1,590.8,557.4,621.9,600.4,632.9,632.6,633.5,632.8,658.9,663.9,648.8,636.7,632.8,630.8,630.8,635.8,650.8,670.8,679.9,682,631.8,658.9,664,649.3,637.1,633.1,631.2,631.1,636.1,651.1,671.1,680,682.1,631.9,659.1,664.1,649,637,633,631,631,636.1,651,670.9,679.9,681.9,631.9,0.19,TRUE,1
248274371,06.11.2021 04:55,06.11.2021 04:58,518.6,497.6,534.8,508.6,547.2,516.5,565.5,534.6,592.8,557.5,624.1,600.7,633.4,632.6,633.4,632.8,659,664,648.9,636.9,632.8,630.8,630.8,635.8,650.7,670.7,679.9,682,631.7,658.9,663.9,649.1,636.8,633,631,631,636,651,671.1,680.1,682.1,632.6,659,664.1,649,637,633.1,631,631,636,651.1,671.1,680,682.1,632.6,0.35,FALSE,0
248274400,06.11.2021 04:56,06.11.2021 04:59,519.9,497.6,534.6,508.2,546.8,516.1,567.8,534.7,595.4,557.7,624.6,600.7,632.5,632.5,632.3,632.7,659,664,648.9,636.9,632.8,630.9,630.8,635.8,650.7,670.7,679.8,681.9,631.7,658.9,664,648.8,636.9,633,630.9,631,636,651,671.1,680,682,632.4,659,664,649.1,637,633,631,631,636,651.1,671,680,682,632.4,0.28,FALSE,0
248274461,06.11.2021 04:57,06.11.2021 04:59,521.8,498,536.3,508.4,546.8,515.4,567.5,534.7,595.2,557.6,626.3,600.8,632.7,632.8,632.7,633,659.1,664.1,648.9,636.9,632.8,630.9,630.8,635.8,650.8,670.8,679.9,681.8,631.8,658.8,663.9,649,637.1,632.9,630.9,630.9,635.9,651,671,680,682,631.6,659,664,649,637,633,631,631,635.9,651.1,671.1,680.1,682,631.6,0.28,FALSE,0
248274489,06.11.2021 04:57,06.11.2021 05:00,522.2,498.4,536.6,508.8,547,515.2,566,534.8,594.8,557.8,627.8,601,633.1,632.8,632.7,632.9,659.1,664.1,649,636.9,633,631,631,635.8,650.9,670.9,680,682.1,631.9,659.1,664,649.1,637.1,633.1,631,631,636,651.1,671,680,682,631.8,659,664,649,637,633,631,631,636,651,671.1,680,682,631.8,0.21,FALSE,0
248274522,06.11.2021 04:58,06.11.2021 05:00,523.6,499,536.5,509.3,546.8,515,567.6,535,594.6,557.6,628.7,601,633.2,632.9,633.2,632.9,659.1,664,648.9,636.9,632.9,631,630.8,635.9,650.9,670.9,679.9,682.2,631.8,659.2,664.1,649.1,637,633,631,631,635.9,651,671,680,682,632,658.9,664,649,637.1,633,631.1,630.9,635.9,651,671,680,682,632,0.23,FALSE,0
248274550,06.11.2021 04:58,06.11.2021 05:01,524.2,499.4,536.7,509.7,547.2,515,566.2,535,595.6,557.8,629.1,601,632.8,633,632.3,632.8,659,664,648.9,636.8,632.9,630.9,630.9,635.9,650.8,670.8,679.9,682.1,631.7,659.2,664.1,649.3,637.3,633.2,631.1,631,636,650.9,671,680,682.1,632.2,659,664,649,637,632.9,630.9,631,636,651.1,671,680,681.9,632.2,0.31,FALSE,0
248274583,06.11.2021 04:58,06.11.2021 05:01,524.5,499.5,536.7,510.3,547,514.9,567.6,535.2,594,557.4,630.3,601.1,633.5,633,633.4,632.9,658.9,663.8,649,636.9,632.9,630.9,630.8,635.9,650.8,670.9,680,682.1,631.6,659,664,649.3,637.1,633.1,631.2,631.2,636,651,671,680,682.1,632.3,659,664,649,637,633,631,631,636,650.9,671,680,682,632.3,0.13,TRUE,1
248274611,06.11.2021 04:59,06.11.2021 05:02,524.3,499.2,536.6,510.7,547.2,514.9,566.1,535,596.1,557.7,629.4,600.9,632.9,632.9,632.5,632.8,659,664,648.9,636.9,632.8,630.8,630.9,635.9,650.8,670.9,679.9,682.1,631.6,659.1,664,649.3,637.1,633.2,631.1,631.1,636,651.1,671.1,680,682,632.2,659,664,648.9,637,633,630.9,630.9,636,651,671,680,681.9,632.2,0.07,TRUE,1
248274672,06.11.2021 05:00,06.11.2021 05:03,524.8,498.9,536.4,511,547.1,514.9,566.2,535,596.5,557.5,629.7,600.7,633.1,632.8,632.8,632.9,658.9,664,648.8,636.8,632.8,630.8,630.9,635.9,650.9,670.9,680,682,631.8,659,664,649.1,637.2,633.2,631.2,631.3,636,651.1,671.1,680.1,682,632,659,664,649,637,633,631,630.9,636,650.9,670.9,679.9,682,632,0.01,TRUE,1
248274989,06.11.2021 05:01,06.11.2021 05:04,524.8,498.7,536.5,511,547.3,515,566.4,534.9,596.6,557.3,629.5,600.5,632.9,632.9,632.9,633,659,664,648.9,636.9,632.8,630.8,630.8,635.8,650.8,670.8,679.9,681.8,632,658.9,663.9,649,637,633,631.1,631,636.1,651,671,680,681.9,631.8,659,664.1,649,637.1,633,631,631,636.1,651.1,671.1,680.2,682.1,631.8,-0.01,TRUE,1
248275021,06.11.2021 05:01,06.11.2021 05:04,524.2,498.9,537,510.7,547.2,515,567.1,534.9,593.3,556.9,630.2,600.5,633.2,632.9,633,633.1,659.1,664.1,649,637,632.9,631,630.9,636,651,670.8,680,681.9,632,658.9,663.9,649.1,637.1,633.1,631,630.9,635.9,651.1,671,680,682,631.8,659,664,649.1,637.1,633.1,631,630.9,635.9,651,671,680.1,682.1,631.8,-0.09,TRUE,1
248275050,06.11.2021 05:02,06.11.2021 05:05,525,499,536.4,510.5,547.1,515,566.7,534.9,596.4,557.1,629.6,600.4,633.1,633,632.8,633.1,659,663.9,649,636.9,633,631,630.9,635.9,650.9,670.8,680,681.9,631.9,659,663.9,649.1,637.1,633.1,631.1,631.1,636.1,651,671,680,681.9,631.9,659.1,664,649.1,637,632.9,631,631,636.1,651,671,680.1,682.1,631.9,0.04,TRUE,1
248275082,06.11.2021 05:02,06.11.2021 05:05,524.1,499.1,536.9,510.3,547.1,515,566.9,534.8,593.7,556.8,630,600.4,632.8,632.9,632.9,633.1,658.9,664,649,636.9,632.9,630.9,630.9,635.9,650.9,670.9,680,681.9,631.9,659.1,664.1,649.3,637,632.9,631.1,631.1,636,650.9,671,680,682,632,658.9,663.9,649,636.9,633,630.9,630.9,636,651,671,680,682,632,0.31,FALSE,0
248275145,06.11.2021 05:03,06.11.2021 05:06,524.4,499.3,536.5,509.9,547.4,515.2,566.5,534.9,594.1,556.9,629.7,600.5,632.9,633.1,632.6,632.9,659,664.1,649.1,637.1,633,631,631,636.1,650.9,671,680.1,682,631.8,659.1,664,649.2,637.1,633,631,631.1,636.1,651.1,671.1,680.1,682,632.1,658.9,663.9,648.9,637,633,630.9,630.9,636.1,651,671,680,682,632.1,0.21,FALSE,0
248275178,06.11.2021 05:04,06.11.2021 05:07,525,499.5,537.8,509.7,547.4,515.3,567.9,535.2,595.9,557.2,630.1,600.7,632.9,633.2,633.4,632.8,659,664,649,637.1,633,631,631,636,650.9,671,680,682,631.8,659,664,649.2,637.1,633,631,631.1,636,651.1,671.1,680,682,632.1,659,663.9,648.9,636.9,632.9,630.9,630.9,636,651,671.1,680,681.9,632.1,-0.05,TRUE,1
248275214,06.11.2021 05:04,06.11.2021 05:07,525.6,500.3,537.2,509.7,548.5,515.8,566.6,535.5,595.3,557.5,630.6,601.1,633.9,633.6,633,632.9,659,663.9,649.1,637,633,631,631,636,650.9,671.1,680.1,682,631.9,659,664.1,649.3,637.1,633,631.1,631.2,636,650.8,670.9,680.1,682,632,659.2,664.1,649.1,637,633.1,631.1,631,636,651,671,680.1,682,632,-0.03,TRUE,1
248275244,06.11.2021 05:05,06.11.2021 05:08,524.4,500,537.1,509.7,546.9,515.7,567.5,535.6,594.8,557.4,630.1,601,633.1,633.3,633.2,633.1,659,664,648.9,636.9,632.9,630.8,631.1,636.1,651,671,680,682,632,659,663.9,649,637.1,632.9,631,630.9,636,651,671.1,680.1,682,632,659,664.1,649,637,633.1,631.1,631,636,651,671,680,682.1,632,-0.23,FALSE,0
248275273,06.11.2021 05:05,06.11.2021 05:08,524.8,499.6,536.3,509.8,547.2,515.5,566.2,535.2,595.3,557.3,629.6,600.7,633,633.1,632.7,633,659.1,664.1,649,637,633,631,631,636,650.9,671,680,681.9,632,658.9,663.9,649,637,633.1,631,630.9,636,651,670.9,680,681.9,631.9,659,664.1,649.1,637,633.1,631.1,631.1,636,651.1,671.1,680,682.1,631.9,-0.19,TRUE,1
248275301,06.11.2021 05:06,06.11.2021 05:09,523.9,499.1,537.2,509.9,547.2,515.3,567.4,535,594.6,557.1,630.4,600.6,632.9,632.8,633,632.9,659.1,664,648.9,637,633,631.1,631,636,650.8,671,680,681.9,632,659,663.9,649.2,637,633,631.1,631.1,636,651.1,670.9,679.9,682,631.9,658.9,664,649.1,637.1,633,631.1,631,636,651.1,671,680.1,682.1,631.9,0.48,FALSE,0
248275569,06.11.2021 05:10,06.11.2021 05:13,524.4,500.4,534.6,511.6,547.9,519.4,566.2,538.2,592.2,559.6,629.5,602.7,632.5,632.4,632.1,632.3,659,664,648.9,636.9,632.9,630.9,631,636,650.9,671,680,682.1,632.1,659,664.1,648.9,637.1,632.9,630.9,631,636,651.1,671.1,680,682.1,632.1,659,664,649,636.9,633,630.9,630.9,636,650.9,670.9,679.8,681.9,632.1,0.19,TRUE,1
248275784,06.11.2021 05:13,06.11.2021 05:16,525.2,501,536.3,509.2,546.7,514.8,567.7,534.2,596.5,557.5,630.4,600.2,633.2,633.3,632.8,633.1,659,664,649,636.9,633,631,631,636,651,671.1,679.9,682,632.1,659.1,664.1,649.4,637.2,633.1,631.1,631.1,635.9,651,671,680,682.1,632,658.9,664,649,637,633,631.1,631,635.9,651.1,671,680,682,632,0.76,FALSE,0
248275874,06.11.2021 05:15,06.11.2021 05:18,524.9,499.8,537.1,509.3,547.7,514.4,565.7,534.5,594.8,557.1,629.7,600.3,633,633.1,633.5,633,659,664,649,637,633,631.1,631,636,651,671,680,682.1,631.8,658.9,664,648.9,636.9,632.8,630.9,630.8,635.8,651,671,680.1,681.9,632.4,659.2,664,649.1,636.9,632.9,631,631.1,635.8,651,671,680,682,632.4,-0.03,TRUE,1
248275906,06.11.2021 05:15,06.11.2021 05:18,524.4,499,536.8,509.4,546.8,514.4,568.1,534.9,595.1,557,630.2,600.4,633.1,633,632.5,632.9,658.9,663.9,649,636.9,633,631,630.9,636,650.9,671,680,682,631.8,659,663.9,649,636.9,633,631.1,631.1,635.9,650.9,670.9,680,682,632,659.1,664,649,637,633,631.1,631,635.9,651,671,679.9,681.9,632,0.15,TRUE,1
248275935,06.11.2021 05:16,06.11.2021 05:19,524.5,498.6,536.7,509.6,547.5,514.6,565.8,535,595,557,630,600.6,633.5,633.2,633.5,633,659,664,649,636.8,632.9,630.8,631,636.1,651,670.9,680,682,631.8,659.1,664.1,649.2,637.1,632.9,631.1,630.8,635.8,650.9,670.8,680.1,682,632,659.1,664.1,649.1,637,633,631,630.9,635.8,651,671,679.9,681.9,632,0.23,FALSE,0
248275963,06.11.2021 05:16,06.11.2021 05:19,525,498.7,536.6,509.9,547.1,514.8,567.8,535.2,595.1,556.9,629.7,600.4,632.6,633,632.6,632.9,658.9,664,648.9,636.9,632.9,630.9,631,636,651,670.9,679.9,681.9,631.9,659,664,649,636.9,633,631.1,631.1,635.9,651,670.9,680,682,632.1,659,664,649,636.9,633,631.1,631,635.9,651.1,671,680.1,682,632.1,0.23,FALSE,0
248275996,06.11.2021 05:17,06.11.2021 05:19,524.3,498.7,536.9,510,547.4,515,566.2,535.2,594.9,556.9,630.2,600.4,633.4,633,633.2,633.1,659,664,648.9,636.9,632.9,630.9,630.9,636,651,670.9,680,681.9,631.9,659,664.1,649.1,637.1,632.9,631,631.1,635.9,650.9,670.9,680,682,632.3,659,664.1,649.1,637,633,631,631.1,635.9,651.1,671.1,680.1,682.1,632.3,0.1,TRUE,1
248276057,06.11.2021 05:17,06.11.2021 05:20,525,499.5,536.9,510.3,547.2,515.1,566.2,535.1,595.2,556.8,629.9,600.3,633,633,632.9,633,659.1,664.1,649,637,633,631,631,635.9,650.9,670.9,679.9,681.9,632,658.8,663.9,648.9,637,633.1,631,631.2,636,651,670.9,680,682,632.2,658.9,664,649,637,633,631.1,631,636,651,671,680.1,682.1,632.2,0.17,TRUE,1
248276089,06.11.2021 05:18,06.11.2021 05:21,524.6,499.8,536.9,510.3,547.3,515.2,567.4,535.1,594.5,556.6,630.3,600.4,633.1,633.2,633.1,633.1,659.1,664,649,636.9,633,631,630.9,635.9,651,670.9,680,681.9,632,658.8,663.9,648.9,636.9,632.9,630.9,630.9,635.8,650.9,670.9,680,682,632,658.9,663.8,649,636.9,633,631,631,635.8,651.1,671.1,680.1,682,632,0.28,FALSE,0
248276120,06.11.2021 05:18,06.11.2021 05:21,524.9,499.9,536.5,510.4,546.9,515.1,566.3,535,595.4,556.7,629.9,600.3,633.1,633.1,632.8,633,659.1,664,649,637,633,631,631,636,651,671,680,682.1,631.9,658.8,664,649,636.9,633,630.9,630.9,635.9,650.9,670.8,679.9,681.9,631.8,659,663.9,648.9,637,633,630.9,631.1,635.9,651.1,671.1,680,681.9,631.8,0.35,FALSE,0
248276271,06.11.2021 05:21,06.11.2021 05:24,524.6,499.3,537.3,510.1,547.3,515,567.1,534.9,594.3,556.3,630.1,600.5,633.5,633.3,633.3,633,658.9,663.9,648.9,637,633,630.9,631.1,636,651,670.9,680,682,632.1,659.1,664,649,637,633.1,631.2,630.9,635.8,650.9,670.9,679.9,682,632,659,664,648.9,637,633,631,631,635.8,651,671,679.9,681.8,632,0.33,FALSE,0
248276332,06.11.2021 05:22,06.11.2021 05:25,525.2,499.7,537,509.9,547.4,514.9,566.9,535,594.4,556.3,630.1,600.4,633.2,633.3,633.1,633,659,663.9,648.9,636.8,632.9,631,631,636,651,671,680,682,632,659.1,664,649.3,637.1,633.2,631.3,631.1,635.9,651,671,680,682,632,659,664,649,636.9,632.9,630.9,631.1,635.9,651.1,671,679.9,682,632,0.38,FALSE,0
248276451,06.11.2021 05:24,06.11.2021 05:27,524.7,499.7,536.7,509.7,547.2,514.9,566.7,535,594.4,556.4,630.4,600.4,633.1,633.2,632.7,633.1,659.1,664.1,649,637,633,631.1,631.1,636.1,650.9,671,680,682,632,659,664,648.8,637,633,631,630.9,636,650.9,670.9,679.9,681.9,631.9,658.9,664.1,648.9,637.1,633.1,631.1,631,636,650.9,671,680.2,682.1,631.9,0.3,FALSE,0
248276634,06.11.2021 05:27,06.11.2021 05:29,524.6,499.6,536.8,510.3,547.4,515.1,566.6,535,594.6,556.2,630.4,600.5,633.3,633.4,633.2,633,658.9,663.9,649,636.9,632.9,631,631,636,651,671.1,680.1,682.1,632,658.9,664,649.3,637.1,633.1,631.2,631,636,651,671,679.9,682.1,632,659.1,664,649,637,633,631,631,636,651,671,679.9,681.9,632,0.28,FALSE,0
248276949,06.11.2021 05:31,06.11.2021 05:34,520.1,496.3,536.8,513.8,546.5,523.3,568.9,541.2,598.6,563.4,627.2,603.2,632.7,632.2,633.9,632.9,659,664,648.9,636.8,632.9,630.8,631,635.9,650.8,670.8,679.9,681.8,631.7,658.9,664,649,636.9,633,630.9,630.9,635.9,650.8,670.9,679.9,681.9,632,659,664,648.8,637,633,631,631,635.9,651.1,671,679.9,682.1,632,0.4,FALSE,0
248276977,06.11.2021 05:32,06.11.2021 05:35,517.7,495.1,533.8,513.3,547.3,521.9,564.9,539.4,591.9,561.7,629.4,602.7,633.8,632.5,632.4,632.8,658.9,664,648.9,636.9,632.9,630.9,630.9,635.8,650.8,670.8,679.9,681.9,631.6,658.9,663.9,648.9,636.7,633,631,631,636,650.8,671,680,681.9,632,659,664.1,649.1,637.1,633.2,631.1,631.1,636,651.1,670.9,680.1,682.1,632,0.28,FALSE,0
248277009,06.11.2021 05:32,06.11.2021 05:35,521.1,496.1,536.9,512.8,546.4,520.5,568.1,538.6,598,561.5,627.9,601.9,632.7,632.7,633.4,632.9,659.1,664,648.9,636.9,632.9,630.9,630.9,635.9,650.9,670.8,679.9,681.9,631.6,659.1,664.2,649.2,637,633.1,631,630.9,635.9,651,671,679.9,682,632.1,658.9,663.9,649.1,637.1,633,631.1,631.2,635.9,651.2,671.1,680.1,682.2,632.1,0.28,FALSE,0
248277038,06.11.2021 05:33,06.11.2021 05:36,520.2,497.4,536.5,512.3,547.1,519.4,565.7,537.5,592.4,560.3,631,601.8,633.4,633.2,632.8,632.9,659,664,649,636.9,633,630.9,630.9,636,650.8,670.9,680,682,631.7,659.2,664.2,649.2,637,633,631.1,631.1,636,651,671,680,682.1,632.1,659.1,664.1,649.1,637.1,633.1,631.1,631,636,651.1,671.2,680.2,682.2,632.1,0.46,FALSE,0
248277099,06.11.2021 05:34,06.11.2021 05:37,521.9,500.8,537.2,511.1,547.3,517.7,565.7,535.8,593.5,559.3,629.7,600.9,633.4,633.3,633.1,632.9,659,664,649,636.9,632.8,630.9,630.9,636,650.9,670.9,680,682.1,631.8,659,664.1,649.1,637.2,633,631.1,631.2,636.1,651,671.1,680,682.1,632,658.9,664,649.1,637,633,631,631.1,636.1,651.1,671,679.9,681.9,632,0.46,FALSE,0
248277131,06.11.2021 05:34,06.11.2021 05:37,524.5,501.8,535.9,510.5,546.4,516.9,568.1,535.5,595.9,559,631,600.9,632.9,633.2,632.7,632.9,659.1,664,648.9,636.8,632.9,631,630.8,636,651,670.9,679.9,682.1,631.9,658.9,664,649,637.2,633.2,631.2,631,635.9,651.1,671.1,679.9,682,631.9,658.9,663.9,648.9,636.9,632.9,631,631,635.9,651.1,671,680,682,631.9,0.48,FALSE,0
248277192,06.11.2021 05:35,06.11.2021 05:38,525.1,500.8,535.9,509.5,546.6,515.9,568.2,534.6,594.9,558.3,630.8,600.4,633.2,633,632.6,632.9,658.9,663.9,649,637,633,630.9,630.8,635.9,650.8,670.9,679.9,682,631.9,659,664,649,637.1,633,631,631.1,635.9,651.1,671.1,680,682.1,632,659,663.9,648.8,637,633,631,631,635.9,651,671,679.9,681.9,632,0.61,FALSE,0
248277226,06.11.2021 05:36,06.11.2021 05:39,524.5,500,537.6,509,547.2,515.5,565.7,534.3,595.7,558.3,630.1,600.4,633.5,633,633.6,633.1,659,664,649,636.9,633,630.9,631,635.9,650.9,670.9,679.9,682,632,658.9,663.9,649,637,633,631,630.9,636,651,671.1,680,682,631.8,659,664,649.1,637,633.1,631,631.1,636,651,671,680,682,631.8,0.48,FALSE,0
248277838,06.11.2021 05:45,06.11.2021 05:48,513.1,496.8,526.1,517.2,544.4,528.9,561.4,543.1,586.3,563.8,612.3,599.7,631.4,631.9,631.4,632,658.9,663.9,648.7,636.7,632.8,630.8,630.8,635.7,650.8,670.8,679.9,681.8,631.8,659.1,663.9,649.1,637,632.9,630.9,630.9,635.9,651,671,680,681.9,632,659.1,664,649,637,632.9,631,631.1,635.9,651.1,671,680,681.9,632,0.12,TRUE,1
248277902,06.11.2021 05:46,06.11.2021 05:49,515.9,492.9,527.3,515.7,546.8,525.2,563.5,540.3,588.1,561.5,615.2,598.3,632.7,631.3,631.7,632,659,664,648.7,636.7,632.7,630.7,630.7,635.7,650.6,670.7,679.9,681.8,631,659.2,664.2,649.2,637.1,633,631.1,631,635.9,650.9,670.9,679.9,681.9,631.9,658.9,664.1,649,637,633,631,631,635.9,651.1,671.1,680.1,682.1,631.9,0.37,FALSE,0
248277931,06.11.2021 05:47,06.11.2021 05:50,515.8,493.3,528.5,515,546.3,523.5,564.9,539.3,586.2,560.4,617.1,598.2,632.6,631.6,633.4,632.4,659,663.9,648.7,636.7,632.7,630.7,630.6,635.5,650.6,670.5,679.8,681.9,631.1,659,664.1,649.1,637.1,633.1,631.1,631,635.9,650.9,670.9,679.9,681.9,632,659.1,664.1,649,637,633,631,631.1,635.9,650.9,671,680.1,682.2,632,0.51,FALSE,0
248277962,06.11.2021 05:47,06.11.2021 05:50,518.2,495,528.8,514.3,546.5,522.1,565.9,538.5,589.3,559.8,618.9,598.7,633.4,632.3,632.2,632.5,659.2,664,648.8,636.8,632.8,630.8,630.7,635.8,650.7,670.7,679.8,682,631.2,659.1,664.1,649.4,637.3,633.1,631,631.1,636,651,671,680,682.1,632,658.9,663.9,649,637,632.9,631,631,636,651.2,671,680.2,682.1,632,0.68,FALSE,0
248278049,06.11.2021 05:49,06.11.2021 05:52,519.8,499.6,532.4,512,546.9,519.3,566.1,536.7,590.9,558.8,620.5,600.1,633,632.9,632.6,632.7,659.1,664,648.8,636.7,632.7,630.9,630.8,635.7,650.7,670.7,679.9,682.1,631.8,658.9,664,649,637,633.1,631.3,631.2,636.2,651,671.1,680,682,631.9,659,664,648.9,637,633,631,631,636.2,651,671,680.1,682,631.9,0.53,FALSE,0
248278082,06.11.2021 05:49,06.11.2021 05:52,521.2,499.9,532,511.1,546.6,518.6,567.2,536.3,591.7,558.5,621.5,600.4,633.1,632.9,633,632.7,659,663.8,648.8,636.8,632.8,630.9,630.7,635.8,650.7,670.8,680,682,631.9,658.9,664,649.2,637.1,633.1,631,631,636,651,671.1,680.1,681.9,631.9,659,664,649,637,633,631,631,636,651,671.1,680,682,631.9,0.64,FALSE,0
248278139,06.11.2021 05:50,06.11.2021 05:53,522.8,499.1,533.7,509.7,546.6,517.4,567.2,535.4,593.2,558.3,623.2,600.7,633.1,632.6,633.5,632.7,659,663.9,648.8,636.8,632.8,630.7,630.7,635.8,650.7,670.8,679.9,682,631.7,658.9,663.9,649,637,633.1,631,631.1,635.9,651.1,671,680.1,682,632,659.2,664,649,637,633,631,631.1,635.9,650.9,671,679.9,681.8,632,0.56,FALSE,0
248278171,06.11.2021 05:51,06.11.2021 05:53,523.4,498.5,536,509.1,547.1,517,566.5,535.1,595,558.5,624,600.8,633,632.6,632.1,632.7,658.9,664,648.8,636.7,632.8,630.7,630.7,635.7,650.6,670.7,679.9,681.9,631.6,658.9,663.9,649.1,637,633,631.1,631.1,636.1,651,671,680,681.9,631.9,659,664,649.1,637,633,631,631,636.1,650.9,670.9,679.9,681.9,631.9,0.58,FALSE,0
248278200,06.11.2021 05:51,06.11.2021 05:54,524,498.1,535.9,508.7,546.9,516.6,567.2,534.9,594.4,558.4,624.9,600.7,633.2,632.6,633.5,633,658.9,663.9,648.9,636.8,632.8,630.8,630.8,635.8,650.7,670.7,679.9,682,631.6,659,664,649.1,637.1,633,631,631,636,651,671,680,682.1,632,659,664,649,636.9,633,631,631,636,651.1,671.1,680,682,632,0.59,FALSE,0
248278232,06.11.2021 05:51,06.11.2021 05:54,525,497.9,536.6,508.4,547,516.2,566.4,534.7,595.2,558.4,625.6,600.6,633.2,632.7,632.3,632.8,659,663.9,648.9,636.8,632.8,630.7,630.7,635.8,650.6,670.7,679.9,681.9,631.6,659.2,664.1,649.1,637.1,633,631.1,631.1,635.9,651,671,680,682,632,659,664,649,637,633,631,630.9,635.9,651,671,680.1,682.2,632,0.78,FALSE,0
248278322,06.11.2021 05:53,06.11.2021 05:56,524.6,498.5,536.5,508.7,547.1,515.4,566.9,534.8,594.6,558,628.3,601,633,633,632.9,632.7,659,664.1,648.9,636.9,632.9,630.9,630.8,635.9,650.8,670.8,679.8,682,631.9,659,664.1,649.4,637.2,633.1,631.2,631.2,636.1,651.1,671,680,682,632.1,659,663.9,649,637,633.1,630.9,630.9,636.1,651,671,680.1,682.2,632.1,0.67,FALSE,0
248278631,06.11.2021 05:58,06.11.2021 06:01,516.8,494.3,537.3,514.3,546.9,521.9,565.4,539.6,596.8,563.2,626,602.7,633,631.6,633.5,632.5,659.1,664.1,648.9,636.9,632.9,630.9,630.9,635.8,650.8,670.8,679.9,681.9,631.4,658.8,663.9,649.1,637.1,633,631.1,631.1,636,651.1,671,680,681.9,632,659.1,663.9,649.2,637.1,633.1,631.1,631.1,636,651.1,671,680,682.2,632,0.49,FALSE,0
248278662,06.11.2021 05:58,06.11.2021 06:01,519.6,493.6,533.6,513.8,546.5,520.6,567.7,538.6,593,561.8,629.6,602.5,633.3,632,632.3,632.7,659.1,664.1,648.9,636.8,632.9,631,630.9,635.8,650.8,670.7,679.9,682,631.2,658.9,664.1,649.1,637,633,631,631.2,636.1,651,670.9,680,682,632,659,664,648.9,637,633.1,631,631,636.1,651,671,680.1,682.2,632,0.55,FALSE,0
248278693,06.11.2021 05:59,06.11.2021 06:02,519.5,494.4,538.3,513.3,546.9,519.5,565.9,537.5,597.4,561.7,627.7,601.8,633.1,632.6,633.2,633,659,664,649,636.8,632.8,630.9,630.9,635.8,650.8,670.9,679.9,681.9,631.3,659,664.1,649.1,637,633,631.2,631.1,636,651,671.1,680,682.1,632.1,659.1,664.1,649,637,633,630.9,631,636,651,671,680,682,632.1,0.79,FALSE,0
248292522,06.11.2021 09:19,06.11.2021 09:22,504.5,489.7,513.1,508.1,533.2,516,548.8,530.7,572.5,551.8,605.4,597.6,632.2,631,633.3,631.8,658.9,663.8,648.5,636.5,632.5,630.6,630.5,635.6,650.4,670.5,679.7,681.9,630.8,658.9,664,648.9,637,633,630.9,630.8,635.9,650.8,670.9,680,681.9,631.8,659.1,664,649.1,637,633.1,630.9,631.1,635.9,651,671.1,680.1,682,631.8,0.35,FALSE,0
248292582,06.11.2021 09:20,06.11.2021 09:23,506.2,491.1,514.7,507.3,535.3,513.4,550.4,531.3,574.6,552.4,606.8,598.9,632,632.2,633,632.4,659.1,663.9,648.6,636.6,632.5,630.5,630.4,635.6,650.4,670.4,679.8,681.8,631,659,664,648.9,636.9,632.9,630.9,630.8,635.9,650.8,670.7,680,681.9,631.8,658.9,664,649,637,633,631,630.9,635.9,650.9,671.1,680.1,682.1,631.8,0.34,FALSE,0
248292615,06.11.2021 09:20,06.11.2021 09:23,507.4,492.6,514.9,507.2,535.9,512.7,553.4,532.4,573.2,552.9,609.5,599.9,632.5,632.7,632.1,632.8,659,663.9,648.6,636.6,632.6,630.6,630.4,635.6,650.4,670.4,679.8,681.9,631.3,659,664,648.9,636.9,633,630.9,631,635.8,650.8,670.8,680,681.9,631.8,659,664,649.1,637,633,631,631,635.8,651,671,680.1,682.1,631.8,-0.04,TRUE,1
248292763,06.11.2021 09:23,06.11.2021 09:25,512.2,497.1,520.3,508.5,541.5,515.2,556.5,536.1,580.3,556.4,613.2,600.7,632.7,632.4,632.5,632.7,658.9,663.8,648.7,636.7,632.6,630.7,630.6,635.6,650.6,670.6,679.8,682.1,631.6,658.9,664,649,637,633,631.1,630.9,635.9,651,671,680,682.1,632,659,663.9,648.9,637,633,631,631.1,635.9,651.1,671,679.9,681.9,632,0.42,FALSE,0
248292791,06.11.2021 09:23,06.11.2021 09:26,513.1,496.5,520.7,508.9,542.1,515.7,558.6,536.2,578.3,556,614.1,600.5,633.2,632.4,632.9,632.8,658.9,663.8,648.7,636.7,632.7,630.7,630.6,635.7,650.4,670.6,679.9,681.9,631.4,659,664,649,637.1,633,630.9,630.9,636,651,670.9,680,682,631.9,659.1,664,649,637,633,631,631,636,650.9,671,679.9,682,631.9,0.12,TRUE,1
248292823,06.11.2021 09:23,06.11.2021 09:26,514,496.4,522.1,509.3,543.2,516,558.2,535.8,581.9,556.1,614.5,600.3,632.7,632.5,632.5,632.8,659,664,648.7,636.6,632.6,630.6,630.6,635.8,650.5,670.6,679.8,682,631.5,659.1,664,649,637.1,633,631,631,635.9,650.9,670.9,680,682,631.9,659,663.9,649.1,637,633,630.9,631,635.9,650.8,671,679.8,681.8,631.9,0.32,FALSE,0
248292852,06.11.2021 09:24,06.11.2021 09:27,515.2,496.4,522.5,509.8,543.9,516.2,560.4,535.6,580.1,555.7,616.2,600.6,632.5,632.5,632.8,632.7,658.9,663.9,648.8,636.8,632.8,630.8,630.6,635.8,650.6,670.6,679.8,681.8,631.4,658.8,664,649.1,637,633.2,631,631,636.1,651,671,680.1,682.1,631.9,659,664,649,637,633,631,631,636.1,651,671,680,682.1,631.9,0.49,FALSE,0
248292884,06.11.2021 09:24,06.11.2021 09:27,515.6,496.6,523.8,510,544.9,516.1,560.1,535.3,583.6,555.8,616.4,600.7,633.1,632.9,632.6,632.7,659,664,648.7,636.8,632.7,630.8,630.6,635.8,650.6,670.6,679.8,681.9,631.5,659,664,649,636.9,632.9,631.1,631.1,636,650.8,670.9,680,682,632,659,663.9,649.1,637.1,633,631,631,636,650.9,671.1,680.1,682.1,632,0.33,FALSE,0
248292913,06.11.2021 09:25,06.11.2021 09:28,517.1,496.8,524.5,510.2,545.9,516,562.2,535.2,582.1,555.6,617.6,600.9,632.3,632.8,632.6,632.9,659,663.9,648.8,636.7,632.7,630.8,630.6,635.7,650.6,670.6,679.8,681.9,631.6,658.9,663.9,649,637,632.9,631,631,635.9,650.9,670.9,680,682,631.9,659,664,649.1,637,633,631,631.1,635.9,651,671,680.2,682.2,631.9,0.63,FALSE,0
248292945,06.11.2021 09:25,06.11.2021 09:28,518.1,497.4,525.5,510.3,545.9,515.7,562,535,585.1,555.8,619,601.1,633.3,632.8,632.8,632.9,659.2,664,648.9,636.8,632.8,630.9,630.7,635.8,650.7,670.8,679.9,682,631.7,659,663.9,649,637,632.9,630.9,630.9,635.9,650.8,670.9,680,682,631.9,659,664,648.9,637,633.1,631,631.1,635.9,650.8,671,680.1,682.1,631.9,0.5,FALSE,0
248292974,06.11.2021 09:26,06.11.2021 09:29,518.9,498.1,526.3,510.4,546,515.4,563.5,535.1,584.2,555.6,619.4,601.2,632.6,632.7,632.7,632.9,659.1,664.1,648.9,636.7,632.7,630.8,630.7,635.9,650.7,670.7,679.8,681.9,631.7,658.9,664,648.9,637,633.1,630.9,631,636.1,651.1,671.2,680.1,682,632.3,659,664,649,637,633,631,631,636.1,651,671,680,682,632.3,0.08,TRUE,1
248293006,06.11.2021 09:26,06.11.2021 09:29,519.5,498.4,527.6,510.4,546.2,515.1,564.2,535.2,586.8,555.9,620.5,601.3,633.1,632.7,632.9,633,659,664,648.9,636.8,632.8,630.9,630.7,636,650.8,670.8,679.9,682.2,631.8,658.9,663.8,648.9,637,633,631.1,631,636,651.1,671.1,680.1,682,631.9,659,664,649,637,633,631,631,636,651,671.1,680,682,631.9,0.09,TRUE,1
248293217,06.11.2021 09:30,06.11.2021 09:33,524,498.1,533.8,509.8,547.1,515.2,566.6,535.5,591.2,556.7,626.9,601.5,632.8,633.1,633.1,632.8,659.1,663.9,648.9,636.9,632.9,630.9,630.8,635.9,650.8,670.8,679.9,681.9,631.9,658.9,663.9,648.8,636.7,632.8,630.8,630.7,635.7,650.6,670.6,679.9,682,634.1,659,664,649.1,637,633,631.1,631.1,635.7,651.1,671,680,682.1,634.1,0.39,FALSE,0
248293306,06.11.2021 09:31,06.11.2021 09:34,524.3,498.6,536.1,509.9,547.2,515.4,566.7,535.2,595.1,557.3,629.5,601.9,632.7,632.9,632.7,633.1,659.1,664,649,637,633,630.9,630.8,635.9,650.8,670.8,680,682,631.8,658.9,663.9,648.8,636.8,632.9,631,632.5,636.6,650.8,670.9,680,682,634.8,658.9,664,649,637,633,631,631,636.6,651,671.1,680,682.1,634.8,0.17,TRUE,1
248293620,06.11.2021 09:36,06.11.2021 09:39,525.1,495,536.2,511,546.8,517.6,566.9,536.3,592.6,559.3,631.4,603,633.5,632.3,633.4,633,659,664,648.9,636.8,633,630.9,630.9,635.9,650.9,670.9,680,682.1,631.6,659,663.9,648.7,636.8,632.9,630.9,631.2,635.9,650.7,670.7,679.9,682,634.2,659,664,648.9,637.1,633.1,631,630.9,635.9,651,670.9,680.1,682,634.2,0.26,FALSE,0
248293681,06.11.2021 09:37,06.11.2021 09:40,524.9,497.7,536.4,510.2,546.9,516.2,566.5,534.9,593.2,558.4,629.3,601.8,633,633.1,633.4,633.2,659,663.9,649,636.9,632.9,630.8,630.8,635.9,650.8,670.9,680,682,631.7,659,664,648.7,636.9,632.9,630.8,631.8,636.1,650.9,670.9,680,682,634.8,659,664,648.9,637,633,631,631,636.1,651,671,679.9,681.8,634.8,0.29,FALSE,0
248293713,06.11.2021 09:37,06.11.2021 09:40,524.7,498.9,536.6,509.6,546.9,515.6,567.3,534.6,596.3,558.4,630.5,601.8,633.2,633.3,632.5,633.1,658.9,664,649,636.9,632.9,630.9,630.9,636,650.9,670.9,680,682,631.9,659.1,664,648.7,636.9,632.9,630.9,631.8,636.1,650.9,670.8,679.9,682,635.2,659,664,649,637,633,630.9,631,636.1,651.2,671,680,682,635.2,0.27,FALSE,0
248293774,06.11.2021 09:38,06.11.2021 09:41,525,500.5,536.6,509.2,546.6,514.8,567.5,534.4,595.9,557.9,629.7,601.1,633,633.2,632.5,632.9,659,663.9,648.9,636.9,632.9,630.9,630.9,635.9,650.8,670.9,679.9,681.9,632,658.8,663.9,648.8,636.6,632.7,630.8,630.8,635.6,650.6,670.6,679.8,681.9,634.7,659.1,664,649.1,637,633.1,631,631.1,635.6,651.2,671,680.1,682.2,634.7,0.59,FALSE,0
248293803,06.11.2021 09:39,06.11.2021 09:42,524.1,500.2,536.4,509.1,547.1,514.5,566.1,534.4,593.6,557.5,630.2,601,633,633.1,633.4,632.9,659,664,648.9,636.9,632.9,630.9,630.9,635.9,650.9,670.9,679.9,681.9,632,659.1,663.9,648.9,636.9,633,631,631.1,635.8,650.8,670.7,679.9,682,634.3,659.1,664.1,649.1,637.1,633.1,631.2,631,635.8,651,671,680.1,682.1,634.3,0.25,FALSE,0
248293864,06.11.2021 09:40,06.11.2021 09:43,523.9,499,536.8,509.2,547.3,514.5,566.3,535,593.8,557.3,630.2,601,633,633,633.3,632.8,659.1,664,649,636.9,632.9,631,630.9,635.9,650.9,670.9,679.9,681.8,631.8,659,664,648.7,636.8,632.8,630.8,631.6,636,650.8,670.9,680,682,634.8,658.9,664,649,637,633,630.9,630.9,636,651,671,680.1,682.2,634.8,0.4,FALSE,0
248293896,06.11.2021 09:40,06.11.2021 09:43,524.6,498.6,536.2,509.4,546.9,514.6,567.4,535.3,595.5,557.4,629.6,601,633.1,633,632.6,633.1,659,664,649.1,637,633,631.1,631,635.9,650.9,670.9,679.9,682,631.9,658.8,663.8,648.6,636.9,632.8,630.9,632,636.2,650.8,670.9,680,682,635.6,659,664,649,636.9,632.9,631,631,636.2,651,671,680,682,635.6,0.28,FALSE,0
248293925,06.11.2021 09:41,06.11.2021 09:44,524.3,498.5,537,509.6,547.1,514.8,566.5,535.4,594.3,557.3,630,600.9,633.3,633.1,633.1,633.1,659,664,649,636.9,633,631,630.9,636,650.9,671,679.9,681.9,631.9,659.1,664.2,648.9,636.9,633,630.8,631.6,636,650.8,670.9,679.9,682.1,634.8,659,663.9,648.9,637,633,631,630.9,636,651,671,680,682,634.8,0.19,TRUE,1
248293957,06.11.2021 09:41,06.11.2021 09:44,524.9,498.5,536.3,509.8,547.1,515.1,567.3,535.5,595.2,557.2,630.3,601,632.9,633.2,632.9,633,659,663.9,649,636.9,632.9,630.9,630.9,636.1,651,671,679.9,682.1,631.9,659,663.8,648.8,636.7,632.7,630.7,630.7,635.6,650.5,670.7,679.8,682,634.7,659,663.9,649,636.9,632.9,631,631,635.6,651.1,671,680,682,634.7,0.31,FALSE,0
248294018,06.11.2021 09:42,06.11.2021 09:45,524.3,498.7,536.5,510.3,547,515.3,567.4,535.3,594.6,557.1,630.2,600.9,633.4,633.1,633.2,633.2,659,664,648.9,636.9,632.8,631,631,635.9,651,671,680,682.2,631.9,659,664,648.9,636.7,632.8,630.7,631.1,635.7,650.8,670.6,679.8,681.9,635.4,659,663.9,649,637,633,631,630.9,635.7,650.9,670.9,679.9,681.8,635.4,0.43,FALSE,0
248294046,06.11.2021 09:43,06.11.2021 09:46,525.1,499.2,536.7,510.4,547.2,515.4,566.2,535.1,595.2,557.1,630,600.8,632.8,632.9,632.8,633.1,659,663.9,648.9,636.9,632.9,630.9,631,635.9,650.9,670.9,679.9,682,632,658.9,664,648.8,636.7,632.7,630.6,630.9,635.7,650.6,670.6,679.8,681.9,635,659,664,649.1,637,633,631,631,635.7,651,671,679.9,681.8,635,0.51,FALSE,0
248294075,06.11.2021 09:43,06.11.2021 09:46,524.3,499.7,536.8,510.6,546.9,515.3,567.3,535.1,594.6,557,629.7,600.6,633.3,632.9,633.2,633.2,659,663.9,649,637,632.9,631,631,636,651,671,680,682,632,659.1,664,649,636.9,632.8,630.8,630.9,635.6,650.7,670.5,679.8,682,634.6,659.1,664,649.1,636.9,633,631,630.9,635.6,651.1,671,679.9,681.9,634.6,0.45,FALSE,0
248294107,06.11.2021 09:44,06.11.2021 09:46,524.8,499.7,536.7,510.6,547.3,515.3,566.4,534.9,595.1,557,630,600.6,633,632.9,632.8,633.1,659,663.9,648.9,636.9,632.9,630.8,631,636,650.9,670.9,679.9,681.8,632,659,664,649.1,636.9,632.8,630.7,630.9,635.6,650.6,670.6,679.8,682,634.3,658.9,663.9,649,636.9,632.9,631,630.9,635.6,651,671,679.9,682.1,634.3,0.44,FALSE,0
248294197,06.11.2021 09:45,06.11.2021 09:48,525.1,498.9,536.5,510.2,547,514.9,567,535,594.6,556.8,630.3,600.8,633,633.2,633.2,633.1,659.1,664,649.1,637,633,631,630.9,635.9,651,670.9,679.9,681.9,632.1,659.1,664.1,649,636.8,632.9,631,631.1,635.8,650.7,670.8,679.9,682,633.8,658.9,663.9,649,636.9,632.9,630.9,630.9,635.8,651.1,671,680,682.2,633.8,0.44,FALSE,0
248294229,06.11.2021 09:45,06.11.2021 09:48,524.1,498.8,537,510.1,547.2,514.9,566.6,535,595,556.9,630,600.8,633.1,633.2,632.8,633,659,664,649,637,633,631,630.9,636,650.9,670.9,679.9,681.8,632,658.9,663.9,648.9,636.9,632.9,630.7,631,635.7,650.9,670.9,680,682.1,633.8,659,664,649.1,637.1,633,631.1,630.9,635.7,650.9,670.9,680.1,682.1,633.8,0.3,FALSE,0
248294258,06.11.2021 09:46,06.11.2021 09:49,524.9,499.4,536.6,510,546.7,514.9,567,535,594.7,556.8,630,600.7,633.2,633.3,633.1,633,659.1,664.1,649,637.1,632.9,631,631,636.1,651,671,679.9,681.9,631.9,658.9,663.9,648.8,636.9,632.9,630.9,630.9,635.7,650.7,670.8,680,682,633.7,658.9,664,649.1,637,632.9,631,630.9,635.7,650.9,671,680,682,633.7,0.52,FALSE,0
248294319,06.11.2021 09:47,06.11.2021 09:50,524.6,499,536.8,509.7,547.2,515.1,567,535.2,594.5,556.8,629.9,600.7,633.4,633.1,633,633.3,658.9,664,648.9,637,633,630.9,631,636.2,651.1,671,680,682.2,631.9,659,664,649.1,636.9,632.8,630.8,630.9,635.8,650.6,670.7,679.9,681.9,633.1,659,664,649.1,637.1,633.1,631,630.9,635.8,650.9,671,679.9,681.8,633.1,0.19,TRUE,1
248294351,06.11.2021 09:47,06.11.2021 09:50,524.8,499.5,537,509.8,547.3,515.2,566.7,535.1,595.2,556.8,630.2,600.6,633,632.9,632.9,633.2,659.1,664.1,649,637,633.1,630.9,631,636,651,671,680,682.2,632.1,658.9,664,648.9,636.9,632.9,630.9,630.9,635.8,650.7,670.8,680,681.9,633.1,659,664,648.9,637,633,631,631.1,635.8,651,671,679.9,681.8,633.1,0.47,FALSE,0
248294379,06.11.2021 09:48,06.11.2021 09:51,524.3,499.7,536.7,509.8,547.1,515.1,567,535.2,594.7,556.8,629.9,600.5,633.5,633.1,633.2,633,658.9,664,649,637,633,630.9,631,636,651,671,680.1,682,632.1,658.9,664,648.8,636.9,632.9,630.9,630.8,635.8,650.7,670.7,679.9,681.9,633,659,664,649,637,632.9,631,631,635.8,651,671,679.9,681.8,633,0.27,FALSE,0
248300046,06.11.2021 11:08,06.11.2021 11:11,520.7,503.6,528.3,513.5,544,526.2,565,543.3,586.9,563.1,623.1,606.9,632.2,632.7,632,632.3,659,664,648.9,636.8,632.9,630.9,630.8,635.8,650.7,670.7,679.9,681.9,632.4,659.1,664,649.1,637.1,633.2,631.2,631.1,636,651,671.1,680,682.1,631.8,659,664,649,637,633,631,631.1,636,651.1,671.1,680,682,631.8,0.09,TRUE,1
248300199,06.11.2021 11:11,06.11.2021 11:14,524.3,495,535.5,511.1,546.5,519.1,567,537.2,594.1,559.7,628,603.2,632.7,632.5,632.1,632.9,659,663.9,648.8,636.8,632.8,630.8,630.7,635.8,650.6,670.7,680,682,631.2,658.9,663.9,649,637,633.1,631,631,635.9,651,671,680.1,682,632,659,664.1,649.1,637,633,631.1,631,635.9,650.9,670.9,679.9,681.9,632,0.31,FALSE,0
248300532,06.11.2021 11:16,06.11.2021 11:19,523.7,498,536.9,510,547.3,515,566.1,535.5,596,557.9,629.1,601.3,633.2,633,633,632.8,658.9,663.9,648.9,636.9,632.9,630.8,630.8,635.8,650.8,670.8,679.9,682.1,631.7,659,663.9,649,637,633,630.9,631,636,651.1,671,680.1,682.1,632.1,659.1,664,649,637,633,631,630.9,636,651,671,679.9,681.9,632.1,0.31,FALSE,0
248300564,06.11.2021 11:16,06.11.2021 11:19,524.6,498.7,536.2,510.2,546.7,515,567.3,535.6,593.2,557.5,629.7,601.3,632.9,633,632.9,632.8,659,664,648.9,636.9,632.9,630.9,630.9,635.9,650.9,670.8,679.9,681.9,631.8,659,664,649.1,637.1,632.9,630.9,631.1,635.9,651,671,680,682,632,659.1,664,649,637,633,631,631,635.9,651,671,680,681.9,632,0.24,FALSE,0
248300593,06.11.2021 11:17,06.11.2021 11:20,524.4,499.3,536.7,510.4,547.2,515.1,566.5,535.6,596.2,557.7,629.5,601.3,633,633,632.9,632.9,658.9,663.9,648.9,636.8,632.9,630.9,630.9,635.9,650.9,670.9,679.9,681.8,631.9,659,664.1,648.9,637.1,633,631.1,631.2,636.1,650.9,670.9,680,681.9,631.9,659.1,664,649.1,637,633,630.9,630.9,636.1,651.1,671,680,682,631.9,0.35,FALSE,0
248300654,06.11.2021 11:18,06.11.2021 11:21,523.9,499.6,536.8,510.8,547,515.1,566.5,535.2,596.1,557.5,629.6,601.1,633.1,632.9,633,633.1,659,664,649,636.8,632.9,630.9,630.8,635.9,650.8,670.8,680,682,632,659.1,663.9,649,636.9,633.1,631.1,631,636.1,650.9,671,680,682,631.9,659,664,649.1,637,633.1,631,630.9,636.1,651.1,671,680.1,682.2,631.9,0.31,FALSE,0
248300686,06.11.2021 11:18,06.11.2021 11:21,524.5,499.5,536.3,510.9,546.8,515.1,566.8,535.1,593.3,557.1,629.9,601,633.1,632.9,632.9,633.1,659.1,664,649,636.8,632.8,630.9,630.8,635.9,650.9,670.8,679.9,681.9,631.9,659.1,664,649.3,637.1,633,630.9,630.8,635.9,650.9,670.8,679.9,681.9,631.9,659,664,649.1,637,633.1,631,630.9,635.9,651,671.1,680.1,682.2,631.9,0.46,FALSE,0
248300747,06.11.2021 11:19,06.11.2021 11:22,524.6,498.7,536.3,510.4,547.2,515.1,566.5,535,593.6,557.1,629.8,601,633.3,633.1,632.9,633.1,659.1,664.1,649,636.9,632.9,630.9,631,636,650.9,671,680,682.1,632,659,664.1,649.3,637.1,633.1,631.2,631.1,636,651.1,671.1,680,682.2,632,659,663.9,649,637,633,630.9,630.8,636,651,671,680.2,682,632,0.31,FALSE,0
248300776,06.11.2021 11:20,06.11.2021 11:23,524,498.7,537,510.3,546.7,515.1,567.2,535.1,595.6,557.4,629.8,601,633,633,633.1,633.2,659,663.9,649,636.9,632.9,630.8,630.8,635.9,651,671,680,682.1,631.9,659,664.1,649.2,637.1,633,631.1,631.2,636.1,651.2,671.1,680.1,682.1,632,658.9,663.9,648.9,637,632.9,631,630.9,636.1,651,671,680,682,632,0.68,FALSE,0
248300869,06.11.2021 11:21,06.11.2021 11:24,524.4,499.3,536.9,509.9,547,515.1,566.3,535.1,594.3,557.1,630.1,600.9,633.2,632.9,632.8,633.2,659,664,648.9,636.9,632.9,631,631,635.9,650.9,671,680,682,631.9,658.9,664,649,637.1,633,631,631,636,651.2,671.1,680.1,682,631.9,659.1,664,649,637,633,631,631,636,651,671,679.9,681.9,631.9,0.72,FALSE,0
248300930,06.11.2021 11:22,06.11.2021 11:25,524.1,499.2,537.1,509.7,547.3,515,566.5,535.1,594.4,557,630.1,600.7,633.2,633.1,633,632.9,658.9,663.8,649,637,632.9,631,630.9,635.9,650.9,671,679.9,682,631.9,659,663.9,648.9,637.1,633,631,631,636,651,671,680,681.9,631.9,659.1,664,649,637,632.9,630.9,631,636,650.9,670.9,679.8,681.8,631.9,0.55,FALSE,0
248300958,06.11.2021 11:23,06.11.2021 11:26,524.7,499.1,536.3,509.7,546.9,515,567.2,535.2,595.4,557,629.9,600.9,633.1,633.2,632.8,632.9,658.9,663.9,649,636.8,632.9,630.9,630.8,635.9,650.8,670.9,680,682,631.9,658.9,664,648.9,637,633,631.1,631,636,651,670.9,680,681.9,631.9,659.1,664,649.2,637.1,633,631,631,636,651,670.9,680,682.1,631.9,0.4,FALSE,0
248300987,06.11.2021 11:23,06.11.2021 11:26,524.8,499.1,537,509.7,547.3,515.1,566.6,535.1,594.3,556.9,629.6,600.7,633,633.1,633,633.2,659,664,649,636.9,632.9,630.9,631,636,650.8,670.9,679.9,681.9,631.9,659.1,664,649.1,637.2,633,631,631,636,651,671,680,682,632,659,663.9,649,637,633,630.9,631,636,651.1,671.1,680.1,682.2,632,0.3,FALSE,0
248301019,06.11.2021 11:24,06.11.2021 11:26,524.1,499.1,536.6,509.8,547,515.2,566.9,535,595.2,557,630.5,600.7,633.1,633,633,633.5,659.1,664.1,649,637,633,631,630.9,635.9,650.9,670.9,679.9,681.9,632,659.1,664,649.1,637.1,633.1,631,631,636,651,671,680,682,632,659,663.9,649,637,633,630.9,631,636,651.1,671.1,680.1,682.1,632,0.39,FALSE,0
248301303,06.11.2021 11:28,06.11.2021 11:31,525.1,496.9,537.7,513,545.8,522.1,566.7,539.9,595.1,562.7,632.1,605.6,634.2,632.6,634,632.4,659.1,664,648.9,636.9,632.9,631,631,636.1,651,670.9,679.9,681.8,631.8,658.9,664,648.8,636.9,632.6,630.8,630.9,635.6,650.5,670.5,679.9,681.9,633.4,659,664,648.9,637,633.1,631,631,635.6,651,671,680.2,682.2,633.4,0.25,FALSE,0
248301362,06.11.2021 11:29,06.11.2021 11:32,525.1,495,537.2,512.1,546.6,519.7,566.2,537.6,596.2,561.2,629.1,603.4,633.5,632.5,633.7,632.9,659.1,664,648.9,636.9,632.9,631,631,636,650.9,670.9,679.9,682.1,631.3,659.1,664,649,636.8,632.8,630.6,630.8,635.6,650.6,670.6,679.8,681.9,633,658.9,664,649,637,633,631,631,635.6,651,671.1,680.1,682,633,0.66,FALSE,0
248301395,06.11.2021 11:29,06.11.2021 11:32,524.8,496.3,535.7,511.6,546.6,518.8,567.3,536.8,593.3,560,631.1,603.1,633,632.7,632.5,632.9,659,664,649,637,632.9,630.9,630.9,635.9,651,671,680,682.1,631.4,659,664,649.1,636.8,632.8,630.8,630.8,635.7,650.6,670.6,679.8,681.9,632.8,659,664,648.9,637,633,631,631,635.7,651,671,679.8,681.9,632.8,0.45,FALSE,0
248301423,06.11.2021 11:30,06.11.2021 11:33,525,498.3,537.1,511.1,546.8,517.8,565.8,535.9,596.9,560,628.3,602.3,633.2,633.1,633.3,633.1,658.9,663.9,649,636.9,633,631,630.9,635.8,650.9,670.9,680,682.1,631.7,659.2,664.1,649,636.9,632.9,630.9,630.8,635.6,650.8,670.7,679.9,682,632.7,659,664,649,637,633,631,631,635.6,651.1,670.9,680,681.8,632.7,0.54,FALSE,0
248301455,06.11.2021 11:30,06.11.2021 11:33,524.7,499.7,535.9,510.5,546.6,517.1,567.4,535.4,592.7,559,630.6,602,633.1,633.3,632.9,633,659,664,649,637,633,630.8,631,636.1,650.9,671,680,682.1,632,659.1,664.1,649.1,637,632.9,630.8,630.9,635.7,650.8,670.8,679.9,682,632.6,659,664,649,637,633,631,631,635.7,651,671,679.9,681.8,632.6,0.42,FALSE,0
248301484,06.11.2021 11:31,06.11.2021 11:34,524.8,500.4,536.9,509.9,547,516.5,565.9,534.8,597.2,559.3,629.5,601.7,633.3,633.4,633,633,658.9,663.9,648.9,636.9,632.9,631,631,635.9,650.9,670.9,679.9,682.1,632.1,658.9,664,649,636.9,632.9,631,631,635.8,650.8,670.8,680,682,632.5,659.1,664.1,649.1,637,633.1,631,631,635.8,650.9,671,680,681.9,632.5,0.34,FALSE,0
248301517,06.11.2021 11:31,06.11.2021 11:34,524.3,500.4,536.4,509.4,546.7,516,567.2,534.5,592.6,558.3,629.4,601.2,633,633.3,632.9,632.8,659,664,649,636.9,632.9,630.9,630.9,635.9,650.9,670.9,679.9,682,632.1,659.1,664.1,649,637,632.8,630.8,630.9,635.7,650.9,670.8,679.9,682,632.4,659,664.1,649,637,632.9,631,631,635.7,651.2,671.1,680,682,632.4,0.17,TRUE,1
248301577,06.11.2021 11:32,06.11.2021 11:35,524.2,499.6,536.8,508.8,546.8,514.9,566.7,534.3,592.7,557.9,629.7,600.9,632.8,633,632.9,632.9,659,664,648.9,636.9,632.9,630.9,630.9,635.9,650.8,670.9,679.9,681.9,632,659,663.9,648.8,637,632.9,630.8,630.9,635.7,650.7,670.7,679.8,681.9,632.1,659.1,664,649.1,637,633,631.1,631,635.7,651,671,680.1,682.1,632.1,0.32,FALSE,0
248302550,06.11.2021 11:47,06.11.2021 11:50,525.6,501.6,538.7,512.7,547.1,521.8,568.2,540.2,598.2,562.5,628.3,604.4,633.4,633,633.6,632.4,658.9,663.9,649,637,633,630.9,631.1,636.1,650.9,671,680,681.9,632.4,658.9,663.9,649,637,632.9,631,631,636,651,671,680,682,632,659.1,664,649.1,637,633,631,631,636,651,670.9,680,682.1,632,0.12,TRUE,1
248304442,06.11.2021 12:13,06.11.2021 12:16,525.1,499.5,536.8,509.7,547.2,515,566.8,535,595,556.7,630,600.4,633.3,633.2,632.9,633.2,659.1,664.2,649.1,637.1,633.1,631.2,631.1,636,651.1,671.1,680,682.2,632.1,659.1,664,649.2,637,633,631,631,636,650.9,670.9,680,682,631.9,659,664,649,637,632.9,631,631,636,651,671,680,681.9,631.9,0.05,TRUE,1
248304564,06.11.2021 12:15,06.11.2021 12:18,524.2,499.3,536.9,509.6,547.1,514.9,566.5,535.1,594.8,556.7,630,600.3,632.8,633,632.9,633.1,659,664,649,636.9,632.9,631,631,635.9,650.9,670.9,679.9,681.9,632,659,664.1,649.2,637.1,633,631,631.1,636,651.1,671.1,680,682.1,632.3,659,664,649.1,637,633,631.1,631.1,636,651,670.9,679.9,681.9,632.3,0.06,TRUE,1
248304596,06.11.2021 12:15,06.11.2021 12:18,524.6,499.2,537,509.6,547.3,514.9,567,535,595,556.7,629.8,600.3,633.3,633,632.9,633.2,658.9,664,649,637,633,630.9,631,636,650.9,671,679.9,681.8,632,658.9,663.9,649,637,633,631.1,631,635.9,651,671.1,680,682.1,632.2,659,664.1,649.1,637.1,633,630.9,631.1,635.9,651.1,671.1,680,682.1,632.2,0.15,TRUE,1
248304625,06.11.2021 12:16,06.11.2021 12:19,524.5,499.8,536.8,509.7,547.1,515,566.7,535.1,594.8,556.7,630.2,600.2,633,633,633,633.3,659.1,664,649,637.1,633,631,631,635.9,650.8,670.9,680,681.9,631.9,658.8,664,649,636.9,633,630.9,631,636,650.9,670.9,679.9,682,632,659,664,649,637.1,633.1,631,631,636,651,671.1,680.1,682.1,632,0.14,TRUE,1
248304658,06.11.2021 12:16,06.11.2021 12:19,524.5,499.9,536.7,509.9,547.2,515,566.9,535,594.9,556.6,630,600.1,632.9,632.8,632.8,633.2,659.1,664.2,649,637,633,631.1,631,636,650.9,670.9,679.9,681.8,631.9,659,664,649.1,637.1,633.1,631,630.9,636,651,671,680.1,682,631.9,658.9,664,649,637,633,631,631,636,651.1,671,680,682.1,631.9,-0.09,TRUE,1
248304686,06.11.2021 12:17,06.11.2021 12:20,525.1,499.8,536.5,510,547,515,566.7,535,594.8,556.6,630.3,600.2,633.1,633,632.9,632.8,659.1,664.1,649.1,637,633,631.1,631,636,651,671,679.9,682,631.9,658.9,664,649,637.1,633.1,631.2,631.2,635.9,650.9,670.9,680.1,681.9,631.8,659,664,648.9,637,632.9,631,631.1,635.9,651,671,680,682,631.8,0.08,TRUE,1
248304808,06.11.2021 12:19,06.11.2021 12:22,524.8,499.5,536.9,510.3,547,514.9,566.9,534.9,595.2,556.6,629.8,600.3,633.1,633.1,632.9,633.1,659,664,648.9,636.9,632.9,631,631,636,651,671,680,682.1,632,659.1,664.1,649.2,637.1,633,631.1,631.1,636.1,651,670.9,680,682,632.1,659,663.9,649,636.9,632.9,631,631,636.1,651,671.1,680.1,682,632.1,0.22,FALSE,0
248304840,06.11.2021 12:19,06.11.2021 12:22,524.4,499.8,537,510.3,547.1,514.9,567,534.9,594.7,556.5,630.2,600.4,633.1,633.2,633.1,633,659,664,649.1,637.1,633.1,631,631,636.2,651,671,680,682,632,659,663.9,649.1,636.9,633.2,631.3,631,635.9,651.1,671.1,680,682.1,632.2,659,664,648.9,637.1,633,631,631,635.9,651,671,679.9,682,632.2,0.11,TRUE,1
248304869,06.11.2021 12:20,06.11.2021 12:23,525,500,536.5,510.2,547.1,514.9,566.8,535,595.1,556.5,629.8,600.4,633,633.1,632.9,633.2,658.9,663.9,649,637,633,631,630.9,635.9,650.9,671,680,682,632,659,664,649,637.1,633,631.1,631.2,636.1,651.2,671.2,680,682.1,632.2,659.1,664,649.1,637.1,633,631.1,631.1,636.1,650.9,671,679.9,681.9,632.2,0.3,FALSE,0
248304930,06.11.2021 12:21,06.11.2021 12:24,525.2,499.6,536.6,510.1,547.1,514.9,566.6,534.9,595,556.5,630.1,600.4,633.1,633.2,632.9,633.1,659,663.9,649,637,633,631.1,630.9,636,651,670.9,680,681.9,632,658.9,664,649.2,637.1,633.1,631.1,631.3,636.2,651.1,671,680.1,682,632.1,659.1,664,649,637,633.1,631.1,631.1,636.2,651.1,671,680.1,682.2,632.1,0.56,FALSE,0
248304962,06.11.2021 12:21,06.11.2021 12:24,524.3,499.8,536.8,510,547.1,514.9,567,534.9,594.9,556.4,629.9,600.3,632.8,633.1,633,633.2,659,664.1,649,636.9,633,630.9,630.9,636,651,671,680,681.8,631.9,658.9,664,648.9,637,633,631,631,636,651,671,680.1,682,632,658.9,664,649,637,633,631,631,636,651.2,671.1,680.2,682.2,632,0.09,TRUE,1
248305130,06.11.2021 12:24,06.11.2021 12:27,525.5,507.6,536,512.2,548.5,522.9,565.7,541.1,595.2,562.2,626.7,604.9,632.9,634.9,632.1,633.8,659.1,664.1,649.2,637,633.1,631.1,631.1,636,651,671,680.1,681.9,633.1,658.9,664,649,637,633,631.1,631.1,636,651,671,680.1,682,632,659,664,649,637,633,631,631.1,636,651.1,671.1,680.1,682.1,632,0.31,FALSE,0
248305190,06.11.2021 12:25,06.11.2021 12:28,524.1,500.3,535.3,511.9,547.4,520.6,566.4,539,594.9,560.5,628.3,603.4,632.4,632.4,631.9,631.9,658.9,664,649,637,633,631.1,631,635.9,651.1,671,680,681.9,632.3,659,664.1,649,637.1,633,631,631.1,636.1,651.2,671.2,680,682.1,632.6,658.9,664,649,637.1,633.2,631,631,636.1,651,671,680,682,632.6,0.35,FALSE,0
248305251,06.11.2021 12:26,06.11.2021 12:29,524,494.5,535.8,511.1,546.8,518.5,567.2,537.1,593.5,559.1,631.3,602.4,633.3,632.3,632.6,632.4,658.9,663.9,648.9,637,633,631.1,630.9,635.9,651.1,671,680,682.2,631.6,659.1,664,649.3,637.1,633,631.3,631.2,636,651.1,671.1,680,682.1,632,658.9,664,648.9,637,633.1,631,631.1,636,651,671,680,682,632,0.23,FALSE,0
248305345,06.11.2021 12:27,06.11.2021 12:30,525,498.7,537.3,509.9,547.1,516.5,565.9,535,597.1,558.3,629.2,600.7,633.4,633.3,633,633.2,659,663.9,648.9,637,632.9,630.9,631,635.9,651,671,680,682,631.7,658.9,664,649,637,633,631,631,636,651,671,680,681.9,631.9,659.1,664,649,637,633,631.1,631,636,651.1,671,680,682,631.9,0.25,FALSE,0
248305401,06.11.2021 12:28,06.11.2021 12:31,525,501.1,536.9,509.2,547.1,515.5,566.4,534.3,596.9,557.8,630.3,600.2,633.3,633.2,632.9,633.1,658.9,663.9,649,636.9,633,630.8,630.9,635.9,650.9,670.9,680,681.9,632,659,664,649,637,633,631.1,630.9,635.9,651,670.9,679.9,681.9,632.3,658.9,664,648.9,636.9,633,630.9,630.9,635.9,651,671,680,682,632.3,0.06,TRUE,1
248305434,06.11.2021 12:29,06.11.2021 12:31,524.1,501.1,536.8,509.2,547,515.1,566.9,534.3,593,557.1,629.5,599.9,633,633.1,633.1,633,658.9,664,649,636.9,632.9,630.9,630.9,635.9,650.9,670.9,679.9,681.9,632.1,659,663.9,649,637,632.9,631,630.9,635.9,651,671,680,682,632.3,658.9,664,649.1,637,633,631,631,635.9,651.1,671.1,680,682,632.3,0.15,TRUE,1
248305462,06.11.2021 12:29,06.11.2021 12:32,524.9,500.6,536.5,509,547,514.8,566.7,534.3,596.5,557.4,630,600,632.8,633,632.9,632.8,659.1,664,649,637,633,631,631,635.9,650.9,670.8,679.9,682,632,659,664,649.2,637,633,631.1,630.9,636,650.9,670.9,680,681.9,632.2,659.1,664,649.1,637,633,631.1,631.1,636,651.1,671.1,680.1,682.1,632.2,0.25,FALSE,0
248305495,06.11.2021 12:29,06.11.2021 12:32,524.6,499.4,536.6,509.1,547.1,514.7,566.7,534.6,593.4,557,630.3,600.3,633.5,633.2,633.1,632.8,659,664.2,649,636.9,632.9,630.8,630.9,635.9,650.9,670.9,680,681.8,632,659.2,664.1,649.2,636.9,633,630.9,630.8,635.9,651,671,680,682,632.1,658.9,664,649,637,633,631,630.9,635.9,651.1,671.1,680.2,682.1,632.1,0.22,FALSE,0
248305523,06.11.2021 12:30,06.11.2021 12:33,524.4,498.4,536.7,509.3,546.9,514.6,567,534.8,596.2,557.1,629.6,600.3,632.7,633.1,633,632.9,659.1,664,649,636.9,632.9,630.9,631,635.9,650.9,670.9,680,681.9,632,659.2,664,649.2,637.1,633.1,631.2,631,636,650.9,670.9,679.9,682,631.8,659,664,649.1,637,633.1,631.1,631.1,636,651.1,671,680.1,682.1,631.8,0.19,TRUE,1
248305584,06.11.2021 12:31,06.11.2021 12:34,524.6,498.5,537,509.7,547,514.8,567.3,535.1,595.9,557.1,629.9,600.5,633,633.2,632.9,633,659.1,664.1,648.9,636.9,633,631,631.1,636.1,651,670.9,680,682.1,632.1,659.1,664.1,649.2,637.1,633.2,631.3,631.1,636.1,651.1,671,680,682,631.6,659,664,648.9,637,633,631,631,636.1,651.1,671.1,680,682,631.6,0.14,TRUE,1
248305584,06.11.2021 12:31,06.11.2021 12:34,524.6,498.5,537,509.7,547,514.8,567.3,535.1,595.9,557.1,629.9,600.5,633,633.2,632.9,633,659.1,664.1,648.9,636.9,633,631,631.1,636.1,651,670.9,680,682.1,632.1,659.1,664.1,649.2,637.1,633.2,631.3,631.1,636.1,651.1,671,680,682,631.6,659,664,648.9,637,633,631,631,636.1,651.1,671.1,680,682,631.6,0.18,TRUE,1
248305677,06.11.2021 12:32,06.11.2021 12:35,524.4,499.6,536.9,510.3,547.2,515.2,566.3,535.2,594.5,556.8,630.1,600.5,633.2,633.1,632.9,633,659,664,649,636.9,632.9,631.1,631,636,651,671,680.1,682.1,631.8,659.1,664,649.1,637.1,633,631.1,631,636,651.1,671.1,680,682,631.9,659,664,649,637.1,633,631,631,636,651,671,680,681.9,631.9,0.04,TRUE,1
248305811,06.11.2021 12:34,06.11.2021 12:37,521.5,505.2,535.2,512.4,545.1,522,565.3,540.1,593.9,561.6,629.6,604.7,631.9,634.1,631.9,633.3,659,664,649,637,633,631,631,636.1,651,671.1,680.1,682.1,632.7,659,663.9,649.1,637.1,633,631.1,630.9,636,651.1,671.2,680.1,682.1,632.3,658.9,664,649,637,633,631,631,636,651,670.9,679.8,681.8,632.3,0.34,FALSE,0
248305839,06.11.2021 12:35,06.11.2021 12:38,526.5,501.8,537.4,512.3,547.4,521,567.3,539.2,595.8,561.1,628.7,603.4,633.5,632.9,633.5,632.5,659,664,649,637,633,631.1,631.1,636,651,671,680.1,682.1,632.3,659,664,649.1,637,633,631.1,631,636,651,671.1,680.1,682,632.3,658.9,664,648.9,637,633,631,631,636,651,670.9,680,682,632.3,0.03,TRUE,1
248305872,06.11.2021 12:35,06.11.2021 12:38,523.2,498,536.3,512.1,546.7,519.9,566.4,538.1,593.6,560.1,631.9,603.1,633.2,632.2,632.9,632,658.9,663.9,649,637,632.9,631.1,631,636.2,651.1,671,680,682.1,632,659.1,664,649.1,637.2,633.1,631.1,631,636,651,670.9,679.9,681.9,632.1,659,664,649.1,637,633,631,631,636,651.1,671,679.9,681.9,632.1,0.18,TRUE,1
248305932,06.11.2021 12:36,06.11.2021 12:39,525,494.8,536.5,511.1,547,517.9,566.6,536.5,593.5,559.1,630.9,601.8,633.7,632.4,633.4,632.8,658.9,663.9,649,637,632.9,631,630.9,635.9,651,670.8,680,682,631.6,659.1,664,649.5,637.2,633,631,631,636,651,671.1,680.1,682,631.9,659,664.1,649,637.1,633,631,631,636,651.1,671,680,682,631.9,0.15,TRUE,1
248305961,06.11.2021 12:37,06.11.2021 12:40,524.5,495.7,537,510.7,547.2,517.3,567,535.8,596,558.8,629.6,601.4,632.8,632.8,632.5,633,659,663.9,649,636.9,632.9,631,630.9,635.9,650.9,670.9,679.9,681.9,631.7,659.2,664.2,649.2,637.1,633.1,631.2,630.9,636,651,671,680,682.1,631.9,659,664.1,649,637,633,631.1,631.1,636,651,671.1,680,682.1,631.9,0.14,TRUE,1
248306022,06.11.2021 12:38,06.11.2021 12:41,524.3,499.5,536.9,509.9,547,516.1,567.2,534.7,595.6,558.1,630.5,600.7,633.2,633.3,632.4,633,659.1,664,648.9,636.9,632.9,630.9,630.9,635.9,650.9,670.9,680,681.8,631.9,659,664.1,649,637.1,633,631.2,631.2,636.1,651.2,671.1,680.1,682,631.9,659,664.1,649,637,633,631,631.1,636.1,651,671,680.1,682.1,631.9,0.42,FALSE,0
248306054,06.11.2021 12:38,06.11.2021 12:41,524.4,500.4,536.6,509.3,547,515.6,565.8,534.3,594.3,557.8,629.2,600.2,632.9,633.2,633.4,633.1,659.1,664.1,649,637,632.9,631,630.9,635.9,650.9,670.8,679.9,682,632,659,664.1,649.2,637.3,633,631,631.2,636,651.2,671.3,680.1,682.1,632,659,664,649,637,633.1,631,631,636,651.1,671.1,680.1,682.1,632,-0.07,TRUE,1
248306144,06.11.2021 12:40,06.11.2021 12:43,524.2,500.2,536.8,508.9,546.8,514.5,567.3,534.5,594.9,557.2,629.9,600,632.7,632.9,632.7,633,659,664,649,636.8,632.9,630.9,631.1,636.1,651,671,680,682.1,632,659,663.9,649,637,633,631.2,631.1,636.1,651,670.9,680,681.9,632,659,663.9,648.9,637,633,631,631,636.1,650.9,670.9,680,682,632,0.17,TRUE,1
248306176,06.11.2021 12:40,06.11.2021 12:43,524.8,499,536.3,508.9,547.2,514.5,566.2,534.6,595.1,557.3,630.3,600.2,633.6,632.9,633.1,633.1,659.1,664,648.9,637,633,631.1,631.1,636,651,671,680,682,632,659,664.1,649.1,637,633.1,631.1,631.1,636,650.8,671,680,682,632.1,658.9,663.9,648.9,636.9,632.9,630.9,630.9,636,651.1,671.1,680,682,632.1,0.23,FALSE,0
248306204,06.11.2021 12:41,06.11.2021 12:43,525.1,498.1,537,509.2,547,514.5,567.4,535,594.3,557,629.7,600.1,632.7,632.9,632.9,633,658.9,664,649.1,637,633,631.1,631,636.1,650.9,670.9,679.9,682.1,631.9,659,663.9,648.9,637,632.8,631,630.9,635.9,651,671,680,682,632.1,659,664,649.1,637,633.1,631.1,631,635.9,651,671,680,681.9,632.1,0.08,TRUE,1
248306265,06.11.2021 12:41,06.11.2021 12:44,524.7,498.7,536.7,509.6,546.9,514.7,567.4,535.4,594.1,556.9,630.1,600.5,633.2,633.3,633,632.8,658.9,663.9,648.9,636.8,632.9,630.9,631,636,651,671,679.9,682,631.8,659.2,664.1,649.1,637.1,633,631.1,631,636,651.1,671,680,682,632,659.1,664.1,649,637,633.1,631,631,636,651,671,679.9,681.9,632,0.16,TRUE,1
248306294,06.11.2021 12:42,06.11.2021 12:45,524.6,498.8,536.8,509.8,547.5,515,566.3,535.4,595.9,557.2,629.5,600.5,632.7,633.2,633,632.8,659,663.9,649,637,633,630.9,630.9,635.9,650.9,670.9,679.9,681.9,631.8,659.1,664.1,649.2,637.2,633.1,631.1,631.1,635.9,651,670.9,679.9,682,631.9,659.1,664.1,649.1,637.1,633.1,631.1,631.1,635.9,651.1,671,680,681.9,631.9,0.05,TRUE,1
248306326,06.11.2021 12:42,06.11.2021 12:45,524.9,499.5,536.6,510.2,546.6,515.1,567.2,535.3,593.7,556.8,630.4,600.5,633.4,633.1,632.9,632.9,659,664,648.9,636.9,632.9,630.9,630.9,636,651,671,680,681.8,631.8,659.1,664.1,649.1,637.2,633.1,631.2,631,636,651.1,671.1,680,682,631.9,659,664,649.1,636.9,632.9,630.9,631.1,636,651.2,671,680,682.1,631.9,0.01,TRUE,1
248306387,06.11.2021 12:43,06.11.2021 12:46,524.8,500.1,536.5,510.7,546.8,515.1,566.8,535,593.8,556.7,630.5,600.4,633,632.9,632.8,633,659,664,649,637,633,631,630.9,635.8,650.9,670.9,679.9,681.9,631.9,658.8,663.9,649,637,633.1,631.2,631.2,636.1,651.1,671.1,680,682,631.9,658.9,663.9,649,636.9,632.9,631,631,636.1,651.2,671.1,680.1,682.2,631.9,0.14,TRUE,1
248306415,06.11.2021 12:44,06.11.2021 12:47,524.2,500.1,536.7,510.6,547.3,515.2,566.8,535,595.7,556.9,629.5,600.3,633.1,633,633.1,632.9,659.1,664.1,649,637,633,631.1,630.9,635.9,651,670.9,680,681.9,632,658.9,664,649.1,637,633,631.1,631.1,636,651.1,671.2,680.1,682,632,659,664,649,637,633,631.1,631,636,651.1,671.1,680,682,632,0.11,TRUE,1
248306448,06.11.2021 12:44,06.11.2021 12:47,524.4,499.8,536.7,510.7,546.9,515.1,566.7,534.9,594.2,556.7,630.2,600.4,633.2,633.2,632.9,632.9,659,664.1,649,637.1,633,631,631,636,650.9,671,680,681.9,631.9,658.9,663.9,648.9,637,633,631,631,636,651,671.1,680.1,682,632,658.9,664,649,637,633,631.1,631,636,651,671,680.1,682.2,632,0.01,TRUE,1
248306476,06.11.2021 12:45,06.11.2021 12:48,524.9,499.4,536.5,510.5,547.2,515.1,566.9,534.9,595.3,556.7,630.1,600.5,633,633.2,633,633.1,659,664,649,637,633.1,631.1,631,635.9,650.9,671,680,682,632,658.9,664,649.1,637.1,633.1,631,631,636,651.1,671,679.9,681.9,632,658.9,664,649,637,633,630.9,631,636,651,671,679.9,681.9,632,0.05,TRUE,1
248306509,06.11.2021 12:45,06.11.2021 12:48,524.8,499.1,537,510.4,547,515,566.6,534.9,594.7,556.6,630.2,600.4,633.4,633.2,633,633.2,659,664.1,649,637,633,631,631.1,636.1,651,671.1,680.1,682.1,632.1,658.9,663.9,649.1,637,633,631,631,636,651,671,680,682,632.1,659,664,649.1,637.1,633.1,631,631,636,651,670.9,680,681.9,632.1,0.25,FALSE,0
248306537,06.11.2021 12:46,06.11.2021 12:49,524.7,499.4,536.6,510.2,547.3,515,567.1,534.9,594.9,556.7,629.9,600.3,633.1,633.1,632.9,633.3,659,664,649,637,633,631,631,635.9,651,671,679.9,682.1,632,659,664,649.1,637,632.9,631,631.1,636,650.9,671,680,682,632.1,658.9,664,648.9,636.9,632.9,631,631.1,636,651,671,680,682,632.1,-0.02,TRUE,1
248306569,06.11.2021 12:46,06.11.2021 12:49,524.4,499.7,537,510,546.9,514.9,566.4,535,594.9,556.7,630.1,600.3,633.4,633,633.1,633.2,659,664,649.1,637,633,631,631,636,650.9,671.1,680,682.1,632.1,659.1,664.1,649,637.1,633,630.9,631,636,651,671,680,682,632,659,664,649,637,633,631,631.1,636,651,671,680,681.8,632,0.09,TRUE,1
248306598,06.11.2021 12:47,06.11.2021 12:50,524.9,499.8,536.8,509.8,547,514.9,567.2,535.1,594.7,556.6,629.9,600.3,633.1,633.1,632.8,633,658.8,663.8,648.9,637,632.9,630.9,630.9,635.8,651,671,680.1,682.1,632,659.1,664.1,649.3,637.1,633.2,631.1,631,636,651,670.9,680,682,632,659,664,649.1,637,633,631.1,631,636,651,671,679.9,681.9,632,0.19,TRUE,1
248306630,06.11.2021 12:47,06.11.2021 12:50,524.8,499.6,536.8,509.6,547.3,515,566.5,535.1,595.3,556.7,629.8,600.3,633.1,633,633.2,633.2,658.9,663.9,649,636.9,632.9,630.9,631,636,650.9,670.9,680,682,632,659.1,664.1,649.1,637,633,631.2,631.1,636,650.9,671,680,682,631.9,659.1,664.1,649,636.9,632.9,631,631,636,651.2,671,680,681.9,631.9,0.13,TRUE,1
248306659,06.11.2021 12:48,06.11.2021 12:51,524.6,499.3,536.8,509.5,547,514.9,567.2,535.1,594.5,556.5,630.3,600.3,633.3,633,632.8,633.1,658.9,663.9,649,637,633,631,630.9,635.9,650.8,670.9,680,682,632,659.1,664.1,649.3,637.1,633.1,631.1,631.1,636,651.1,671.1,680,682.1,631.9,659,664,649.2,637,633.1,631.1,631,636,651,670.9,680,682,631.9,0.06,TRUE,1
248306720,06.11.2021 12:49,06.11.2021 12:52,524.3,499.3,536.9,509.7,547,514.9,567,535.1,594.5,556.5,630.2,600.5,633,633.4,632.8,633,659.1,664,649,637,633.1,631.1,631,635.9,650.9,670.9,679.9,681.9,631.8,659.1,664.1,649.3,637.2,633.2,631.1,631,636,651.1,671.2,680,682.1,632.6,659.1,664,649,637,633,631,631.1,636,651.1,671.1,680.1,682.1,632.6,0.06,TRUE,1
248306781,06.11.2021 12:50,06.11.2021 12:52,524.8,499.4,536.7,510,547.1,515,566.8,535,594.4,556.4,629.9,600.4,633,633.1,632.7,633.2,659.1,664,649.1,637.1,633.1,631.1,631,636,650.8,670.9,679.9,681.9,632,658.9,664,649.2,637.2,633.1,631.1,631.1,636.1,651.1,671.1,680,682,631.7,659.1,664.1,649.1,637.1,633,631,631.1,636.1,651.1,671.1,680,682,631.7,0.11,TRUE,1
248306809,06.11.2021 12:50,06.11.2021 12:53,524.6,500.3,536.8,510.1,547,515,566.8,535.1,595.2,556.6,630.2,600.3,633.2,633.1,633.2,633.2,659,664,649.1,637,633,631,631,635.9,650.9,671,680.1,682,631.9,658.9,664,649.1,637.1,633,631.1,631.1,636.1,651.2,671.1,680,682,631.9,658.9,663.9,648.9,637,633.1,631,631.1,636.1,650.9,671,679.9,681.9,631.9,0.16,TRUE,1
248306842,06.11.2021 12:50,06.11.2021 12:53,524.5,500,536.7,510.2,547.4,515.1,566.8,535,594.6,556.4,630,600.4,633,632.9,632.8,633.2,659,664.1,649,637,633,631,630.9,636,651,671.1,680.1,682,632.1,658.9,663.9,648.9,637,633.1,631.1,631,636.1,651.1,671,680,681.9,632,658.9,664,649,637.1,633,631,631,636.1,651,671,680.1,681.9,632,0.17,TRUE,1
248306870,06.11.2021 12:51,06.11.2021 12:54,524.9,500,537,510.2,546.8,515,566.8,535,595.4,556.6,630.1,600.3,633.5,633,633,633.3,659.1,664.1,649.1,637,633,631,631.1,636.2,651,671.1,680,682.1,632,659,664,649.1,637.1,633,631.1,631.1,636,651,671.1,680,682,632.3,659,664,648.9,637,633,630.9,631,636,651,671,680,682,632.3,0.29,FALSE,0
248306931,06.11.2021 12:52,06.11.2021 12:55,525.1,499.6,536.8,510.3,546.9,515,566.7,534.9,595.4,556.5,629.9,600.2,633.2,633,633.1,633.1,659,664.1,649,637,633,631,631,636.1,651,671,680,682,632.1,659.2,664,649,637,633,631,631.1,636,651.1,671,679.9,681.9,632.2,659.1,664,649,637,633,631,631,636,650.9,671,679.9,681.9,632.2,0.22,FALSE,0
248306963,06.11.2021 12:52,06.11.2021 12:55,524.5,499.2,536.7,510.3,547.1,514.9,566.9,534.9,594.5,556.4,630.2,600.3,633.3,633.2,632.9,632.9,659,663.9,649,637,633.1,631,631,636,651,671,680,682,632.1,658.9,663.9,649,637,632.9,631,630.8,636,651,671,679.9,682,632,659.1,664.1,649.1,637,633,631,630.9,636,650.9,671,679.9,681.9,632,0.17,TRUE,1
248306992,06.11.2021 12:53,06.11.2021 12:56,525.3,499.1,536.7,510.3,547.2,515,566.7,534.9,595.4,556.5,629.6,600.2,632.9,633.4,633.2,632.8,659,663.9,649,637,633,631.1,631,636.1,651,671,679.9,681.8,631.9,659,664,649.2,637,633.1,631.1,631,636,650.9,670.9,679.9,682,631.9,659.1,664,649.1,637,633,631.1,631,636,651.1,671,680.1,682,631.9,-0.05,TRUE,1
248307024,06.11.2021 12:53,06.11.2021 12:56,523.8,498.8,537,510.2,547.4,515.1,567.2,535,594.4,556.4,630.2,600.4,633.1,633.5,632.9,632.9,659,663.9,649,637,633,631.1,631,636.1,650.9,670.9,679.9,681.9,632.1,659.1,664.1,649.1,637.2,633,631,631,636,651.1,671,680,682,631.8,658.9,664,649,637,633.1,631.1,631,636,651,671,680,682,631.8,0.08,TRUE,1
248307053,06.11.2021 12:54,06.11.2021 12:57,524.7,499.1,536.7,510,547.2,515,566.6,534.8,595.4,556.5,630,600.4,633.1,633.5,633.1,633,659,664.1,649,637,633,630.9,630.9,635.9,651,670.9,680,681.9,632,659.1,664,649.3,637,633.1,631.2,631.2,636,651,670.9,679.9,682,631.8,659,664,649.1,637,633,631,631,636,651,671,680.1,682.2,631.8,0.3,FALSE,0
248307085,06.11.2021 12:54,06.11.2021 12:57,524.7,499.9,536.8,510,547.1,515,566.8,534.9,594.5,556.3,630.2,600.4,633,633.2,632.8,633.1,659.1,664,649.1,637,632.9,631,631,635.9,651,670.9,679.9,681.9,632,659.3,664.2,649.4,637.3,633.1,631.1,631.1,636,651.1,671.1,680,682.1,631.8,659,664.1,649,637.1,633,631,631.1,636,651,671,680.1,682.1,631.8,0.39,FALSE,0
248307114,06.11.2021 12:55,06.11.2021 12:58,524.4,500.5,536.7,510.1,547.3,515.1,566.9,535,595.2,556.5,630,600.5,633.2,633.2,633.1,633.2,659,664,649.1,637,633,631,630.9,636,651,671,680,682,631.9,659,664.1,649.1,637,633.1,631.1,631,635.9,651.1,671.1,680,682,631.9,659,664,649,637,632.9,631.1,631.1,635.9,651.1,671,680,682.1,631.9,0.08,TRUE,1
248307146,06.11.2021 12:55,06.11.2021 12:58,524.5,500.6,536.6,510.1,547.2,515.1,566.7,535,594.6,556.4,630.1,600.4,633,633.1,632.9,633.2,659.1,664.1,649.1,637,633.1,631.1,631.1,636.1,651.1,671.1,680,681.9,631.9,658.9,664,649.2,637.2,632.9,631,631.1,636.1,651.2,671.2,680.1,682.1,631.9,658.9,664,649,637,633,630.9,630.9,636.1,651,671.1,680.1,682,631.9,0.12,TRUE,1
248307207,06.11.2021 12:56,06.11.2021 12:59,524.6,499.5,536.8,510,547.3,515.1,567,535,594.7,556.3,629.8,600.4,633.1,633.2,632.8,633,659,664,649,637,633.1,631.1,631,636,651,671.1,680.1,682.2,632,659,664,649.3,637,633,631.1,631,636.1,651.1,671.1,680.1,682,632.1,659,664,649,637,633.1,631,631.1,636.1,651.1,671,680.1,682,632.1,0.08,TRUE,1
248307268,06.11.2021 12:57,06.11.2021 13:00,525.2,499.8,536.9,509.9,547.2,515,566.9,534.9,594.6,556.3,630,600.3,633.3,633.1,633,633,659,664,649.1,637,633,631,631.1,636.1,651,671.1,680,682,632,658.9,664,649.1,637.1,632.9,631.1,631,635.9,651.1,671,680.1,682,632.2,659.1,664,648.9,637,633,630.9,631,635.9,651,671,679.9,681.9,632.2,0.01,TRUE,1
248307296,06.11.2021 12:58,06.11.2021 13:01,524.4,499.6,537,509.8,547.2,515,566.9,534.9,595.4,556.4,629.7,600.3,633,633.2,633,633,659,664,649,637,633,631,631,636,651.1,671,680,682,632.1,658.9,663.9,648.9,637.1,633.2,631.1,631.2,636.2,651.1,671.2,680.1,682.1,632.6,659.1,664,649,637,633,631,631,636.2,651.1,671,680,682,632.6,0.23,FALSE,0
248307329,06.11.2021 12:58,06.11.2021 13:01,524.6,499.6,536.9,509.9,547.2,515,566.9,535,594.6,556.3,630.2,600.4,633,633.2,633,633.1,659,664,649,637,633,631.1,631,636,651,671,680,682,632.2,659,664,649.1,637.2,633.1,631.1,631,636,651,671.1,680,682,632.5,659,664.1,649.1,637,633,631.1,631,636,651,671,680,682,632.5,0.19,TRUE,1
248307357,06.11.2021 12:59,06.11.2021 13:01,524.6,499.5,536.9,509.9,547.1,515,566.7,535,595.4,556.4,629.6,600.3,633.3,633.2,632.9,633.2,659,664,649.1,637,633,631,631,636,650.9,670.9,680.1,681.9,632.1,658.8,663.9,648.9,637,633,631.1,631.1,635.9,651.1,671.1,680,681.9,631.9,659.1,664.1,649.1,637,633,631.1,630.9,635.9,651.1,671.1,680.1,682,631.9,0.11,TRUE,1
248307446,06.11.2021 13:00,06.11.2021 13:03,524.3,499.7,537,510,547.1,514.9,566.8,535,594.6,556.3,630,600.2,633.1,633,633.1,633.1,659.1,664.1,649.1,637.1,633,631.1,631.1,636.1,651,670.9,679.9,681.9,631.9,659,664,649,637,633,631,631.1,636,651,670.9,679.9,681.9,632,658.9,664,649,637,632.9,631,631,636,651,671,680.2,682.1,632,0.22,FALSE,0
248307763,06.11.2021 13:01,06.11.2021 13:04,524.7,499.4,537.2,510.1,547.1,514.8,566.9,535,594.6,556.2,629.8,600.2,633.2,633,632.9,633.1,659.1,664,649,636.9,633,631.1,631.1,636.2,651,671.1,680.1,682.1,631.9,659.1,664.1,649.3,637,633.1,631.2,631.1,636,650.9,671,679.9,682,632.3,658.9,664,649,637,633,631,631.1,636,651,670.9,680,681.9,632.3,-0.01,TRUE,1
248307796,06.11.2021 13:01,06.11.2021 13:04,525,499.3,536.5,510.1,547,514.8,566.7,535,595.2,556.3,630.3,600.3,633.2,633,633,633.1,659,664.1,649,637,633,631.1,631.1,636.1,651,671.1,680,682,631.8,659.2,664.1,649.2,637.2,633.2,631,631,636.1,651,671.1,680,682,632.3,658.9,664,648.8,637,633,631,630.9,636.1,651,671,680.1,682.1,632.3,0.18,TRUE,1
248307824,06.11.2021 13:02,06.11.2021 13:05,524.9,499.5,537,510.2,547,514.9,567.1,535.1,594.8,556.2,630.1,600.3,633.2,633,633,633.4,659,664,649,637,633,631.1,631,636,651,671,680.1,682.2,631.7,659.1,664,649.2,637.1,633,631.2,631.2,636,651,671.1,679.9,682,632.1,658.9,664,648.9,637,633,631,631,636,650.8,670.9,679.9,681.9,632.1,0.16,TRUE,1
248308108,06.11.2021 13:06,06.11.2021 13:09,524.3,493.8,535.1,512.3,547.1,520.7,566.5,538.8,593.3,560.6,628.9,603,632.6,631.7,632,632.1,658.9,664,649,637,633,630.9,631,635.9,651,671,680.1,682.1,631.5,658.8,663.9,649,636.9,632.9,631.1,631,636,651,671,680.1,682,631.8,659.1,664,649,637,633,631,630.9,636,651,670.9,679.9,681.9,631.8,0.12,TRUE,1
248308168,06.11.2021 13:07,06.11.2021 13:10,524.3,495,535.7,511.5,546.8,518.6,567,537,592.6,559.1,631.4,601.8,633,632.6,632.2,633.3,659,664,649,636.9,632.9,630.9,630.9,635.9,650.8,670.8,679.9,681.9,631.4,659,663.9,649.2,637,632.9,631,631,636,651,670.9,680,681.9,631.9,659,664,648.9,637,633,630.9,630.9,636,651,671,680,682,631.9,0.17,TRUE,1
248308196,06.11.2021 13:08,06.11.2021 13:11,525.2,496.9,537,511,546.7,517.7,565.9,536.1,597.3,559.2,628.2,600.7,633.2,633,633.7,633.6,658.9,663.9,649,636.9,633,630.9,630.9,636,651,670.9,680,681.9,631.7,659.1,664.1,649.2,636.9,632.8,630.9,630.8,635.9,651,671,680,681.9,632,659,664.1,649,637,633,631,631.1,635.9,651.1,671,680,682.1,632,0.37,FALSE,0
248308231,06.11.2021 13:08,06.11.2021 13:11,524.6,499.2,536,510.5,546.6,517,567.3,535.5,592.3,558.2,630.9,600.5,632.9,633.1,632.4,633.5,659,663.9,649.1,637,633,630.8,630.9,635.9,650.8,670.8,680,681.9,631.9,659.1,664.1,649.3,637,633.1,631.1,631.1,636,650.9,671,680,682,632,659.1,664,649,637.1,633,631,631,636,651,671,680.1,682.2,632,0.3,FALSE,0
248308407,06.11.2021 13:11,06.11.2021 13:14,524.6,498.1,536.4,508.8,546.8,514.7,566.1,534.6,593.9,557.3,630.2,600.4,633.5,633.2,633.6,632.8,659,664,649,636.9,632.9,631,631,636,651.1,671,680.1,682.2,631.9,658.8,663.9,648.9,637,633,631.1,631.1,636,651.1,671.1,680,682,632,659,664,649,637.1,633,631.1,631.1,636,651,671,680,681.9,632,0.2,FALSE,0
248308500,06.11.2021 13:12,06.11.2021 13:15,524.8,498.9,536.4,509.5,547,514.8,567.5,535.4,595.5,557.3,629.6,600.5,632.8,633.2,632.5,632.9,658.9,664,648.9,636.9,632.9,630.9,631,635.9,651,670.9,680,682,631.9,659,663.9,649.1,637,633,631.1,631,636.1,651,671,680,681.9,632,659.1,664,649,637.1,633.1,631,631.1,636.1,651,671,679.8,681.9,632,0.2,FALSE,0
248308529,06.11.2021 13:13,06.11.2021 13:16,525,499.7,536.8,510,547.2,514.9,566.2,535.3,594.3,557.1,630.3,600.5,633.4,633.2,633.6,633,659,664.1,649,637,633,631,631,636,651,670.8,680,681.8,632,659.1,663.9,649.1,637.1,633.1,631,630.9,636,651,671,680,682,632,659,664,648.9,636.9,633,631,631,636,651,671,680,682.1,632,0.22,FALSE,0
248308561,06.11.2021 13:13,06.11.2021 13:16,524.8,500.2,536.2,510.3,546.9,515,567.4,535.4,595.6,557.2,629.8,600.5,633,633.2,632.6,632.9,659,664,649,636.9,633,631,631,636.1,650.9,670.9,680,681.8,632,659,663.9,649.2,637,633,631,631,635.9,650.9,671,680,682,632,659,664,649.1,637,633,630.9,631,635.9,651.1,671,680,682,632,0.09,TRUE,1
248308744,06.11.2021 13:16,06.11.2021 13:19,524.8,499.1,536.4,510.7,546.9,514.9,567.2,534.9,594.8,556.7,629.5,600.2,632.8,633.1,632.8,633.1,659,664.1,649,637,633,631.1,631.1,636,651,671,680,682.1,632,658.9,664,649.3,637.1,633.2,631.1,631.1,636,651,671.1,680.1,682.1,631.9,659,664,649,637.1,633.1,631.1,631.1,636,651.1,671,680,681.9,631.9,0.15,TRUE,1
248308805,06.11.2021 13:17,06.11.2021 13:20,524.9,499.1,536.5,510.2,547,515,567.3,535,594.7,556.7,629.9,600.4,633,633.3,632.8,632.6,659,664.1,649,636.9,633,631,631,636.1,651,671,680.1,682.1,631.9,658.8,663.9,649.1,636.9,633,631,631,636,651,671,680,682,632,658.9,663.9,648.9,636.9,632.9,630.9,631,636,650.9,670.9,679.8,681.8,632,0.12,TRUE,1
248308833,06.11.2021 13:18,06.11.2021 13:21,524.5,499.6,537,510.1,547.1,515,566.5,535.1,595.3,556.8,629.8,600.4,633.4,633.5,633.3,632.7,659,664,649,636.9,632.9,631.1,631,636.1,650.9,670.9,680,682,631.8,659.1,664,649.2,637.1,633.1,631.1,631,636,651.1,671,680,682,632,659,664,649,637,633,631.1,631,636,651,671,680,681.9,632,0,TRUE,1
248308866,06.11.2021 13:18,06.11.2021 13:21,525.2,499.8,536.4,509.9,547.3,515,567.1,535,594.5,556.6,630.2,600.4,633,633.3,632.9,632.9,658.9,663.9,648.9,637,632.9,631,631,635.8,650.9,671,680,682,631.9,659.1,663.9,649,637,633,631.1,631,636,651.1,671,680,681.9,631.9,659,664.1,649.1,637,632.9,631,631.1,636,651,671,680,682,631.9,0.23,FALSE,0
248308894,06.11.2021 13:19,06.11.2021 13:22,524.5,500,537,509.8,547.4,515.1,566.6,535.1,595.6,556.8,629.6,600.3,633,633.1,633.1,633.2,659,664,649,637,633,631.1,631,636,650.9,670.9,680,681.9,632,659.1,664,649.1,637,633,631,631,635.9,651,671,680,682,632.1,659.1,664,649,637,633.2,631.1,631,635.9,651,671,680,682.1,632.1,0.15,TRUE,1
248308922,06.11.2021 13:19,06.11.2021 13:22,524.7,500.2,536.4,509.7,547,515,566.9,535,594.1,556.5,630.2,600.4,633.2,633.1,632.9,633.1,659.1,664,649,637,632.9,631,631,636,650.9,670.9,679.9,681.8,632,659.2,664.2,649.3,637,633,630.9,631.1,636,651,671,680,682,632.2,659.1,664.1,649.2,637,633,631,631,636,651.1,671.1,680.1,682.1,632.2,0.13,TRUE,1
248308955,06.11.2021 13:20,06.11.2021 13:22,524.9,500,536.8,509.7,547,515,566.8,535,595.8,556.8,629.7,600.3,632.9,633.1,633.1,633.2,659.1,664.1,649,637,633,630.9,631,636,650.9,671,679.9,681.8,632.1,658.9,664,649.2,637.1,633,631.2,631,635.9,651.1,671.1,680,682,632.2,659,664.1,648.9,637,633,631.1,631.1,635.9,651.1,671.1,680,682.1,632.2,0.3,FALSE,0
248308983,06.11.2021 13:20,06.11.2021 13:23,524,499.5,536.7,509.5,547.1,515,566.8,534.9,594.2,556.6,630.3,600.4,633.3,633.2,632.8,633.1,659.1,664.1,649,637.1,632.9,631,631,635.9,650.9,671,680,682,632.2,659.1,664.1,649.3,637.1,633.1,631.2,631.2,636.1,651.1,671.1,680.1,682.1,632.1,659,664.1,649.1,637.1,633.2,631.1,631.1,636.1,651.2,671.1,680.1,682.1,632.1,-0.13,TRUE,1
248309044,06.11.2021 13:21,06.11.2021 13:24,524.6,500,536.8,509.7,547.1,514.9,566.6,535,594.5,556.7,630.2,600.4,632.9,633.2,632.9,632.8,659.1,664,649,637.1,633,631.1,631,636,651,671,680,682.1,632,659,664,649.1,637.1,633,631.1,631.1,636,651.2,671.2,680.1,682.1,631.9,659,664,649,637,633,630.9,631,636,651,671,679.9,681.9,631.9,-0.03,TRUE,1
248309077,06.11.2021 13:21,06.11.2021 13:24,524.9,499.6,536.4,509.6,547.1,515,567.2,535,595.2,556.7,629.9,600.4,633.3,633.3,633,633,658.9,664.1,649,637,633,631.1,631.1,636.1,651,671.1,680,682.1,631.9,659,664.1,649.2,637.1,633.2,631.1,631.2,636.1,651.1,671.1,680.1,682,631.8,658.9,664,649,636.9,633,631,631,636.1,651.2,671,680,682,631.8,0.06,TRUE,1
248309105,06.11.2021 13:22,06.11.2021 13:25,524.4,499.3,537.2,509.8,547.2,515,566.5,535,594.8,556.7,630.2,600.4,632.9,633.3,632.9,632.9,659,664.1,649,637,633,631.1,631,636,651,671.1,680,682.1,631.9,658.9,663.9,649,636.9,633.2,631.1,631.1,636,651.1,671.1,680.1,682,631.9,659.1,664,649,637,633,631.1,631.1,636,651.1,671,680,682,631.9,0.12,TRUE,1
248309199,06.11.2021 13:23,06.11.2021 13:26,524.5,499.7,536.8,510.3,547.1,515,566.9,534.9,594.7,556.5,630.3,600.2,633,632.9,633.1,633.4,659,664,649,637,632.9,631,631,636.1,651,671,680,682,632,659,664,648.9,637.1,633,631,631.1,636,651,670.9,680,681.9,632.1,659.1,664,649,637.1,633.1,631.1,631.1,636,651,671.1,679.9,681.9,632.1,0.43,FALSE,0
248309288,06.11.2021 13:25,06.11.2021 13:28,524.6,499.2,536.5,510.2,547.3,514.9,566.8,535,595.3,556.6,629.7,600.1,633.2,633.1,632.9,633,659,664,649,637,633,631,631,636,650.9,670.9,680,682,632.1,659,664,649.4,637.2,632.9,631,630.9,635.9,651.1,671,680,682.1,632,659,664,649.1,637.1,633.1,631.1,631,635.9,651.1,671,680,682.1,632,0.03,TRUE,1
248309320,06.11.2021 13:25,06.11.2021 13:28,524.5,499,536.9,510.3,547,514.8,566.8,535,594.4,556.5,630.5,600.3,633,633.2,633,632.9,659,664,649,637,632.9,631,631,636,651,671,680,681.9,632,659.2,664.2,649.4,637.1,633.1,631.2,631.2,636.1,651.1,671.1,680,682.1,631.9,659,664,649,637,633,631.1,631,636.1,651,671.1,680.2,682.2,631.9,0.41,FALSE,0
248309381,06.11.2021 13:26,06.11.2021 13:29,524.6,499.4,537,510.1,547.2,514.9,566.9,535,594.6,556.6,630.2,600.4,633.1,633.3,633,632.9,659,664.1,649,637,633,631,631,636.1,651,671.1,679.9,681.9,631.9,659,664.1,649.2,637.1,633,631.3,631.2,636.2,651.1,671.1,680.1,682,632,659,664,649,637,633,631,630.9,636.2,651.1,671,680.2,682.1,632,0.32,FALSE,0
248309410,06.11.2021 13:27,06.11.2021 13:30,524.9,499.7,536.5,510,547,514.9,566.9,535,595.1,556.6,630.3,600.5,633.2,633.3,632.9,633,659,664,648.9,637.1,633.1,631.1,631,636,651,671.1,680,682,632,658.9,664,649.2,637,633,631.2,631.2,636,651.1,671.1,680.1,682,632,659,664,648.9,637.1,633,631,631,636,651,671,680,682,632,0.33,FALSE,0
248310072,06.11.2021 13:37,06.11.2021 13:40,524.4,499.2,536.7,509,547,514.8,567,534.4,594,557.2,629.2,600,632.8,633.1,632.8,632.9,659.1,664.1,649,637,632.9,631,630.9,635.9,650.9,670.9,679.9,681.9,632,658.9,663.9,649.2,637,633,631,630.9,636,650.9,671,680,681.9,631.9,659,664,649.1,637,633,631.1,631,636,651.1,671.1,680,682,631.9,0.33,FALSE,0
248312736,06.11.2021 14:15,06.11.2021 14:17,516.6,496.9,529.6,514,546.3,520.8,567.2,538.4,589.6,559.4,622.1,599.2,633.4,632.7,633.1,632.9,659,664,648.8,636.8,632.8,630.8,630.7,635.9,650.8,670.8,680,682.1,631.6,658.9,664,649.1,637.2,633,631.1,631.1,636,651.1,671.1,680,682,632.4,658.9,663.9,649.1,637,633,631,631,636,651,670.9,679.9,681.9,632.4,0.13,TRUE,1
248312945,06.11.2021 14:18,06.11.2021 14:21,522.3,498.3,536.9,509.1,547.2,516.5,566.7,535,596.7,558.5,627.2,600.9,632.9,632.7,632.6,632.8,659.1,664.1,648.9,636.8,632.8,630.9,630.8,635.9,650.8,670.7,679.8,681.9,631.6,659.2,664.2,649.3,637.1,633.1,631.1,631.1,635.9,651,671,679.9,682,632,659,664,649.1,637,633,631,631,635.9,651.1,671.1,680,682.1,632,0.18,TRUE,1
248314348,06.11.2021 14:40,06.11.2021 14:43,521,501.1,536.4,510.8,546.8,517.3,567.2,536.1,593.2,559.6,628.7,600.1,633,633.2,632.8,632.9,659,664,648.9,636.9,633,630.9,630.9,636,650.8,671,680.1,682.2,632,658.9,663.9,649,637,632.9,631,631,635.9,650.8,670.9,680,682,632.3,658.9,664,648.9,637,633,631,630.9,635.9,651,671,680,682,632.3,0.24,FALSE,0
248315258,06.11.2021 14:54,06.11.2021 14:57,524.8,499,536.6,510,547,515,566.5,534.9,596.2,556.8,629.9,600.3,633,633.1,632.9,633.1,659,664.1,649,636.9,632.9,630.9,631,636,650.8,670.9,679.9,681.9,632,659,664,649,637.3,633.1,631.1,631.1,635.9,651.1,671.2,680.1,682.1,632,658.9,664.1,649.1,637,633,630.9,631,635.9,651.2,671.1,680,682.1,632,0.11,TRUE,1
248315351,06.11.2021 14:55,06.11.2021 14:58,524.4,499.8,537,510.3,546.9,515,566.6,534.9,593.9,556.5,630.4,600.2,633.2,633,632.8,633.4,658.9,664,649,637.1,633.1,631.1,631,636,651,670.9,680,682,631.9,658.9,663.9,649,637,633,631,631,635.9,651,671,679.9,681.9,632.3,658.9,664,649,637,633,631.1,630.9,635.9,651,671,680.1,682,632.3,0.13,TRUE,1
248317137,06.11.2021 15:19,06.11.2021 15:22,524.8,498.8,536.8,509.4,547.3,514.7,566.6,535.1,593.6,556.7,630.5,600.5,633,633,633.2,633,659.1,664,649,636.9,632.9,631,630.9,635.9,651,671,679.9,681.8,631.9,658.8,663.9,649,637.1,633,631.2,631.2,636.1,651.1,671.2,680.1,682.1,632,659,664,649,637,633,631.1,631,636.1,651,671.1,680.1,682.1,632,0.17,TRUE,1
248318169,06.11.2021 15:35,06.11.2021 15:38,524.4,499.5,536.9,510,547.1,515,566.7,535,594.2,556.4,629.7,600.3,633.1,633.1,632.7,633,659.1,664.2,649,636.9,633,631,631,636,651,671,680,681.9,632.1,659.1,664,649.1,637.2,633.1,631.3,631.3,636.1,651.1,671.1,680.1,682.1,632,659,664,649,637,633.1,631.1,631.1,636.1,651.1,671.1,680.1,682,632,0.18,TRUE,1
248318229,06.11.2021 15:36,06.11.2021 15:39,524.4,499.1,537.1,509.8,547.2,514.9,566.6,534.9,594.6,556.5,629.9,600.4,633.3,633.3,632.9,632.9,659.1,664.1,649,637.1,633,631,631.1,636.1,651,671.1,680,682,632.1,659,664,649.1,637,633.1,631.1,631.1,636.1,651,671,680.1,682,632.4,658.9,664,649,637,633,631,630.9,636.1,651.1,670.9,680,682.1,632.4,0.2,FALSE,0
248318258,06.11.2021 15:37,06.11.2021 15:40,525,499.4,536.5,509.9,547.2,514.9,567.1,534.9,595.2,556.5,630.3,600.5,633.1,633.1,633,633.2,659,664,649.1,637.1,633.1,631.1,631,636,651,671,680,682,632,659.1,664.1,649,637.1,633,631,631,636,651.1,671,680,682,632.3,658.9,663.9,649,637.1,633,631,631,636,651.1,671,680,681.9,632.3,0.14,TRUE,1
248318291,06.11.2021 15:37,06.11.2021 15:40,524.7,499.8,537.1,510,547.2,515,566.6,535,594.8,556.4,629.9,600.3,633,633,632.9,633.4,659.1,664,649.1,637,633,631,631,636.1,651,671.1,680,682.1,632,659.2,664.1,649.3,637.2,633.1,631.1,631.2,636,651.1,671.1,680,682,632.1,658.9,663.9,649,637,633,631,631,636,650.9,671,679.9,681.9,632.1,0.02,TRUE,1
248318319,06.11.2021 15:38,06.11.2021 15:41,524.4,500,536.7,509.9,547.1,515,567.1,535,594.9,556.4,630.2,600.3,633.3,633,632.9,633.3,659,664.1,649,636.9,633,631,631,636,651.1,671.1,680,682.1,631.9,659.2,664.1,649.2,637.3,633.1,631.2,631.2,636.1,651.1,671.1,679.9,682,631.9,658.9,663.9,648.9,636.9,632.9,631,630.9,636.1,651,671,680,681.9,631.9,0.06,TRUE,1
248318351,06.11.2021 15:38,06.11.2021 15:41,524.7,500,537,509.8,547.3,515.1,566.6,534.9,595.2,556.5,630,600.2,633,632.9,632.9,633.2,658.9,664,649,637.1,633,631,631,636.1,651.1,671.1,680,681.9,631.9,659.1,664,649.3,637.2,633.1,631,631.1,636.1,651.2,671.1,680,682,631.8,659,664,648.9,636.9,633,631,631,636.1,650.9,671,679.9,681.9,631.8,0.18,TRUE,1
248318380,06.11.2021 15:39,06.11.2021 15:42,524.6,500,536.8,509.7,546.9,515,567.2,535,594.7,556.4,630.1,600.2,633.3,633,633,633.2,659,664,649,636.9,633,631,631,636,651.1,671.1,680.1,682,631.9,659,664.1,649.1,637.1,633.1,631.1,631.2,636.2,651.2,671.2,680.1,682.1,631.8,659.1,664,649.1,637.1,633,631.1,631,636.2,650.9,670.9,679.9,681.9,631.8,0.09,TRUE,1
248318412,06.11.2021 15:39,06.11.2021 15:42,524.7,499.4,537,509.7,547.4,515,566.7,534.9,595.1,556.4,629.9,600.2,633,633.1,633,633.2,659,663.9,649,637,633,630.9,631,636.1,651.1,671,680,681.9,631.9,658.9,664,649.2,637,633,631.1,631,636,651.1,671.1,680,682,631.8,659,664,649.1,637,633.1,631,631.1,636,651.1,671,679.9,682,631.8,0.15,TRUE,1
248318473,06.11.2021 15:40,06.11.2021 15:43,524.5,499.3,537,510,547.4,514.9,566.8,535,595.2,556.4,629.8,600.3,632.9,633.3,632.9,633,659,664,649,637,633,630.9,631,636.1,651,671,680,681.9,632.1,658.9,663.9,649,637,633,631.1,631,636,651,670.9,680,681.9,632,659,664,649,637,633,631,631,636,651.1,671,680.1,682.1,632,0.26,FALSE,0
248318534,06.11.2021 15:41,06.11.2021 15:44,524.6,499.6,537,510.2,547.4,515,566.8,535,595,556.3,629.9,600.3,632.7,633,632.8,633,659,664.1,649.1,637,633,630.9,631,636,651,671,679.9,682,632.1,659.1,664,649,637.1,633,631.1,631.1,636,651,670.9,680,681.9,632,658.9,664,649,637,633.1,630.9,630.9,636,651,671,680.1,682,632,0.15,TRUE,1
248318563,06.11.2021 15:42,06.11.2021 15:45,524.5,500,536.6,510.3,547,514.9,566.7,535,594.8,556.4,630,600.3,633.4,633.2,633,633.1,659.1,664,649,637.1,633,631.1,631,636.1,651,671,680,682.1,632.1,659.1,664,649.1,637.1,633,630.9,630.9,636,651,671,680,682,632,659,664.1,649,637,632.9,631,630.9,636,651.1,671,680,682,632,-0.07,TRUE,1
248318623,06.11.2021 15:43,06.11.2021 15:46,524.6,500,536.9,510.3,547.1,515.1,566.7,535,595.1,556.4,630,600.4,633.1,633.2,633,633.1,659.1,664.1,649,636.9,633,631.1,631.1,636.2,651.1,671.1,680,682.2,632,659.1,664.1,649.1,637.1,633,631.1,631.1,636,650.9,670.9,679.9,682,631.9,659,664,648.9,637,633,631,631,636,651,671,680.1,682.1,631.9,0.21,FALSE,0
248318924,06.11.2021 15:47,06.11.2021 15:50,514,501.7,536.9,513.6,546.1,524.7,565.5,542.3,596.2,564.2,629.6,605.1,633.5,632.9,633.9,632.2,659,664.1,649.1,637,633,631,631.1,636,651.1,671,680,681.9,632.7,658.9,663.9,648.9,637,632.9,631.1,631.1,636,651.1,671.2,680.1,682,632,659,664.1,649,637.1,633.1,631.1,631,636,651,671,680.2,682.2,632,0.3,FALSE,0
248319013,06.11.2021 15:49,06.11.2021 15:52,520.6,494.1,534.4,512.6,546.6,520.5,567.8,538.8,594.2,560.9,631.3,602.9,632.7,632.4,632.6,632.8,659,664,648.9,636.9,632.9,630.9,631,635.9,651,671,680,682,631.5,659,664,649.2,637.1,633,631.1,631,636,651,671,680,681.9,631.9,659,664,649,637,633,631.1,631,636,651.1,671.1,680.1,682.1,631.9,0.11,TRUE,1
248319046,06.11.2021 15:49,06.11.2021 15:52,521.2,495.6,538.6,512.1,547.6,519.5,565.8,537.7,596.6,560.7,629,602,633.3,632.7,633.1,633.2,659,664.1,648.9,636.9,632.9,631,631,636,651,671,680,682.2,631.5,659,664,649,636.9,633,631.1,631.1,636,651.1,671,680,682,632,659,664,648.9,636.9,633,631,631,636,651.1,671,680,682,632,0.29,FALSE,0
248319074,06.11.2021 15:50,06.11.2021 15:53,522.7,497.9,535.1,511.6,546.6,518.5,567.6,537,593.3,559.5,630.5,601.5,632.9,633,633.1,633.2,658.9,664,649,637,633,631,631,636,651,671,680.1,682.1,631.6,659,664,649.3,637,633.1,631.2,631.1,636,650.9,670.9,680,682,632,659,663.9,649,637,633,631,631,636,651,670.9,680,682,632,0.04,TRUE,1
248319135,06.11.2021 15:51,06.11.2021 15:54,523.8,501.4,535.7,510.5,546.8,517,567.6,535.7,593.1,558.5,629.6,600.5,632.5,633.2,633.5,633,658.9,663.9,648.9,636.9,632.9,631,630.9,635.9,650.9,670.8,680,681.9,631.8,659,664.1,649.4,637.1,633,631,631.2,636,651,671.1,680,682.1,632,659,664.1,649,637,633,631.1,631,636,651,671,680,682,632,0.08,TRUE,1
248319163,06.11.2021 15:51,06.11.2021 15:54,524.5,501.1,537.8,509.9,547.2,516.5,566.1,535.1,597,558.6,630.2,600.4,633.4,633.3,632.4,632.7,658.9,663.9,648.9,637,632.9,630.9,630.9,635.9,650.9,670.9,680,682,632,659.1,664,649,637.1,633.1,631.2,631.2,636.1,651.2,671.1,680,682.1,632,659.1,664.1,649,637,633,631,631.1,636.1,651,670.9,679.9,682,632,0.26,FALSE,0
248319346,06.11.2021 15:54,06.11.2021 15:57,524.9,498.4,536.5,508.8,546.7,514.6,567.2,534.7,596.2,557.5,629.6,600.4,633.3,633.2,633.2,633.1,659.1,664,649,637,633.1,631.1,631,635.9,651,671,680.1,682.1,631.8,659,664,649,637.1,632.9,630.9,631,635.9,651.1,671.1,680,682,632,659,664,649,637,633.1,631.1,631.1,635.9,650.9,670.9,679.9,681.9,632,0.13,TRUE,1
248319379,06.11.2021 15:54,06.11.2021 15:57,524.4,498.7,536.9,508.9,547.3,514.7,566.4,534.9,593.9,557.3,630.6,600.6,633,633.2,632.6,632.9,659,664,649.1,637,633.1,631,630.9,636.1,651,670.9,680.1,682.1,631.8,659,663.9,649,637.1,633,631,631.1,636,651,671.1,680.1,681.9,632,658.9,664,649,637,633.1,631,630.9,636,651,670.9,680,681.9,632,0.07,TRUE,1
248319407,06.11.2021 15:55,06.11.2021 15:58,525.3,499.7,536.5,509.4,546.8,514.7,567.5,535.2,595.9,557.4,629.8,600.5,633.3,633.2,633.4,633,659,664,649,636.9,633,630.9,631,636,651,670.9,680,682,631.8,659.1,664,649.3,637.1,633,631.1,631,636.1,651.1,671,680,682,632,659,664.1,649.1,637,633,631,631,636.1,651,671,679.9,681.9,632,0.15,TRUE,1
248319440,06.11.2021 15:55,06.11.2021 15:58,524.5,500.1,537.2,509.8,547.1,514.7,566.1,535.3,594.3,557.2,630,600.4,633.1,633.2,632.4,632.9,658.9,663.9,649.1,637.1,633.1,631.1,630.9,635.9,651,671,680.1,682,632,659.2,664,649.2,637.1,633.1,631.2,631.2,636,650.9,671,680,682,632.1,659,663.9,649,637.1,633,631.1,631,636,651,671,679.9,681.9,632.1,0.16,TRUE,1
248319529,06.11.2021 15:57,06.11.2021 16:00,524.6,499.7,536.4,510.7,546.9,515.1,567.7,535.3,595.1,557.1,630.1,600.4,633.2,633,633.4,633.1,658.9,663.9,649,637,633,630.9,630.9,635.8,650.9,671,680,681.9,632,658.9,664,649,637.1,633,631.1,631.1,636,651.1,671.1,680.1,682.1,632,659.1,664.1,649,637.1,633.1,631.1,631,636,651,671,680,682.1,632,0.18,TRUE,1
248319623,06.11.2021 15:58,06.11.2021 16:01,524.4,499.6,536.9,510.9,547.2,515.1,566.4,534.8,595,556.9,630,600.3,633,633,632.9,633,659,664,649,636.9,632.9,630.8,630.9,635.9,650.9,670.9,680,681.9,631.8,658.8,663.9,649.1,637,633.2,631.1,631.1,636,651,671,680.1,681.9,632,658.9,664,648.9,637,633,631,630.9,636,651.1,671.1,680.2,682.2,632,0.18,TRUE,1
248319651,06.11.2021 15:59,06.11.2021 16:02,524.8,499.7,536.5,510.8,546.9,515,567,534.8,594.7,556.8,630,600.3,633.1,633.1,632.8,633,659,664,649.1,637,633,631.1,631.1,636,651,671,680,682.1,631.8,658.9,663.8,649.1,637,633,631,631,636.1,651,671.1,680.1,682,632,659,664,649,637,633,631.1,631.1,636.1,650.9,671.1,680.1,682,632,0.15,TRUE,1
248319683,06.11.2021 15:59,06.11.2021 16:02,524.5,499.6,537.1,510.6,547.1,515,566.5,534.8,595.3,557,630.3,600.3,633.4,633.2,633.2,633.2,659,664,649,637.1,633.1,631.1,631,636.1,651.1,671,680.1,682,631.9,659,664,649.1,637.1,632.9,631,631,635.9,651,671.1,680,682,632,659,664,649,637,633.1,631.1,631,635.9,651,671,680,682,632,0.3,FALSE,0
248320029,06.11.2021 16:01,06.11.2021 16:03,524.6,499.6,536.6,509.7,547,514.9,566.9,535.1,594.6,556.9,629.8,600.4,632.9,633.3,632.6,632.9,658.9,664,649,637,633,631,631,636,651,670.9,680.1,682,632,659.1,664.1,649.2,637,633.1,631.1,631.1,636,651,671,679.9,681.9,632.1,658.9,664,649,636.9,632.9,631,631,636,651,671,680,682,632.1,0.1,TRUE,1
